text,label
"I am calling from SBI fraud department, tell me the OTP to block the fraudulent transaction. Failure to provide the code now will result in your card being blocked.",OTP Scam
"Hi, transaction cancel karne ke liye OTP zaruri hai, turant share karein",OTP Scam
"reminder: We need the verification code to process your refund, plz share it!!!",OTP Scam
"Congratulations! As part of our festival celebrations, your number was chosen among thousands of participants to win a brand new car. To process your prize, a small registration and tax fee is required. Plz visit [LINK] to complete the claim process before the offer expires.",Lottery Scam
Your KYC verification has expired. Pls update it today itself to avoid account suspension.,KYC Scam
"courier deliver nahi hua, refund lene ke liye [link] pe details bhariye",Refund Scam
"CONGRATULATIONS! AS PART OF OUR FESTIVAL CELEBRATIONS, YOUR NUMBER WAS CHOSEN AMONG THOUSANDS OF PARTICIPANTS TO WIN A BRAND NEW CAR. TO PROCESS YOUR PRIZE, A SMALL REGISTRATION AND TAX FEE IS REQUIRED. PLEASE VISIT [LINK] TO COMPLETE THE CLAIM PROCESS BEFORE THE OFFER EXPIRES.",Lottery Scam
"refund stuck, share otp to release it",Refund Scam
"ok so, Your payment could not be verified. Approve the request on BHIM UPI to confirm the transaction.",UPI Scam
Let's finalize the guest list for the housewarming party.,Safe
Share the code with me and I'll process your pending refund right away,OTP Scam
"Work from home, ₹10,000/day, DM to apply!!!",Fake Job
You have received a payment request of ₹500 on Google Pay. Approve it to receive the money.,UPI Scam
"✅ aapko ₹10,000 ka collect request aaya hai, accept kar lijiye paise milenge",UPI Scam
"You have received a payment request of ₹1,200 on Paytm. Approve it to receive the money.",UPI Scam
"heyy u won ₹2,500 in our lucky draw, msg us on [PHONE] to claim it",Lottery Scam
"Work from home, [AMOUNT]/day, DM to apply!!!",Fake Job
"Quick update: quick, accept the request i sent, its ur cashback of ₹99",UPI Scam
"The plumber fixed the leak, everything's working fine now!!!",Safe
"btw, Your electricity bill refund of [AMOUNT] is pending, share your account number to process it.",Refund Scam
"hey ur Amazon refund of ₹15,000 is ready, just confirm ur bank details here [LINK].",Refund Scam
"Dear applicant, thank you for your interest in our organization. We are pleased to inform you that you have been selected for a work-from-home position involving simple online tasks. To activate your employee ID and receive your first task, kindly deposit a refundable amount of ₹799, which will be returned along with your first salary!!!",Fake Job
"Your courier could not be delivered and a refund of ₹3,300 is due. Share your UPI ID at [LINK]. 💰",Refund Scam
"Your SIM card KYC needs re-verification, or your services may be disconnected within 30 minutes!!!",KYC Scam
"badhai ho! aap ₹2,500 ke voucher ke winner hain, [LINK] pe claim karein",Lottery Scam
"I found a great recipe for dinner tonight, want to try it?",Safe
"the recruiter's email came from the official company domain, so I trust it.",Safe
Your BHIM UPI account shows a pending transaction. Approve it now to avoid cancellation.,UPI Scam
"⚠️ Dear customer, as per our records ur recent order was cancelled and a refund of ₹4,999 is due to be credited to your account. To ensure the refund reaches the correct account, please confirm your bank details and registered mobile number through the secure link provided.",Refund Scam
"Quick update: You have received a payment request of ₹1,200 on BHIM UPI. Approve it to receive the money.",UPI Scam
Ur income tax refund of ₹500 has been approved. Verify your bank details at [LINK] to receive the amount.,Refund Scam
"it's good practice to verify any refund message directly through the official app, not links in SMS",Safe
"Dear Account Holder, We are unable to process your last request due to incomplete details. Click [LINK] to confirm it was you. This is a final reminder before suspension. - Online Banking Team",Phishing
"Dear Valued Customer, We are unable to process your last request due to incomplete details. Please re-enter your login details on the page linked below. Access will be permanently removed if not verified soon.",Phishing
"👉 hey the bank just sent u a code, what does it say? need it to fix ur account",OTP Scam
"hey ur the shopping site refund of ₹99 is ready, just confirm ur bank details here [link]",Refund Scam
"FYI - A refund of ₹25,000 is pending. Enter your UPI PIN to receive it",UPI Scam
"refund process karne ke liye otp chahiye, jaldi bata dijiye.",OTP Scam
can you drop the kids to school tomorrow morning?,Safe
MY [BANK] STATEMENT SHOWS THE SALARY CREDIT CAME IN ON THE 1ST AS USUAL.,Safe
card block hone se bachane ke liye code batao jaldi!!! ✅,OTP Scam
"Your refund is ready, confirm details at [LINK].",Refund Scam
"Kindly tell me the OTP to confirm your identity as per RBI guidelines. This is your last chance, share the OTP or the transaction will be reported as fraud.",OTP Scam
"FYI - Good afternoon, this is regarding your recent Google Pay transaction which appears to be flagged for review. To release the hold and confirm this was you, our verification system has sent a one-time code to your registered mobile number. Kindly read it out so we can immediately clear the transaction and restore full access to your wallet.",OTP Scam
"aapka payment BHIM UPI pe pending hai, jaldi accept karein warna cancel ho jayega 👉",UPI Scam
My friend asked me to split the dinner bill through Paytm!!!,Safe
Transferred ₹500 to my brother for his college fees via UPI.,Safe
"aapka UPI kyc na hone ki wajah se band ho sakta hai, abhi verifyy karein [LINK]",KYC Scam
"Dear customer, we detected unusual activity on your account. To prevent temporary suspension, please complete verification through the provided link immediately. [BANK] takes your account security seriously and this step is necessary to protect your funds!!!",Phishing
"💰 Action required — your card access will be suspended within 30 minutes, resolve at [LINK]!!!",Phishing
We are unable to process your refund without your UPI PIN confirmation!!!,UPI Scam
"Accept the payment request to receive ₹2,500.",UPI Scam
"Btw, Read an article today about how UPI scams are increasing during festival season.",Safe
Heads up: card block hone se bachane ke liye code batao jaldi,OTP Scam
READ AN ARTICLE TODAY ABOUT HOW UPI SCAMS ARE INCREASING DURING FESTIVAL SEASON.,Safe
"Hi, Your payment was received successfully.",Safe
"THE WIFI AT HOME IS ACTING UP AGAIN, CAN YOU CHECK THE ROUTER?",Safe
"BHAI ACCOUNT BLOCK HONE WALA HAI, JALDI SE [LINK] PE VERIFY KAR",Phishing
"quick note - ur upi kyc not done, complete it [LINK] today itself. 🚨",KYC Scam
"There's been a rise in fake KYC messages lately, please be careful before clicking any links.",Safe
"Hello, Your email linked to [BANK] internet banking needs re-verification. Log in through [LINK] and re-confirm your credentials. Failure to act will result in account closure.",Phishing
"FYI - SBI security alert: unusual login detected, confirm identity at [LINK] right now.",Phishing
"Heads up: Hi, Our system flagged suspicious activity linked to your [BANK] profile. Click [LINK] to confirm it was you. Delay may lead to your card being blocked. - [BANK] Alerts ❗",Phishing
"Your merchant payment of ₹500 is on hold, approve the collect request to release it. ❗",UPI Scam
"Dear applicant, thank you for your interest in our organization. We are pleased to inform you that you have been selected for a work-from-home position involving simple online tasks. To activate your employee ID and receive your first task, kindly deposit a refundable amount of ₹10,000, which will be returned along with your first salary.",Fake Job
"This is HDFC customer care, please confrm the OTP you received for security purposes.",OTP Scam
"Government scheme is hiring work-from-home staff for online surveys, join now and earn ₹2,500 daily.",Fake Job
"We need the verification code to process ur refund, please share it. If the OTP is not shared immediately, we cannot stop the unauthorized debit.",OTP Scam
"Sir, I always verfy a job offer by checking the company's website directly.",Safe
"Dear customer, as per our records ur recent order was cancelled and a refund of ₹25,000 is due to be credited to your account. To ensure the refund reaches the correct account, please confirm your bank details and registered mobile number through the secure link provided.",Refund Scam
"❗ PAN verify nahi hua hai, jaldi kyc complete karo warna account freeze ho jayega",KYC Scam
"👉 refund pending, click [LINK] to claim ₹4,999.",Refund Scam
Your bank locker access requires updated KYC. Plz complete verification at [LINK].,KYC Scam
SIR REFUND KE LIYE APNA UPI PIN DAAL DIJIYE 🚨,UPI Scam
"Ok so, My salary got credited to my [BANK] account this morning.",Safe
"quick, accept the request i sent, its ur cashback of ₹4,999",UPI Scam
"get hired instantly for a WhatsApp-based data entry job, no interview required, apply at [LINK].",Fake Job
"Hi, I'm going for a morning walk, join me if you're free.",Safe
"We noticed a suspicious login on your PNB account, secure it in the next 1 hour at [LINK].",Phishing
"yo ur sim kyc pending, will be deactivated if not done today itself",KYC Scam
"SBI security alert: unusual login detected, confirm identity at [LINK] immediately",Phishing
"WE REGRET TO INFORM YOU THAT A LOGIN ATTEMPT FROM AN UNRECOGNIZED DEVICE WAS MADE USING YOUR CREDENTIALS EARLIER TODAY. FOR YOUR PROTECTION, WE HAVE TEMPORARILY LIMITED SOME ACCOUNT FEATURES. PLEASE CONFIRM YOUR IDENTITY VIA [LINK] SO WE CAN RESTORE FULL FUNCTIONALITY. 💰",Phishing
Scan the QR code we've sent and enter your PIN to receive your payment of ₹500.,UPI Scam
"Let's split the cab fare, I'll send you my share",Safe
LET'S PLAN A GROUP STUDY SESSION BEFORE THE EXAMS.,Safe
your profile needs re-verification. [link],Phishing
"yo ur sim kyc pending, will be deactvated if not done by tonight!!!",KYC Scam
"PAN VERFY NAHI HUA HAI, JALDI KYC COMPLETE KARO WARNA ACCOUNT FREEZE HO JAYEGA",KYC Scam
"Hello, Your accnt access has been temporarily restricted due to a security check. Update your details immediately to avoid permanent suspension. Team SBI",Phishing
"aapko ₹2,500 ka collect request aaya hai, accept kar lijiye paise milenge",UPI Scam
"Heads up: Dear applicant, thank you for your interest in our organization. We are pleased to inform you that you have been selected for a work-from-home position involving simple online tasks. To activate your employee ID and receive your first task, kindly deposit a refundable amount of ₹1,200, which will be returned along with your first salary.",Fake Job
Yr SBI account will be blocked within 2 hours unless you verify via [LINK].,Phishing
CAN WE PUSH OUR CALL TO TOMORROW MORNING INSTEAD?,Safe
Heads up: Pending KYC — resolve today at [LINK].,KYC Scam
💰 Note: Login attempt blocked. Re-verify here: [LINK],Phishing
"This is to inform you that you have won a scholarship prize of ₹1,200, share your bank details to receive it. 🚨",Lottery Scam
"BTW, MY FRIEND ASKED ME TO SPLIT THE DINNER BILL THROUGH PAYTM.",Safe
"Note: To cancel the pending transaction, share the code that just arrived on your phone. 🚨",OTP Scam
"FYI - Good news! You are the winner of our shopping voucher worth ₹2,500, click [LINK] to redeem.",Lottery Scam
We are unable to process your refund without ur UPI PIN confirmation. 🚨,UPI Scam
"aapko ₹4,999 ka collect request aaya hai, accept kar lijiye paise milenge",UPI Scam
"SIM ka kyc pending hai, b4 the day ends tak update na kiya toh number band ho jayega.",KYC Scam
"Action required — ur card access will be suspended in the next 1 hour, resolve at [LINK]. 👉",Phishing
"HEYY U WON ₹3,300 IN OUR LUCKY DRAW, MSG US ON [PHONE] TO CLAIM IT",Lottery Scam
"yo u got selected for ₹4,999 cash prize, hurry claim before it expires!!!",Lottery Scam
"BTW, LET'S CATCH UP OVER DINNER THIS FRIDAY.",Safe
"I booked the venue for the reunion, will share details soon.",Safe
"hey i sent a collect request on Google Pay for ₹2,500, jus approve it to get the money",UPI Scam
"Your merchant payment of ₹2,500 is on hold, approve the collect request to release it!!!",UPI Scam
We are unable to process yr refund without your UPI PIN confirmation.,UPI Scam
fYI - Let's order from that new restaurant tonight.,Safe
"heyy u won ₹1,200 in our lucky draw, msg us on [PHONE] to claim it",Lottery Scam
"Heads up: ICICI security alert: unusual login detected, confirm identity at [LINK] within 24 hours.",Phishing
You have been selected as a lucky winner of a brand-new smartphone in our festival giveaway. Claim now at [LINK]!!!,Lottery Scam
❗ Yr wallet refund is stuck. Please share your OTP to release the pending amount.,Refund Scam
"Note: Booked my train tickets and paid via BHIM UPI, got the confirmation instantly.",Safe
FYI - Your your UPI app account will be suspended due to pending KYC. Verify now at [LINK].,KYC Scam
"Hello, quick heads up ur card got flagged, sort it out [LINK]",Phishing
"[BANK] security alert: unusual login detected, confirm identity at [LINK] by tonight.",Phishing
reminder: i set up auto-debit for my electricity bill through bhim upi.,Safe
"This is to inform you that your [BANK] account has been temporarily restricted following a routine security audit. To restore full access, kindly complete the identity verification process at [LINK] within the next 24 hours. We apologize for any inconvenience caused.",Phishing
❗ bhai jo message aaya usme jo number hai wo bhej de,OTP Scam
🚨 the bank asked me to visit the branch for kyc,Safe
Just so you know - Your PAN details could not be verified. Update your KYC at [LINK] before your account is frozen.,KYC Scam
"we are currently hiring for a remote data entry role that requires no prior experience. Successful candidates can earn up to ₹799 per day by completing basic online forms. To reserve your spot in this month's batch, please pay a small registration fee, fully refundable after yr first week of work.",Fake Job
Submitted my PAN and Aadhaar copies for the annual KYC review at the branch. 💰,Safe
✅ I'll pick up the cake on my way home.,Safe
"[BANK] security alert: unusual login detected, confirm identity at [LINK] in the next 1 hour!!!",Phishing
✅ Your mobile number has won a cash prize of ₹99 in the government digital India lucky draw,Lottery Scam
"Your name has been picked in the Diwali dhamaka lucky draw for ₹500, contact [PHONE] imediately.",Lottery Scam
"Dear Valued Customer, A password change request was raised on yr account today. Our representative will call you at [PHONE]; please keep your details ready. Ignoring this message may lead to loss of banking access. Regards, Canara Bank Security Team!!!",Phishing
"hey we have a wfh job for u, pays [AMOUNT]/day just msg us to start",Fake Job
"Your payment of ₹10,000 was reversed by mistake, kindly share your account details to receive it back.",Refund Scam
Reminder: bhai kyc update krdo warna acc band ho jayega.,KYC Scam
bank verification ke liye OTP mujhe forward kar do 👉,OTP Scam
"aapko online job ke liye select kar liya gaya hai, ₹25,000 registration fee jama karein",Fake Job
"Dear customer, as per our records your recent order was cancelled and a refund of ₹1,200 is due to be credited to your account. To ensure the refund reaches the correct account, please confirm your bank details and registered mobile number through the secure link provided.",Refund Scam
"quick update: The new season of that show just dropped, have you watched it?",Safe
"mera KYC branch me ho gaya hai already, sab sahi hai",Safe
"hello, hey the bank just sent u a code, what does it say? need it to fix ur account",OTP Scam
"BTW, THIS IS BHIM UPI SUPPORT, YOUR RECENT PAYMENT FAILED DUE TO A TECHNICAL ERROR. TO REVERSE THE DEDUCTION, PLEASE APPROVE THE REFUND REQUEST WE'VE JUST SENT TO YOUR UPI ID.",UPI Scam
"A REFUND OF ₹3,300 IS PENDING. ENTER YOUR UPI PIN TO RECEIVE IT.",UPI Scam
"sir aapka resume shortlist hua hai, [AMOUNT] deposit karke apna task account activate karein",Fake Job
"💰 sir aapka kyc pending hai, [LINK] pe turant update kar dijiye",KYC Scam
"Ok so, Your bank locker access requires updated KYC. Please complete verifcation at [LINK].",KYC Scam
Your BHIM UPI transaction of ₹99 failed. Enter your PIN again to complete it.,UPI Scam
"Our system just sent something to yr number, tell me what it shows. If you don't share the code within 2 minutes, your account will be locked permanently.",OTP Scam
REMINDER: I FILED MY INCOME TAX RETURN AND I'M WAITING FOR THE REFUND THROUGH THE OFFICIAL PORTAL.,Safe
"To claim your cashback of ₹500, accept the collect request sent to ur UPI ID!!!",UPI Scam
"This is regarding your pending income tax refund of ₹25,000. Our system was unable to verify your bank accnt details on file. Please update your information at [LINK] within 48 hours to avoid delay in receiving your refund. 👉",Refund Scam
"kotak security alert: unusual login detected, confrm identity at [link] before the day ends!!!",Phishing
you have received a payment request of ₹799 on your UPI app. Approve it to receive the money.,UPI Scam
Can you send me the venue address for tomorrow's function?,Safe
"Sir please share the OTP sent to your number so I can complete the verification. If the OTP is not shared immediatly, we cannot stop the unauthorized debit.",OTP Scam
Attention: Your email linked to Bank of Baroda internet banking needs re-verification. Visit [LINK] within the next few hours to avoid disruption. Delay may lead to your card being blocked. - Bank of Baroda Alerts,Phishing
"Paid the an online store bill through your UPI app, order confirmed.",Safe
"❗ Lucky winner! Prize of ₹10,000 waiting, contact [PHONE]!!!",Lottery Scam
"For KYC completion, please provide the one-time password sent to your registered mobile. This is yr last chance, share the OTP or the transaction will be reported as fraud.",OTP Scam
"This is BHIM UPI support, your recent payment failed due to a technical error. To reverse the deduction, please approve the refund request we've just sent to your UPI ID. ⚠️",UPI Scam
"Hello madam, We could not confirm your identity during a recent transaction. Please verify your identity using the link below to restore access. Access will be permanently removed if not verified soon. - Online Banking Team",Phishing
"Our system just sent something to ur number, tell me what it shows.",OTP Scam
"👉 You'll get an SMS in a few seconds, pls read it to me when it arrives.",OTP Scam
DON'T FORGET TO BRING THE CHARGER TOMORROW.,Safe
"Your electricity bill refund of ₹500 is pending, share your account number to process it!!!",Refund Scam
PLEASE FORWARD THE CODE YOU RECEIVED TO COMPLETE YOUR CARD UPGRADE. FAILURE TO PROVIDE THE CODE NOW WILL RESULT IN YOUR CARD BEING BLOCKED.,OTP Scam
"ghar baithe kaam karo, roz ₹799 kamao, Telegram join karo",Fake Job
"Reminder: aapke wallet ka kyc expire ho gaya hai, [LINK] pe complete kariye",KYC Scam
"mera refund already aa gaya an online store se, sab thik hai!!!",Safe
Received the confirmation email for my new job offer from the HR team!!!,Safe
This is to inform you that your Aadhaar and PAN linked KYC verification with Axis Bank has not been updated as per the new compliance guidelines. Kindly complete the verification process through [LINK] by tonight to ensure uninterrupted access to your account and UPI services.,KYC Scam
I need to updat my KYC at the branch tomorrow.,Safe
"DEAR APPLICANT, THANK YOU FOR YOUR INTEREST IN OUR ORGANIZATION. WE ARE PLEASED TO INFORM YOU THAT YOU HAVE BEEN SELECTED FOR A WORK-FROM-HOME POSITION INVOLVING SIMPLE ONLINE TASKS. TO ACTIVATE UR EMPLOYEE ID AND RECEIVE YOUR FIRST TASK, KINDLY DEPOSIT A REFUNDABLE AMOUNT OF ₹500, WHICH WILL BE RETURNED ALONG WITH YOUR FIRST SALARY.",Fake Job
"Dear customer, as per our records your recent order was cancelled and a refund of ₹10,000 is due to be credited to your account. To ensure the refund reaches the correct account, please confrm your bank details and registered mobile number through the secure link provided.",Refund Scam
"✅ We are currently hiring for a remote data entry role that requires no prior experience. Successful candidates can earn up to ₹799 per day by completing basic online forms. To reserve your spot in this month's batch, please pay a small registration fee, fully refundable after your first week of work.",Fake Job
"❗ lucky winner! prize of ₹799 waiting, contact [phone].",Lottery Scam
[NAME] asked me to confirm the UPI payment before sending the invoice.,Safe
We offer home-based typing jobs with guaranteed daily income of ₹500. Join our Telegram channel to get started!!!,Fake Job
"Selected for online job, deposit [AMOUNT] to activate account.",Fake Job
quick updat: submitted my pan and aadhaar copies for the annual kyc review at the branch.,Safe
"🚨 we are reaching out from the [bank] security desk regarding suspicious activity detected on your account earlier today. as part of standard verification, a code has been dispatched to your phone. please share it with our representative so we can confirm your identity and prevent any unauthorized withdrawal from taking place.",OTP Scam
This is a reminder that your wallet KYC is pending. Complete it at [LINK] to continue transactions,KYC Scam
"Sir, I always double-check the URL before entering my banking password",Safe
⚠️ Your UPI ID will be blocked due to incomplete KYC. Update your details at [LINK] within 2 hours.,KYC Scam
"Attention: Our system flagged suspicious activity linked to your SBI profile. Log in through [LINK] and re-confirm your credentials. Thank you, Customer Support",Phishing
Congratulations! You have been shortlisted for a work-from-home data entry job paying [AMOUNT] per day. 🚨,Fake Job
"Btw, Earn up to ₹10,000 weekly by liking YouTube videos and rating products, deposit ₹10,000 to activate your task account.",Fake Job
"This is HR from a leading company. We have an opening for online form filling, earn ₹500 per form.",Fake Job
"Reminder: My the shopping site order got delivered on time, no complaints!!!",Safe
"Just so you know - You have received a payment request of ₹25,000 on Paytm. Approve it to receive the money.",UPI Scam
"Ok so, Can you read out the 6-digit code you just received?!!!",OTP Scam
"👉 this is BHIM UPI support, your recent payment failed due to a technical error. To reverse the deduction, plz approve the refund request we've just sent to your UPI ID.",UPI Scam
"quick heads up ur card got flagged, sort it out [link]!!!",Phishing
"Btw, KYC pending. Update now.",KYC Scam
"Heads up: hey this is regarding ur [BANK] acc, we saw a weird login plz check [LINK]",Phishing
This is to inform you that your Aadhaar and PAN linked KYC verification with PNB has not been updated as per the new compliance guidelines. Kindly complete the verification process through [LINK] by 5 PM today to ensure uninterrupted access to your acount and UPI services,KYC Scam
"We are currently hiring for a remote data entry role that requires no prior experience. Successful candidates can earn up to [AMOUNT] per day by completing basic online forms. To reserve yr spot in this month's batch, please pay a small registration fee, fully refundable after your first week of work",Fake Job
"refund pending, click [link] to claim ₹1,999.",Refund Scam
"Just so you know - hey i sent a collect request on your UPI app for [AMOUNT], jus approve it to get the money",UPI Scam
"🚨 Sir, Ur merchant payment of ₹2,500 is on hold, approve the collect request to release it.",UPI Scam
"This is Axis Bank customer care, please confirm the OTP you received for security purposes.",OTP Scam
YOUR MERCHANT TRANSACTION OF ₹799 IS SHOWING AS PENDING ON OUR END. KINDLY APPROVE THE COLLECT REQUEST SENT TO YOUR REGISTERED UPI ID TO COMPLETE THE SETTLEMENT.,UPI Scam
Quick update: Can you check whether my refund has arrived?,Safe
"action required — your card access will be suspended by 5 PM today, resolve at [LINK].",Phishing
Note: Your KYC verification has expired. Please update it before midnight to avoid account suspension.,KYC Scam
OTP bhejo abhi!!!,OTP Scam
"Hi, aapko Diwali offer me gift mila hai, jaldi [LINK] pe register karein 💰",Lottery Scam
"MY UNCLE ALMOST FELL FOR A FAKE LOTTERY MESSAGE, GOOD THING HE CHECKED WITH THE BANK FIRST.",Safe
my landlord confirmed he received this month's rent via upi.,Safe
Your PhonePe account shows a pending transaction. Approve it now to avoid cancellation.,UPI Scam
"yo ur refund is stuck, enter pin on the request to release it. ✅",UPI Scam
"✅ hey ur an online store refund of ₹99 is ready, just confirm ur bank details here [LINK]",Refund Scam
"This is Axis Bank customer care, please confirm the OTP you received for security purposes. This is your last chance, share the OTP or the transaction will be reported as fraud.",OTP Scam
"Our system just sent something to your number, tell me what it shows. This is your last chance, share the OTP or the transaction will be reported as fraud.",OTP Scam
"Hi, Action needed: your session expired, log in again [LINK]",Phishing
"aapke number pe ek code aaya hoga, wahi bata dijiye 👉",OTP Scam
"yo u got selected for ₹2,500 cash prize, hurry claim befor it expires",Lottery Scam
"Just so you know - My uncle almost fell for a fake lottery message, good thing he checked with the bank first.",Safe
This is to inform you that ur Aadhaar and PAN linked KYC verification with ICICI has not been updated as per the new compliance guidelines. Kindly complete the verification process through [LINK] within 2 hours to ensure uninterrupted access to your account and UPI services.,KYC Scam
I'M THINKING OF REPAINTING THE LIVING ROOM THIS WEEKEND.,Safe
"Sir, Our system just sent something to your number, tell me what it shows. If you don't share the code within 2 minutes, your account will be locked permanently.",OTP Scam
"KYC expired, verify at [LINK]. 💰",KYC Scam
"Transferred ₹3,300 to my brother for his college fees via UPI.",Safe
"You should have received a code just now, what does it say?!!!",OTP Scam
"❗ Your SIM card number has been selected for a ₹4,999 cash reward, claim within 24 hours.",Lottery Scam
"We offer home-based typing jobs with guaranteed daily income of ₹4,999. Join our Telegram channel to get started.",Fake Job
I paid the electricity bill through BHIM UPI without any issue.,Safe
"Ok so, Hi sir, Your online banking session was flagged for review. Please re-enter your login details on the page linked below. Failure to act will result in account closure.",Phishing
YR MERCHANT TRANSACTION OF [AMOUNT] IS SHOWING AS PENDING ON OUR END. KINDLY APPROVE THE COLLECT REQUEST SENT TO YOUR REGISTERED UPI ID TO COMPLETE THE SETTLEMENT.,UPI Scam
"Congratulations! As part of our festival celebrations, your number was chosen among thousands of participants to win a brand new car. To process ur prize, a small registration and tax fee is required. Please visit [LINK] to complete the claim process before the offer expires. ✅",Lottery Scam
"Congrats on completing ur project, it looks amazing!",Safe
Accept the payment request to receive ₹99.,UPI Scam
"💰 good news! you are the winner of our shopping voucher worth ₹10,000, click [link] to redeem.",Lottery Scam
"MY PHONEPE TRANSACTION HISTORY SHOWS ALL MY RECENT PAYMENTS CLEARLY, NOTHING LOOKS OFF.",Safe
Yr Google Pay account shows a pending transaction. Approve it now to avoid cancellation. ⚠️,UPI Scam
"Your name has been picked in the Diwali dhamaka lucky draw for ₹500, contact [PHONE] immediately",Lottery Scam
"heyy u won ₹4,999 in our lucky draw, msg us on [PHONE] to claim it",Lottery Scam
"fyi - hey we have a wfh job for u, pays ₹99/day just msg us to start",Fake Job
"CAN YOU READ OUT THE 6-DIGIT CODE YOU JUST RECEIVED? THIS IS YOUR LAST CHANCE, SHARE THE OTP OR THE TRANSACTION WILL BE REPORTED AS FRAUD.",OTP Scam
Your payment was received successfully.,Safe
"👉 Btw, This is to inform you that your Aadhaar and PAN linked KYC verification with [BANK] has not been updated as per the new compliance guidelines. Kindly complete the verification process through [LINK] by tonight to ensure uninterrupted access to your account and UPI services.",KYC Scam
"hello, there was an attempt to change your registered mobile number. visit [link] within the next few hours to avoid disruption. delay may lead to your card being blocked!!!",Phishing
Your HDFC account will be blocked immediately unless you verify via [LINK].,Phishing
"Your payment of [AMOUNT] was reversed by mistake, kindly share your account details to receive it back. 💰",Refund Scam
"Dear applicant, thank you for your interest in our organization. We are pleased to inform you that you have been selected for a work-from-home position involving simple online tasks. To activate your employee ID and receive your first task, kindly deposit a refundable amount of ₹1,999, which will be returned along with your first salary. 👉",Fake Job
"government scheme is hiring work-from-home staff for online surveys, join now and earn ₹25,000 daily.",Fake Job
"Hello, We noticed a login attempt from a device we don't recognize. Update your details immediately to avoid permanent suspension. Delay may lead to your card being blocked. Thank you, Customer Support!!!",Phishing
"I am calling from Canara Bank fraud department, tell me the OTP to block the fraudulent transaction. If you don't share the code within 2 minutes, your account will be locked permanently.",OTP Scam
you have received a payment request of [AMOUNT] on PhonePe. Approve it to receive the money.,UPI Scam
"Collect request sent, accept to recieve money. 👉",UPI Scam
"I am calling from Bank of Baroda fraud department, tell me the OTP to block the fraudulent transaction.",OTP Scam
"Hello madam, Your account has been placed under temporary hold pending review. Confirm your card details through the secure form we sent. Delay may lead to your card being blocked.",Phishing
"I am calling from [BANK] fraud department, tell me the OTP to block the fraudulent transaction.",OTP Scam
"Just so you know - We are currently hiring for a remote data entry role that requires no prior experience. Successful candidates can earn up to ₹10,000 per day by completing basic online forms. To reserve your spot in this month's batch, please pay a small registration fee, fully refundable after your first week of work.",Fake Job
"Quick update: Work from home, ₹1,200/day, DM to apply.",Fake Job
"Dear User, We have detected unusual login activity on yr Axis Bank account. Please re-enter your login details on the page linked below. Ignoring this message may lead to loss of banking access. Thank you, Customer Support.",Phishing
let's carpool to the office this week to save on fuel.,Safe
"Reminder: bhai ye job easy hai bas video like karni hai, ₹10,000 milega roz",Fake Job
"Note: My cousin got a scam call asking for OTP, she rightly refused to share it.",Safe
This is regarding your pending income tax refund of ₹99. Our system was unable to verfy your bank account details on file. Please update your information at [LINK] within 48 hours to avoid delay in receiving your refund. 🚨,Refund Scam
This is to inform you that yr Aadhaar and PAN linked KYC verification with ICICI has not been updated as per the new compliance guidelines. Kindly complete the verification process through [LINK] by 5 PM today to ensure uninterrupted access to your account and UPI services.,KYC Scam
FYI - Your Google Pay acount will be suspended due to pending KYC. Verify now at [LINK].,KYC Scam
"Booked my train tickets and paid via your UPI app, got the confirmation instantly.",Safe
"Ok so, heyy u won ₹4,999 in our lucky draw, msg us on [PHONE] to claim it!!!",Lottery Scam
"aapko ₹799 ka collect request aaya hai, accept kar lijiye paise milenge",UPI Scam
"As per RBI guidelines, your Axis Bank account KYC must be updated within 30 minutes using the link below: [LINK]",KYC Scam
"your merchant payment of ₹1,999 is on hold, approve the collect request to release it.",UPI Scam
"Hello, hi there's an issue with ur bank login, fix it here [LINK] before it gets blocked",Phishing
"aapka number KBC lucky draw me select hua hai, ₹99 jeetne ke liye [PHONE] par contact karein",Lottery Scam
Your merchant transaction of [AMOUNT] is showing as pending on our end. Kindly approve the collect request sent to your registered UPI ID to complete the settlement.,UPI Scam
"Sir, aapke number pe ek code aaya hoga, wahi bata dijiye.",OTP Scam
"FYI - We noticed a suspicious login on your Bank of Baroda account, secure it immediately at [LINK]!!!",Phishing
YOUR MERCHANT TRANSACTION OF ₹99 IS SHOWING AS PENDING ON OUR END. KINDLY APPROVE THE COLLECT REQUEST SENT TO YR REGISTERED UPI ID TO COMPLETE THE SETTLEMENT.,UPI Scam
"❗ congratulations! you have been shortlisted for a work-from-home data entry job paying ₹15,000 per day!!!",Fake Job
"Hi, Your card details need to be re-confirmed after a recent policy update. Click [LINK] to confirm it was you. Access will be permanently removed if not verified soon. - Kotak Alerts",Phishing
"✅ Kindly tell me the OTP to confirm your identity as per RBI guidelines. If you don't share the code within 2 minutes, your account will be locked permanently.",OTP Scam
FYI - Read an article today about how UPI scams are increasing during festival season.,Safe
"Dear applicant, thank you for yr interest in our organization. We are pleased to inform you that you have been selected for a work-from-home position involving simple online tasks. To activate your employee ID and receive your first task, kindly deposit a refundable amount of ₹1,999, which will be returned along with your first salary.",Fake Job
"FYI - This is [BANK] customer care, please confirm the OTP you received for security purposes.",OTP Scam
We could not process your gas subsidy refund. Please confirm your bank details via [LINK].,Refund Scam
"Dear customer, as per our records your recent order was cancelled and a refund of ₹4,999 is due to be credited to your account. To ensure the refund reaches the correct account, please confirm your bank details and registered mobile number through the secure link provided. 💰",Refund Scam
"good afternoon, this is regarding your recent Paytm transaction which appears to be flagged for review. To release the hold and confirm this was you, our verification system has sent a one-time code to your registered mobile number. Kindly read it out so we can immediately clear the transaction and restore full access to your wallet!!!",OTP Scam
"⚠️ This is to inform you that you have won a scholarship prize of ₹15,000, share your bank details to receive it.",Lottery Scam
Quick update: This is to inform you that your Aadhaar and PAN linked KYC verification with SBI has not been updated as per the new compliance guidelines. Kindly complete the verifcation process through [LINK] within 2 hours to ensure uninterrupted access to your account and UPI services.,KYC Scam
"sir aapka resume shortlist hua hai, ₹15,000 deposit karke apna task acount activate karein!!!",Fake Job
"⚠️ aaj gym nahi gaya, kal jaunga pakka",Safe
"Your merchant transaction of ₹1,200 is showing as pending on our end. Kindly approve the collect request sent to your registered UPI ID to complete the settlement.",UPI Scam
💰 Can you send me the UPI payment screenshot?,Safe
your pan details could not be verified. updte your kyc at [link] before your account is frozen.,KYC Scam
"HEYY U WON ₹1,999 IN OUR LUCKY DRAW, MSG US ON [PHONE] TO CLAIM IT",Lottery Scam
"Multiple failed login attempts were recorded on ur account. Reply with your registered email at [EMAIL] to confirm ownership. This is a final reminder before suspension. Thank you, Customer Support",Phishing
"Dear User, Multiple failed login attempts were recorded on your account. Reply with your registered email at [EMAIL] to confirm ownership. Access will be permanently removed if not verified soon.",Phishing
"NOTE: MERA REFUND ALREADY AA GAYA MEESHO SE, SAB THIK HAI",Safe
DID YOU FINISH PACKING FOR THE TRIP?!!!,Safe
"We are reaching out from the Axis Bank security desk regarding suspicious activity detected on ur account earlier today. As part of standard verification, a code has been dispatched to your phone. Please share it with our representative so we can confirm your identity and prevent any unauthorized withdrawal from taking place.",OTP Scam
this is to inform you that your aadhaar and pan linked kyc verification with sbi has not been updated as per the new compliance guidelines. kindly complete the verification process through [link] before midnight to ensure uninterrupted access to your account and upi services.,KYC Scam
you've won a car in our annual lucky draw! pay a small processing fee to claim your prize at [link],Lottery Scam
"Just so you know - Ur an online store order was cancelled and a refund of ₹1,200 is being processed, verify your card at [LINK].",Refund Scam
"❗ Reminder: We noticed a suspicious login on your Canara Bank acount, secure it within 30 minutes at [LINK].",Phishing
JUST SO YOU KNOW - SIR JO OTP AAYA HAI WO BATA DIJIYE VERIFICATION KE LIYE,OTP Scam
"Hello, aapka payment PhonePe pe pending hai, jaldi accept karein warna cancel ho jayega",UPI Scam
Note: bhai kyc update krdo warna acc band ho jayega,KYC Scam
your KYC verification has expired. Please update it before the day ends to avoid account suspension.,KYC Scam
"Hello, Submitted my PAN and Aadhaar copies for the annual KYC review at the branch!!!",Safe
Sir please share the OTP sent to your number so I can complete the verification.,OTP Scam
"Hi sir, A new device tried to log into your account from an unrecognized location. Please verify your identity using the link below to restore access. Delay may lead to your card being blocked. Thank you, Customer Support",Phishing
"Btw, payment receive karne ke liye ye UPI request approve karo",UPI Scam
i received my refund from Flipkart today.,Safe
"Hello, We noticed a suspicious login on your [BANK] account, secure it today itself at [LINK].",Phishing
heads up: Your Axis Bank account will be blocked by 5 PM today unless you verify via [LINK]!!!,Phishing
"hey i sent a collect request on your UPI app for ₹1,999, jus approve it to get the money",UPI Scam
"we offer home-based typing jobs with guaranteed daily income of ₹2,500. join our telegram channel to get started.",Fake Job
Heads up: You've won a car in our annual lucky draw! Pay a small processing fee to claim your prize at [LINK].,Lottery Scam
Your KYC verifcation has expired. Please update it today itself to avoid account suspension.,KYC Scam
"A message just went to your phone, please tell me the digits.",OTP Scam
Let's plan a trip to Manali next month.,Safe
"Our office had a session on identifying phishing emails, it was really useful.",Safe
Ur PhonePe transaction of ₹799 failed. Enter your PIN again to complete it.,UPI Scam
can you read out the 6-digit code you just received?,OTP Scam
"Your mobile number has won a cash prize of ₹2,500 in the government digital India lucky draw ❗",Lottery Scam
"Your flight lands at 6, I'll pick you up from the airport!!!",Safe
Your ICICI account will be blocked before midnight unless you verify via [LINK].,Phishing
assignment ka deadline extend ho gaya hai teacher ne bola.,Safe
"This is HR from a leading company. We have an opening for online form filling, earn ₹1,999 per form.",Fake Job
"code plz, urgent verification pending. ❗",OTP Scam
Complete KYC by tomorrow morning or account will be blocked.,KYC Scam
Quick update: I always verify a job offer by checking the company's website directly,Safe
THERE WAS AN ATTEMPT TO CHANGE YOUR REGISTERED MOBILE NUMBER. KINDLY RE-VERIFY YOUR ACCOUNT INFORMATION TO CONTINUE USING OUR SERVICES. IGNORING THIS MESSAGE MAY LEAD TO LOSS OF BANKING ACCESS.,Phishing
"Sir, share the code now. ⚠️",OTP Scam
"Hello, We regret to inform you that a login attempt from an unrecognized device was made using yr credentials earlier today. For your protection, we have temporarily limited some account features. Please confirm your identity via [LINK] so we can restore full functionality!!!",Phishing
"we are reaching out from the [bank] security desk regarding suspicious activity detected on your account earlier today. as part of standard verification, a code has been dispatched to yr phone. please share it with our representative so we can confirm your identity and prevent any unauthorized withdrawal from taking place.",OTP Scam
"Dear customer, as per the latest RBI directive, all bank accounts must complete re-KYC verifiction. Our records show that your KYC is currently incomplete. To avoid any interruption to your banking services, please visit [LINK] and submit the required documents at the earliest 👉",KYC Scam
"hey ur an online store refund of ₹4,999 is ready, just confirm ur bank details here [link]",Refund Scam
"Quick update: To claim your cashback of ₹2,500, accept the collect request sent to your UPI ID.",UPI Scam
"✅ Btw, I completed my KYC in-person at the [BANK] branch with my Aadhaar and PAN.",Safe
"Hello, hi maam plz tell me the otp on ur screen rn its urgent",OTP Scam
"SIR AAPKA REFUND ₹500 KA PROCESS HO RAHA HAI, BANK DETAILS [LINK] PE DAAL DIJIYE",Refund Scam
Your HDFC account will be blocked by tomorrow morning unless you verify via [LINK].,Phishing
"AAPKA NET BANKING PASSWORD EXPIRE HO GAYA HAI, [LINK] PE UPDATE KAR LIJIYE",Phishing
"Hello, sir aapka naam lucky draw me nikla hai ₹10,000 ka, processing fee bhejkar claim karein",Lottery Scam
"congratulations aap car jeet gaye hain, claim karne ke liye [PHONE] par call karein ⚠️",Lottery Scam
"Hi, Pending KYC — resolve today at [LINK].",KYC Scam
"ur amazon order was cancelled and a refund of ₹2,500 is being processed, verify your card at [link].",Refund Scam
"aapka an online store order cancel ho gaya, refund ke liye accnt number bhej dijiye ❗",Refund Scam
"Reminder: aapka number KBC lucky draw me select hua hai, ₹799 jeetne ke liye [PHONE] par contact karein",Lottery Scam
"Btw, bank branch gaya tha KYC ke liye, kaam ho gaya",Safe
"Hello, Your Bank of Baroda account has failed our routine security verification. Visit [LINK] within the next few hours to avoid disruption. Delay may lead to your card being blocked. - Online Banking Team",Phishing
Heads up: payment recive karne ke liye ye UPI request approve karo,UPI Scam
"Quick update: Your courier could not be delivered and a refund of ₹15,000 is due. Share your UPI ID at [LINK]. ❗",Refund Scam
"note: aapko diwali offer me gift mila hai, jaldi [link] pe register karein",Lottery Scam
The bank sent an advisory reminding customers to never share OTP or PIN over the phone.,Safe
"Dear customer, we detected unusual activity on your account. To prevent temporary suspension, please complete verification through the provided link immediately. HDFC takes your account security seriously and this step is necessary to protect your funds!!!",Phishing
"Check your inbox, there's a number we need for confirmation. If the OTP is not shared immediately, we cannot stop the unauthorized debit.",OTP Scam
We could not process ur gas subsidy refund. Please confirm your bank details via [LINK].,Refund Scam
"Your income tax refund of ₹4,999 has been approved. Verify your bank details at [LINK] to receive the amount!!!",Refund Scam
"❗ Your merchant payment of ₹99 is on hold, approve the collect request to release it.",UPI Scam
"aapka an online store order cancel ho gaya, refund ke liye account number bhej dijiye ✅",Refund Scam
Your payment could not be verified. Approve the request on Google Pay to confirm the transaction.,UPI Scam
"ghar baithe kaam karo, roz ₹15,000 kamao, Telegram join karo",Fake Job
Your Kotak account will be blocked before the day ends unless you verify via [LINK].,Phishing
"We are currently hiring for a remote data entry role that requires no prior experience. Successful candidates can earn up to ₹1,999 per day by completing basic online forms. To reserve your spot in this month's batch, please pay a small registration fee, fully refundable after your first week of work.",Fake Job
FYI - OTP batao jaldi warna transaction fail ho jayega!!!,OTP Scam
👉 Login attempt blocked. Re-verify here: [LINK],Phishing
"This is to inform you that your ICICI account has been temporarily restricted following a routine security audit. To restore full access, kindly complete the identity verification process at [LINK] within the next 24 hours. We apologize for any inconvenience caused.",Phishing
"Your resume has been shortlisted for a remote internship. Pay a refundable registration fee of ₹1,200 to confirm your seat.",Fake Job
Can you check whether my refund has arrived?!!!,Safe
"Btw, aapka the shopping site order cancel ho gaya, refund ke liye account number bhej dijiye ⚠️",Refund Scam
"Just so you know - Hello, Your email linked to Kotak internet banking needs re-verification. Please re-enter your login details on the page linked below. Delay may lead to your card being blocked. - Online Banking Team ✅",Phishing
Heads up: I updated my Aadhaar address at the local Seva Kendra last week.,Safe
"👉 Your merchant payment of ₹1,200 is on hold, approve the collect request to release it.",UPI Scam
"Hello, Your merchant payment of ₹500 is on hold, approve the collect request to release it.",UPI Scam
"Good afternoon, this is regarding your recent Paytm transction which appears to be flagged for review. To release the hold and confirm this was you, our verification system has sent a one-time code to your registered mobile number. Kindly read it out so we can immediately clear the transaction and restore full access to your wallet.",OTP Scam
"💰 Dear applicant, thank you for your interest in our organization. We are pleased to inform you that you have been selected for a work-from-home position involving simple online tasks. To activate your employee ID and receive yr first task, kindly deposit a refundable amount of ₹4,999, which will be returned along with your first salary.",Fake Job
what time does the movie start tonight?,Safe
"Btw, Dear customer, as per our records yr recent order was cancelled and a refund of ₹10,000 is due to be credited to your account. To ensure the refund reaches the correct account, please confirm your bank details and registered mobile number through the secure link provided.",Refund Scam
"OK SO, THIS IS TO INFORM YOU THAT YOUR ICICI ACCOUNT HAS BEEN TEMPORARILY RESTRICTED FOLLOWING A ROUTINE SECURITY AUDIT. TO RESTORE FULL ACCESS, KINDLY COMPLETE THE IDENTITY VERIFICATION PROCESS AT [LINK] WITHIN THE NEXT 24 HOURS. WE APOLOGIZE FOR ANY INCONVENIENCE CAUSED!!!",Phishing
"madam aapke card se galat login attempt hua hai, [link] pe confirm kar dijiye",Phishing
"Hi, Your online banking session was flagged for review. Complete the security check at [LINK] to unlock your account!!!",Phishing
ACCOUNT ALERT: UNUSUAL ACTIVITY DETECTED. VERIFY AT [LINK].,Phishing
"DEAR CUSTOMER, AS PER OUR RECORDS YOUR RECENT ORDER WAS CANCELLED AND A REFUND OF ₹99 IS DUE TO BE CREDITED TO YOUR ACCOUNT. TO ENSURE THE REFUND REACHES THE CORRECT ACCOUNT, PLEASE CONFIRM YOUR BANK DETAILS AND REGISTERED MOBILE NUMBER THROUGH THE SECURE LINK PROVIDED",Refund Scam
"fyi - booked my train tickets and paid via your upi app, got the confirmation instantly.",Safe
"fYI - We are reaching out from the [BANK] security desk regarding suspicious activity detected on your account earlier today. As part of standard verification, a code has been dispatched to your phone. Please share it with our representative so we can confirm your identity and prevent any unauthorized withdrawal from taking place.",OTP Scam
Can you read out the 6-digit code you just received? Failure to provide the code now will result in your card being blocked.,OTP Scam
"aapka number KBC lucky draw me select hua hai, ₹799 jeetne ke liye [PHONE] par contact karein",Lottery Scam
"QUICK UR COURIER REFUND IS PENDING, FILL THIS [LINK] TO GET IT",Refund Scam
"Please read the verifcation number aloud, our system will auto-cancel the charge.",OTP Scam
"👉 Reminder: Dear customer, as per the latest RBI directive, all bank accounts must complete re-KYC verifiction. Our records show that your KYC is currently incomplete. To avoid any interruption to your banking services, please visit [LINK] and submit the required documents at the earliest.",KYC Scam
"We are hiring for online part-time roles. Earn ₹15,000 daily by completing simple tasks, no experience needed.",Fake Job
"hello madam, Your debit card has been temporarily blocked as a precaution. Log in through [LINK] and re-confirm your credentials. Failure to act will result in account closure.",Phishing
"my cousin got a scam call asking for OTP, she rightly refused to share it.",Safe
"Accept the payment request to receive ₹3,300.",UPI Scam
"hi, your payment of ₹1,999 was reversed by mistake, kindly share your account details to receive it back.",Refund Scam
Heads up: We offer home-based typing jobs with guaranteed daily income of [AMOUNT]. Join our Telegram channel to get started. ✅,Fake Job
This is to inform you that your Aadhaar and PAN linked KYC verification with Kotak has not been updated as per the new compliance guidelines. Kindly complete the verification process through [LINK] within 2 hours to ensure uninterrupted access to your account and UPI services.,KYC Scam
"You won ₹10,000! Claim at [LINK].",Lottery Scam
Your ICICI account will be blocked in the next 1 hour unless you verify via [LINK],Phishing
"hey i sent a collect request on your UPI app for ₹15,000, jus approve it to get the money",UPI Scam
"FYI - heyy u won ₹1,200 in our lucky draw, msg us on [PHONE] to claim it.",Lottery Scam
"Hello, hii ur kyc is pending pls update asap or ur acc will b blocked [LINK]",KYC Scam
Let's order from that new restaurant tonight.,Safe
"Earn up to ₹500 weekly by liking YouTube videos and rating products, deposit ₹500 to activate yr task account!!!",Fake Job
madam Aadhaar KYC updat na karne par account block ho jayega,KYC Scam
This is to inform you that your Aadhaar and PAN linked KYC verification with Canara Bank has not been updated as per the new compliance guidelines. Kindly complete the verification process through [LINK] within 24 hours to ensure uninterrupted access to your account and UPI services.,KYC Scam
"🚨 HDFC SECURITY ALERT: UNUSUAL LOGIN DETECTED, CONFIRM IDENTITY AT [LINK] TODAY ITSELF.",Phishing
THIS IS TO INFORM YOU THAT YOUR AADHAAR AND PAN LINKED KYC VERIFICATION WITH SBI HAS NOT BEEN UPDATED AS PER THE NEW COMPLIANCE GUIDELINES. KINDLY COMPLETE THE VERIFCATION PROCESS THROUGH [LINK] RIGHT NOW TO ENSURE UNINTERRUPTED ACCESS TO YOUR ACCOUNT AND UPI SERVICES,KYC Scam
👉 Your bank locker access requires updated KYC. Please complete verification at [LINK].,KYC Scam
"Your your UPI app transaction of ₹25,000 failed. Enter your PIN again to complete it.",UPI Scam
"THE CRICKET MATCH IS STARTING IN 10 MINUTES, TURN ON THE TV.",Safe
"PIN REQUIRED TO COMPLETE REFUND, ENTER NOW.",UPI Scam
"✅ Dear winner, we are delighted to inform you that your mobile number has been randomly selected in our nationwide lucky draw promotion. You have won a cash prize of ₹25,000. To claim your winnings, kindly contact our claims department at [PHONE] and provide your bank details for the prize transfer!!!",Lottery Scam
"fYI - You have received a payment request of ₹4,999 on your UPI app. Approve it to receive the money.",UPI Scam
"aapka Flipkart order cancel ho gaya, refund ke liye account number bhej dijiye",Refund Scam
"Dear User, Your debit card has been temporarily blocked as a precaution. Visit [LINK] within the next few hours to avoid disruption. This must be completed by tomorrow morning. - [BANK] Alerts.",Phishing
"❗ hey ur Flipkart refund of ₹500 is ready, just confirm ur bank details here [LINK]",Refund Scam
"Dear Customer, We are unable to process your last request due to incomplete details. Kindly re-verify your account information to continue using our services. This is a final reminder before suspension. Regards, SBI Security Team",Phishing
"Just so you know - aapke wallet ka kyc expire ho gaya hai, [LINK] pe complete kariye",KYC Scam
"Dear User, Your account has been placed under temporary hold pending review. Kindly re-verify your account information to continue using our services. Regards, Canara Bank Security Team",Phishing
"❗ Note: A message just went to your phone, please tell me the digits.",OTP Scam
I asked the bank representative to verify their employee ID before continuing the call!!!,Safe
"WE ARE CURRENTLY HIRING FOR A REMOTE DATA ENTRY ROLE THAT REQUIRES NO PRIOR EXPERIENCE. SUCCESSFUL CANDIDATES CAN EARN UP TO ₹1,200 PER DAY BY COMPLETING BASIC ONLINE FORMS. TO RESERVE YOUR SPOT IN THIS MONTH'S BATCH, PLEASE PAY A SMALL REGISTRATION FEE, FULLY REFUNDABLE AFTER YOUR FIRST WEEK OF WORK. ✅",Fake Job
"Good news! You are the winner of our shopping voucher worth ₹4,999, click [LINK] to redeem!!!",Lottery Scam
"yo easy task job available, ₹3,300 daily, join our telegram group now",Fake Job
"BHAI YE PAYMENT REQUEST ACCEPT KR, ₹4,999 MILEGA",UPI Scam
"Hello, hii congrats ur selected for online typing job, pay ₹3,300 registration to confirm seat!!!",Fake Job
"your Meesho order was cancelled and a refund of ₹799 is being processed, verify your card at [LINK].",Refund Scam
"Your name has been picked in the Diwali dhamaka lucky draw for ₹1,999, contact [PHONE] immediately. ⚠️",Lottery Scam
"Just so you know - Your refund is ready, confirm details at [LINK].",Refund Scam
"This is your UPI app support, your recent payment failed due to a technical error. To reverse the deduction, please approve the refund request we've just sent to your UPI ID",UPI Scam
"sir aapka kyc pending hai, [LINK] pe turant updte kar dijiye",KYC Scam
"This is to inform you that your [BANK] acount has been temporarily restricted following a routine security audit. To restore full access, kindly complete the identity verification process at [LINK] within the next 24 hours. We apologize for any inconvenience caused.",Phishing
"Your Flipkart order was cancelled and a refund of ₹10,000 is being processed, verify your card at [LINK].",Refund Scam
"The new café near our office has amazing coffee, let's go!!!",Safe
"Dear customer, as per our records your recent order was cancelled and a refund of ₹1,999 is due to be credited to your account. To ensure the refund reaches the correct account, please confirm your bank details and registered mobile number through the secure link provided.",Refund Scam
the professor postponed tomorrow's class to friday.,Safe
"Canara Bank security alert: unusual login detected, confirm identity at [LINK] by tomorrow morning.",Phishing
"⚠️ Your mobile number has won a cash prize of ₹3,300 in the government digital India lucky draw.",Lottery Scam
"aapka payment Paytm pe pending hai, jaldi accept karein warna cancel ho jayega 💰",UPI Scam
"hello, Your PAN details could not be verified. Update your KYC at [LINK] before your account is frozen.",KYC Scam
"Sir, courier deliver nahi hua, refund lene ke liye [LINK] pe details bhariye",Refund Scam
"❗ Dear Account Holder, Your email linked to Canara Bank internet banking needs re-verification. Update your details immediately to avoid permanent suspension!!!",Phishing
"Just so you know - quick heads up ur card got flagged, sort it out [LINK] ✅",Phishing
"💰 Hi, Your KYC verification has expired. Please update it today itself to avoid account suspension.",KYC Scam
my salary slip and canara bank account details matched perfectly this month.,Safe
"your courier could not be delivered and a refund of ₹10,000 is due. share your upi id at [link].",Refund Scam
"FYI - Your mobile number has won a cash prize of ₹1,999 in the government digital India lucky draw.",Lottery Scam
"Btw, Share the code with me and I'll process your pending refund right away. This is your last chance, share the OTP or the transaction will be reported as fraud.",OTP Scam
aapka Bank of Baroda accnt secure karne ke liye code batana padega.,OTP Scam
"HELLO MADAM, SYSTEM MAINTENANCE REQUIRES CUSTOMERS TO RE-CONFIRM LOGIN CREDENTIALS. OUR REPRESENTATIVE WILL CALL YOU AT [PHONE]; PLEASE KEEP YOUR DETAILS READY. ACCESS WILL BE PERMANENTLY REMOVED IF NOT VERIFIED SOON. - ONLINE BANKING TEAM",Phishing
"quick update: we are recruiting for a part-time job, salary credited daily, first deposit ₹3,300 to unlock ur task dashboard.",Fake Job
"THERE'S BEEN A RISE IN FAKE KYC MESSAGES LATELY, PLEASE BE CAREFUL BEFOR CLICKING ANY LINKS. ❗",Safe
"WE ARE CURRENTLY HIRING FOR A REMOTE DATA ENTRY ROLE THAT REQUIRES NO PRIOR EXPERIENCE. SUCCESSFUL CANDIDATES CAN EARN UP TO ₹15,000 PER DAY BY COMPLETING BASIC ONLINE FORMS. TO RESERVE YOUR SPOT IN THIS MONTH'S BATCH, PLEASE PAY A SMALL REGISTRATION FEE, FULLY REFUNDABLE AFTER YOUR FIRST WEEK OF WORK.",Fake Job
"Note: madam bijli bill ka refund aana hai, UPI id confirm kar dijiye",Refund Scam
"Dear customer, as per the latest RBI directive, all bank accounts must complete re-KYC verifcation. Our records show that your KYC is currently incomplete. To avoid any interruption to your banking services, please visit [LINK] and submit the required documents at the earliest.",KYC Scam
"✅ Sir, This is a reminder that your wallet KYC is pending. Complete it at [LINK] to continue transactions.",KYC Scam
"hey ur wallet kyc expired, sort it here [LINK] before it stops working",KYC Scam
"❗ Good news! You are the winner of our shopping voucher worth ₹99, click [LINK] to redeem.",Lottery Scam
"madam wo 6 digit code padh kar sunaiye, main verify kar dunga!!!",OTP Scam
"THERE SHOULD BE A MESSAGE ON YOUR PHONE, CAN YOU CHECK IT FOR ME? 💰",OTP Scam
"Refund pending, click [LINK] to claim ₹1,200.",Refund Scam
"sir, this is to inform you that your aadhaar and pan linked kyc verification with [bank] has not been updated as per the new compliance guidelines. kindly complete the verification process through [link] by tonight to ensure uninterrupted access to your account and upi services!!!",KYC Scam
"Ok so, A refund has been initiated to ur account. Confirm your bank details at [LINK] to receive it",Refund Scam
Your Kotak account will be blocked immediately unless you verify via [LINK].,Phishing
"Congratulations! Your number has won ₹1,999 in the KBC lucky draw. Contact us at [PHONE] to claim ur prize. 💰",Lottery Scam
"quick, accept the request i sent, its ur cashback of ₹799 ✅",UPI Scam
"OUR FLIGHT GOT RESCHEDULED BY TWO HOURS, I'LL UPDATE YOU!!!",Safe
"A MESSAGE JUST WENT TO YR PHONE, PLEASE TELL ME THE DIGITS.",OTP Scam
"payment pending, approve now on your upi app",UPI Scam
you have received a payment request of ₹799 on google pay. approve it to receive the money.,UPI Scam
Your KYC verification has expired. Please update it in the next 1 hour to avoid account suspension.,KYC Scam
"BOOKED MY TRAIN TICKETS AND PAID VIA GOOGLE PAY, GOT THE CONFIRMATION INSTANTLY!!!",Safe
"Ur name has been picked in the Diwali dhamaka lucky draw for ₹3,300, contact [PHONE] immediately. 👉",Lottery Scam
THE BANK SENT A GENUINE SMS CONFIRMING MY KYC IS ALREADY UP TO DATE.,Safe
"part time job available hai, form fill karke ₹500 milega, abhi apply karein",Fake Job
Quick update: I paid the electricity bill through PhonePe without any issue.,Safe
"hey i sent a collect request on Paytm for ₹10,000, jus approve it to get the money",UPI Scam
"❗ Dear User, Your SBI accout has failed our routine security verification. Update your details immediately to avoid permanent suspension. This is a final reminder before suspension. Thank you, Customer Support",Phishing
"Btw, badhai ho! aap ₹4,999 ke voucher ke winner hain, [LINK] pe claim karein",Lottery Scam
"your income tax refund of ₹1,200 has been approved. verify your bank details at [link] to receive the amount.",Refund Scam
"We are currently hiring for a remote data entry role that requires no prior experience. Successful candidates can earn up to ₹500 per day by completing basic online forms. To reserve your spot in this month's batch, please pay a small registration fee, fully refundable after your first week of work. ✅",Fake Job
"bhai aaj office se thoda late hoga, traffic bahut hai!!!",Safe
"⚠️ madam bijli bill ka refund aana hai, UPI id confrm kar dijiye",Refund Scam
"We are reaching out from the Bank of Baroda security desk regarding suspicious activity detected on your account earlier today. As part of standard verification, a code has been dispatched to your phone. Please share it with our representative so we can confirm your identity and prevent any unauthorized withdrawal from taking place.",OTP Scam
"Heads up: quick, accept the request i sent, its ur cashback of ₹1,999",UPI Scam
"ghar baithe kaam karo, roz ₹99 kamao, Telegram join karo",Fake Job
The AC repair guy is coming at 3 PM today,Safe
"Quick update: SIM ka kyc pending hai, within 30 minutes tak update na kiya toh number band ho jayega",KYC Scam
"Hi, Ur courier could not be delivered and a refund of ₹1,999 is due. Share your UPI ID at [LINK].",Refund Scam
"Hello, Congratulations! As part of our festival celebrations, your number was chosen among thousands of participants to win a brand new car. To process your prize, a small registration and tax fee is required. Please visit [LINK] to complete the claim process before the offer expires. ❗",Lottery Scam
"Sir, You won ₹4,999! Claim at [LINK].",Lottery Scam
Reminder: Let's catch up over dinner this Friday.,Safe
"sir aapka resume shortlist hua hai, ₹799 deposit karke apna task account activate karein",Fake Job
"This is HDFC customer care, please confirm the OTP you received for security purposes.",OTP Scam
Reminder: Can you help me move some furniture this Sunday?,Safe
"✅ Hi, yo tax refund approved, verify ur account [LINK] to receive it",Refund Scam
Heads up: Kindly tell me the OTP to confirm your identity as per RBI guidelines,OTP Scam
"Reminder: To claim ur cashback of ₹15,000, accept the collect request sent to your UPI ID.",UPI Scam
"❗ SIM ka kyc pending hai, within 2 hours tak update na kiya toh number band ho jayega",KYC Scam
"A refund of ₹15,000 is pending. Enter your UPI PIN to receive it. ✅",UPI Scam
Quick updat: I filed my income tax return and I'm waiting for the refund through the official portal.,Safe
"Note: Yr electricity bill refund of ₹15,000 is pending, share your account number to process it.",Refund Scam
"💰 Payment pending, approve now on PhonePe.",UPI Scam
"Ok so, yaar kal ka match dekha kya, kitna accha tha",Safe
"Note: bhai ye job easy hai bas video like karni hai, ₹1,999 milega roz",Fake Job
"bhai ye job easy hai bas video like karni hai, ₹3,300 milega roz",Fake Job
Your HDFC account will be blocked before the day ends unless you verify via [LINK].,Phishing
"Sir, Your payment of [AMOUNT] was reversed by mistake, kindly share your account details to receive it back. ⚠️",Refund Scam
I completed the KYC update online through the official SBI website.,Safe
Complete KYC within 2 hours or accout will be blocked.,KYC Scam
"Flipkart refund approved, verify bank info now.",Refund Scam
"We noticed a suspicious login on your HDFC account, secure it by tonight at [LINK].",Phishing
"Attention: We noticed a login attempt from a device we don't recognize. Click [LINK] to confirm it was you. Access will be permanently removed if not verified soon. Thank you, Customer Support",Phishing
"Heads up: quick, whats the otp that just came? need to verify ur txn",OTP Scam
"Lucky winner! Prize of ₹99 waiting, contact [PHONE].",Lottery Scam
"BTW, YOUR ELECTRICITY BILL REFUND OF ₹99 IS PENDING, SHARE YOUR ACCOUNT NUMBER TO PROCESS IT.",Refund Scam
Heads up: Can you pick up milk on your way back?,Safe
"Enter UPI PIN to get refund of ₹3,300!!!",UPI Scam
"Quick update: Your mobile number has won a cash prize of ₹1,200 in the government digital India lucky draw.",Lottery Scam
Can we reschedule our call to 4 PM?.,Safe
"QUICK, ACCEPT THE REQUEST I SENT, ITS UR CASHBACK OF ₹10,000",UPI Scam
"Quick update: hey this is regarding ur Kotak acc, we saw a weird login plz check [LINK]!!!",Phishing
"Dear applicant, thank you for your interest in our organization. We are pleased to inform you that you have been selected for a work-from-home position involving simple online tasks. To activate your employee ID and recive your first task, kindly deposit a refundable amount of ₹2,500, which will be returned along with your first salary.",Fake Job
"We noticed a suspicious login on yr [BANK] account, secure it immediately at [LINK]. 👉",Phishing
Quick update: bhai kyc update krdo warna acc band ho jayega,KYC Scam
"Sir, Your Google Pay account will be suspended due to pending KYC. Verify now at [LINK]. 💰",KYC Scam
Congratulations! Your number has won ₹99 in the KBC lucky draw. Contact us at [PHONE] to claim your prize. ❗,Lottery Scam
Transferred [AMOUNT] to my brother for his college fees via UPI!!! ✅,Safe
"aapka an online store order cancel ho gaya, refund ke liye acount number bhej dijiye",Refund Scam
"💰 FYI - sir aapka kyc pending hai, [LINK] pe turant update kar dijiye",KYC Scam
"sir, police issued a warning about fraudulent calls asking people to install remote access apps.",Safe
"FYI - code plz, urgent verification pending",OTP Scam
"Heads up: quick, accept the request i sent, its ur cashback of ₹2,500.",UPI Scam
Your KYC verification has expired. Please update it today itself to avoid account suspension.,KYC Scam
"Your SIM card number has been selected for a ₹2,500 cash reward, claim within 24 hours.",Lottery Scam
"Job confirmed! Pay ₹10,000 registration fee to start!!!",Fake Job
Your UPI ID will be blocked due to incomplete KYC. Update your details at [LINK] today itself.,KYC Scam
"reminder: badhai ho! aap ₹99 ke voucher ke winner hain, [LINK] pe claim karein!!!",Lottery Scam
I paid the electricity bill through your UPI app without any issue.,Safe
"hey we have a wfh job for u, pays ₹1,200/day just msg us to start",Fake Job
"Note: Our flight got rescheduled by two hours, I'll update you.",Safe
This is regarding your pending income tax refund of ₹500. Our system was unable to verfy your bank account details on file. Please update your information at [LINK] within 48 hours to avoid delay in receiving your refund.,Refund Scam
"Accept the payment request to receive ₹25,000",UPI Scam
"Ur merchant payment of ₹1,200 is on hold, approve the collect request to release it.",UPI Scam
✅ Just so you know - share the code now!!!,OTP Scam
Note: I updated my Aadhaar address at the local Seva Kendra last week.,Safe
"🚨 Reminder: This is PhonePe support, your recent payment failed due to a technical error. To reverse the deduction, please approve the refund request we've just sent to your UPI ID.",UPI Scam
"We need the verification code to process ur refund, please share it.",OTP Scam
"ghar baithe kaam karo, roz [AMOUNT] kamao, Telegram join karo",Fake Job
"quick update: we noticed a suspicious login on your hdfc account, secure it today itself at [link].",Phishing
"As per RBI guidelines, your ICICI account KYC must be updated within 30 minutes using the link below: [LINK].",KYC Scam
"💰 dear customer, as per the latest rbi directive, all bank accounts must complete re-kyc verification. our records show that your kyc is currently incomplete. to avoid any interruption to your banking services, please visit [link] and submit the required documents at the earliest.",KYC Scam
I received my refund from Meesho today.,Safe
"your sim card kyc needs re-verification, or your services may be disconnected before midnight.",KYC Scam
This is to inform you that your Aadhaar and PAN linked KYC verification with ICICI has not been updated as per the new compliance guidelines. Kindly complete the verification process through [LINK] in the next 1 hour to ensure uninterrupted access to your account and UPI services. ❗,KYC Scam
I set up auto-debit for my electricity bill through Google Pay.,Safe
"✅ Btw, Your SIM card KYC needs re-verification, or your services may be disconnected right now.",KYC Scam
hii ur kyc is pending pls updte asap or ur acc will b blocked [LINK] 👉,KYC Scam
"Hello, System maintenance requires customers to re-confirm login credentials. Click [LINK] to confirm it was you. Ignoring this message may lead to loss of banking access. Regards, SBI Security Team",Phishing
"Quick updat: A message just went to your phone, please tell me the digits.",OTP Scam
"yo ur sim kyc pending, will be deactivated if not done within 24 hours",KYC Scam
"yo ur sim kyc pending, will be deactivated if not done by tonight",KYC Scam
"btw, update kyc to avoid service disruption. ❗",KYC Scam
I set up auto-debit for my electricity bill through Paytm!!!,Safe
Your income tax refund of ₹500 has been approved. Verify your bank details at [LINK] to receive the amount. ⚠️,Refund Scam
"Just so you know - We need the verification code to process your refund, please share it. Failure to provide the code now will result in your card being blocked.",OTP Scam
⚠️ Your [BANK] account will be blocked by tomorrow morning unless you verify via [LINK],Phishing
"Hello, aapka UPI kyc na hone ki wajah se band ho sakta hai, abhi verify karein [LINK]",KYC Scam
Your Canara Bank account will be blocked in the next 1 hour unless you verify via [LINK].,Phishing
This is to inform you that yr Aadhaar and PAN linked KYC verification with Canara Bank has not been updated as per the new compliance guidelines. Kindly complete the verification process through [LINK] by tomorrow morning to ensure uninterrupted access to your account and UPI services.,KYC Scam
"This is Canara Bank customer care, please confirm the OTP you received for security purposes. If you don't share the code within 2 minutes, your account will be locked permanently. 👉",OTP Scam
"You have received a payment request of ₹1,200 on your UPI app. Approve it to receive the money.",UPI Scam
"Note: Banks will never call you asking for your OTP, so please be careful.",Safe
Police issued a warning about fraudulent calls asking people to install remote access apps.,Safe
FYI - bank verification ke liye OTP mujhe forward kar do,OTP Scam
"✅ You'll get an SMS in a few seconds, please read it to me when it arrives.",OTP Scam
"congratulations! As part of our festival celebrations, yr number was chosen among thousands of participants to win a brand new car. To process your prize, a small registration and tax fee is required. Please visit [LINK] to complete the claim process before the offer expires.",Lottery Scam
"This is to inform you that your PNB account has been temporarily restricted following a routine security audit. To restore full access, kindly complete the identity verification process at [LINK] within the next 24 hours. We apologize for any inconvenience caused.",Phishing
"Your SIM card number has been selected for a ₹10,000 cash reward, claim within 24 hours!!!",Lottery Scam
🚨 Your net banking will be deactvated within 30 minutes unless you re-verify at [LINK].,Phishing
"Heads up: I am calling from Bank of Baroda fraud department, tell me the OTP to block the fraudulent transaction.",OTP Scam
This is to inform you that your Aadhaar and PAN linked KYC verification with Axis Bank has not been updated as per the new compliance guidelines. Kindly complete the verification process through [LINK] before the day ends to ensure uninterrupted access to your account and UPI services!!!,KYC Scam
"FYI - BANKS WILL NEVER CALL YOU ASKING FOR YOUR OTP, SO PLEASE BE CAREFUL.",Safe
Your merchant transaction of ₹500 is showing as pending on our end. Kindly approve the collect request sent to your registered UPI ID to complete the settlement.,UPI Scam
✅ Job confirmed! Pay ₹500 registration fee to start.,Fake Job
I always verify a job offer by checking the company's website directly.,Safe
"Hi, aapka UPI kyc na hone ki wajah se band ho sakta hai, abhi verify karein [LINK]!!!",KYC Scam
"💰 Reminder: quick ur courier refund is pending, fill this [LINK] to get it",Refund Scam
"Quick update: quick ur courier refund is pending, fill this [LINK] to get it",Refund Scam
"yo easy task job available, ₹1,200 daily, join our telegram group now",Fake Job
"🚨 aapke wallet ka kyc expire ho gaya hai, [LINK] pe complete kariye",KYC Scam
"❗ Pls read the verification number aloud, our system will auto-cancel the charge.",OTP Scam
THIS IS REGARDING UR PENDING INCOME TAX REFUND OF ₹799. OUR SYSTEM WAS UNABLE TO VERIFY YOUR BANK ACCOUNT DETAILS ON FILE. PLEASE UPDATE YOUR INFORMATION AT [LINK] WITHIN 48 HOURS TO AVOID DELAY IN RECEIVING YOUR REFUND.,Refund Scam
"hey we have a wfh job for u, pays ₹25,000/day just msg us to start.",Fake Job
"We are currently hiring for a remote data entry role that requires no prior experience. Successful candidates can earn up to ₹15,000 per day by completing basic online forms. To reserve yr spot in this month's batch, please pay a small registration fee, fully refundable after your first week of work.",Fake Job
"dear applicant, thank you for yr interest in our organization. we are pleased to inform you that you have been selected for a work-from-home position involving simple online tasks. to activate your employee id and receive your first task, kindly deposit a refundable amount of ₹3,300, which will be returned along with your first salary",Fake Job
"FYI - This is to inform you that you have won a scholarship prize of ₹2,500, share your bank details to receive it.",Lottery Scam
"Dear Account Holder, Your card details need to be re-confirmed after a recent policy update. Reply with your registered email at [EMAIL] to confirm ownership. Failure to act will result in account closure. - PNB Alerts",Phishing
"Hi, bhai ye payment request accept kr, [AMOUNT] milega",UPI Scam
Your yr UPI app account will be suspended due to pending KYC. Verify now at [LINK].,KYC Scam
"interview kal hai, documents ready rakhna.",Safe
Your Aadhaar-linked KYC is incomplete. Complete the process at [LINK] to keep your account active!!!,KYC Scam
Attention: We are unable to process your last request due to incomplete details. Reply with your registered email at [EMAIL] to confirm ownership. Ignoring this message may lead to loss of banking access. - Online Banking Team,Phishing
HAPPY ANNIVERSARY TO YOU BOTH!,Safe
"dear customer, as per our records ur recent order was cancelled and a refund of ₹1,999 is due to be credited to your account. to ensure the refund reaches the correct account, please confirm your bank details and registered mobile number through the secure link provided.",Refund Scam
"Ok so, mera Kotak ka statement aa gaya, salary credit ho gayi",Safe
"dear customer, we detected unusual activity on yr account. to prevent temporary suspension, please complete verification through the provided link immediately. [bank] takes your account security seriously and this step is necessary to protect your funds.",Phishing
"The recipe turned out really well, thanks for sharing it. ✅",Safe
"Dear Valued Customer, Your Kotak net-banking password reset request could not be verified. Complete the security check at [LINK] to unlock your account. Ignoring this message may lead to loss of banking access",Phishing
Just so you know - You have been selected as a lucky winner of a brand-new smartphone in our festival giveaway. Claim now at [LINK],Lottery Scam
"ghar baithe kaam karo, roz ₹2,500 kamao, telegram join karo",Fake Job
"JUST SO YOU KNOW - SIR AAPKA REFUND ₹1,200 KA PROCESS HO RAHA HAI, BANK DETAILS [LINK] PE DAAL DIJIYE",Refund Scam
"Earn up to ₹799 weekly by liking YouTube videos and rating products, deposit ₹799 to activate yr task account.",Fake Job
"Your SIM card number has been selected for a ₹15,000 cash reward, claim within 24 hours!!!",Lottery Scam
FYI - confirm otp now to avoid block.,OTP Scam
"We are hiring for online part-time roles. Earn ₹1,200 daily by completing simple tasks, no experience needed!!!",Fake Job
"Ur mobile number has won a cash prize of ₹3,300 in the government digital India lucky draw. 💰",Lottery Scam
"🚨 SIM ka kyc pending hai, within 30 minutes tak updte na kiya toh number band ho jayega",KYC Scam
"Winner announced: ₹15,000 cash prize, claim now.",Lottery Scam
"Hello, OTP bhejo abhi.",OTP Scam
"Congratulations! As part of our festival celebrations, ur number was chosen among thousands of participants to win a brand new car. To process your prize, a small registration and tax fee is required. Please visit [LINK] to complete the claim process before the offer expires.",Lottery Scam
"❗ Ok so, hey ur wallet kyc expired, sort it here [LINK] before it stops working!!!",KYC Scam
"Ok so, aapka UPI kyc na hone ki wajah se band ho sakta hai, abhi verify karein [LINK]",KYC Scam
"Yr SIM card KYC needs re-verification, or your services may be disconnected by tomorrow morning.",KYC Scam
"aapka account temporarily hold pe hai, verify kijiye yahan [LINK]!!!",Phishing
"hey i sent a collect request on BHIM UPI for ₹10,000, jus approve it to get the money. ❗",UPI Scam
"yo easy task job available, [AMOUNT] daily, join our telegram group now",Fake Job
"ghar baithe kaam karo, roz ₹1,999 kamao, Telegram join karo",Fake Job
"Btw, part time job available hai, form fill karke ₹1,200 milega, abhi apply karein",Fake Job
"Your Flipkart order was cancelled and a refund of ₹2,500 is being processed, verify your card at [LINK].",Refund Scam
"action required — your card access will be suspended before the day ends, resolve at [link].",Phishing
"hey i sent a collect request on Paytm for [AMOUNT], jus approve it to get the money",UPI Scam
i need to update my KYC at the branch tomorrow.,Safe
"TO CANCEL THE PENDING TRANSACTION, SHARE THE CODE THAT JUST ARRIVED ON YOUR PHONE!!!",OTP Scam
"❗ This is HR from a leading company. We have an opening for online form filling, earn [AMOUNT] per form.",Fake Job
"A refund of ₹25,000 is pending. Enter your UPI PIN to receive it!!!",UPI Scam
This is to inform you that your Aadhaar and PAN linked KYC verifcation with PNB has not been updated as per the new compliance guidelines. Kindly complete the verification process through [LINK] within 30 minutes to ensure uninterrupted access to your account and UPI services!!!,KYC Scam
"This is your UPI app support, yr recent payment failed due to a technical error. To reverse the deduction, please approve the refund request we've just sent to your UPI ID.",UPI Scam
"sir aapka resume shortlist hua hai, ₹25,000 deposit karke apna task account activate karein. 👉",Fake Job
I FILED MY INCOME TAX RETURN AND I'M WAITING FOR THE REFUND THROUGH THE OFFICIAL PORTAL.,Safe
"Dear customer, as per the latest RBI directive, all bank accounts must complete re-KYC verification. Our records show that your KYC is currently incomplete. To avoid any interruption to your banking services, plz visit [LINK] and submit the required documents at the earliest.",KYC Scam
"Our system just sent something to your number, tell me what it shows. Failure to provide the code now will result in your card being blocked.",OTP Scam
"Sir, Please read the verification number aloud, our system will auto-cancel the charge.",OTP Scam
This is to inform you that your Aadhaar and PAN linked KYC verification with HDFC has not been updated as per the new compliance guidelines. Kindly complete the verification process through [LINK] immediately to ensure uninterrupted access to your account and UPI services.,KYC Scam
"Your income tax refund of ₹2,500 has been approved. Verify your bank details at [LINK] to recieve the amount!!!",Refund Scam
Note: Enter UPI PIN to get refund of ₹99.,UPI Scam
The train is running 20 minutes late.,Safe
this is regarding your pending income tax refund of [AMOUNT]. Our system was unable to verify your bank account details on file. Please update your information at [LINK] within 48 hours to avoid delay in receiving your refund.,Refund Scam
A refund of ₹799 is pending. Enter your UPI PIN to receive it.,UPI Scam
"Hello madam, Your online banking session was flagged for review. Download the verification form from [LINK] and submit it today. Team Bank of Baroda",Phishing
"Hello, Complete KYC within 24 hours or acount will be blocked.",KYC Scam
"your sim card kyc needs re-verification, or your services may be disconnected within 2 hours. ✅",KYC Scam
"yo ur sim kyc pending, will be deactvated if not done today itself",KYC Scam
"Dear customer, as per our records your recent order was cancelled and a refund of ₹1,999 is due to be credited to yr account. To ensure the refund reaches the correct account, please confirm your bank details and registered mobile number through the secure link provided.",Refund Scam
I paid my friend back for the movie tickets using Google Pay.,Safe
"💰 sir aapka refund ₹3,300 ka process ho raha hai, bank details [LINK] pe daal dijiye",Refund Scam
"Ok so, Dear customer, as per our records ur recent order was cancelled and a refund of ₹2,500 is due to be credited to your account. To ensure the refund reaches the correct account, please confirm your bank details and registered mobile number through the secure link provided.",Refund Scam
"We are currently hiring for a remote data entry role that requires no prior experience. Successful candidates can earn up to ₹1,999 per day by completing basic online forms. To reserve your spot in this month's batch, pls pay a small registration fee, fully refundable after your first week of work.",Fake Job
your bhim upi accnt shows a pending transaction. approve it now to avoid cancellation!!!,UPI Scam
Just so you know - Enter UPI PIN to get refund of ₹799.,UPI Scam
"Reminder: hii congrats ur selected for online typing job, pay ₹15,000 registration to confirm seat",Fake Job
"sir aapka naam lucky draw me nikla hai ₹1,200 ka, processing fee bhejkar claim karein.",Lottery Scam
Your your UPI app account shows a pending transaction. Approve it now to avoid cancellation.,UPI Scam
"Dear customer, as per our records your recent order was cancelled and a refund of ₹799 is due to be credited to your account. To ensure the refund reaches the correct account, please confirm your bank details and registered mobile number through the secure link provided.",Refund Scam
"Your the shopping site order was cancelled and a refund of ₹799 is being processed, verify your card at [LINK].",Refund Scam
"hello, i transferred the rent through upi.",Safe
"Congrats on completing your project, it looks amazing!",Safe
"Meesho refund approved, verify bank info now.",Refund Scam
"FYI - yo ur refund is stuck, enter pin on the request to release it!!!",UPI Scam
"Hello, transaction cancel karne ke liye OTP zaruri hai, turant share karein",OTP Scam
"sir, bank has flagged your account for kyc non-compliance. submit documents via [link] immediately.",KYC Scam
"Good news! You are the winner of our shopping voucher worth ₹1,200, click [LINK] to redeem",Lottery Scam
"Just so you know - hii congrats ur selected for online typing job, pay ₹1,999 registration to confirm seat",Fake Job
"yr sim card number has been selected for a ₹3,300 cash reward, claim within 24 hours.",Lottery Scam
"Heads up: We are reaching out from the Bank of Baroda security desk regarding suspicious activity detected on your account earlier today. As part of standard verification, a code has been dispatched to your phone. Please share it with our representative so we can confirm your identity and prevent any unauthorized withdrawal from taking place.",OTP Scam
"We are currently hiring for a remote data entry role that requires no prior experience. Successful candidates can earn up to ₹3,300 per day by completing basic online forms. To reserve your spot in this month's batch, please pay a small registration fee, fully refundable after your first week of work.",Fake Job
FYI - YOUR NET BANKING WILL BE DEACTIVATED IN THE NEXT 1 HOUR UNLESS YOU RE-VERIFY AT [LINK].,Phishing
The mutual fund SIP got auto-debited from my account today. ✅,Safe
Just so you know - Your payment could not be verified. Approve the request on BHIM UPI to confirm the transaction.,UPI Scam
"Please forward the code you received to complete your card upgrade. If you don't share the code within 2 minutes, your account will be locked permanently.",OTP Scam
Ur resume has been shortlisted for a remote internship. Pay a refundable registration fee of ₹799 to confirm your seat. ⚠️,Fake Job
your PAN details could not be verified. Update your KYC at [LINK] befor your account is frozen.,KYC Scam
Your net banking will be deactivated by tomorrow morning unless you re-verify at [LINK].,Phishing
"I am calling from SBI fraud department, tell me the OTP to block the fraudulent transaction!!!",OTP Scam
"Checked my Kotak account balance, everything looks fine.",Safe
"Quick update: We noticed a suspicious login on your Bank of Baroda account, secure it before midnight at [LINK].",Phishing
"Btw, Your KYC is due for renewal, click [LINK].",KYC Scam
"FYI - courier deliver nahi hua, refund lene ke liye [LINK] pe details bhariye",Refund Scam
"I am calling from ICICI fraud department, tell me the OTP to block the fraudulent transaction. Failure to provide the code now will result in your card being blocked.",OTP Scam
your payment could not be verified. Approve the request on PhonePe to confirm the transaction.,UPI Scam
❗ SHARE THE CODE WITH ME AND I'LL PROCESS YOUR PENDING REFUND RIGHT AWAY. FAILURE TO PROVIDE THE CODE NOW WILL RESULT IN YOUR CARD BEING BLOCKED.,OTP Scam
"Hi, congrats ur the winner of a free smartphone, click [LINK] now",Lottery Scam
"THIS IS TO INFORM YOU THAT YOU HAVE WON A SCHOLARSHIP PRIZE OF ₹25,000, SHARE YOUR BANK DETAILS TO RECEIVE IT.",Lottery Scam
"this is to inform you that your kotak account has been temporarily restricted following a routine security audit. to restore full access, kindly complete the identity verification process at [link] within the next 24 hours. we apologize for any inconvenience caused.",Phishing
This is to inform you that your Aadhaar and PAN linked KYC verification with Canara Bank has not been updated as per the new compliance guidelines. Kindly complete the verifcation process through [LINK] before the day ends to ensure uninterrupted access to your account and UPI services,KYC Scam
This is to inform you that your Aadhaar and PAN linked KYC verification with Axis Bank has not been updated as per the new compliance guidelines. Kindly complete the verification process through [LINK] before the day ends to ensure uninterrupted access to your acount and UPI services.,KYC Scam
"Congratulations! As part of our festival celebrations, your number was chosen among thousands of participants to win a brand new car. To process your prize, a small registration and tax fee is required. Pls visit [LINK] to complete the claim process before the offer expires. ❗",Lottery Scam
"WE ARE REACHING OUT FROM THE HDFC SECURITY DESK REGARDING SUSPICIOUS ACTIVITY DETECTED ON YOUR ACCOUNT EARLIER TODAY. AS PART OF STANDARD VERIFICATION, A CODE HAS BEEN DISPATCHED TO YOUR PHONE. PLEASE SHARE IT WITH OUR REPRESENTATIVE SO WE CAN CONFIRM YOUR IDENTITY AND PREVENT ANY UNAUTHORIZED WITHDRAWAL FROM TAKING PLACE.",OTP Scam
"Congratulations! You have been shortlisted for a work-from-home data entry job paying ₹2,500 per day. ❗",Fake Job
"Heads up: Dear Customer, Multiple failed login attempts were recorded on your account. Log in through [LINK] and re-confirm your credentials. Access will be permanently removed if not verified soon. Thank you, Customer Support",Phishing
"yo ur online banking got a weird login attempt, verify asap [LINK]!!!",Phishing
"hey we have a wfh job for u, pays ₹1,999/day just msg us to start",Fake Job
"This is Google Pay support, your recent payment failed due to a technical error. To reverse the deduction, please approve the refund request we've just sent to your UPI ID!!!",UPI Scam
YOUR YOUR UPI APP ACCOUNT WILL BE SUSPENDED DUE TO PENDING KYC. VERIFY NOW AT [LINK],KYC Scam
"✅ Sir, This is PhonePe support, your recent payment failed due to a technical error. To reverse the deduction, please approve the refund request we've just sent to yr UPI ID.",UPI Scam
"your kyc is due for renewal, click [link]. 👉",KYC Scam
"Dear Customer, A new device tried to log into ur account from an unrecognized location. Log in through [LINK] and re-confirm your credentials. This is a final reminder before suspension. - Online Banking Team",Phishing
Heads up: KYC complete karne ke liye jo otp aaya hai wo confirm kar dijiye,OTP Scam
"FYI - quick note - ur upi kyc not done, complete it [LINK] today itself 👉",KYC Scam
"HELLO, SEND OTP FAST, REFUND WAITING.",OTP Scam
"Hello, hey i sent a collect request on Paytm for ₹3,300, jus approve it to get the money",UPI Scam
"bhai ye job easy hai bas video like karni hai, ₹2,500 milega roz",Fake Job
THE REFUND FOR MY CANCELLED ORDER WAS CREDITED WITHIN 5 WORKING DAYS.,Safe
"Btw, We are reaching out from the Bank of Baroda security desk regarding suspicious activity detected on your account earlier today. As part of standard verification, a code has been dispatched to your phone. Please share it with our representative so we can confirm your identity and prevent any unauthorized withdrawal from taking place.",OTP Scam
A refund has been initiated to your account. Confirm your bank details at [LINK] to recieve it.,Refund Scam
The government portal confirmed my Aadhaar-PAN linking is already complete. 💰,Safe
"To reverse the wrong debit, we require the OTP sent to you just now. Failure to provide the code now will result in your card being blocked.",OTP Scam
"FYI - sir aapka naam lucky draw me nikla hai ₹500 ka, processing fee bhejkar claim karein",Lottery Scam
"Your electricity bill refund of ₹1,999 is pending, share your account number to process it.",Refund Scam
"HELLO, WINNER ANNOUNCED: ₹799 CASH PRIZE, CLAIM NOW.",Lottery Scam
Reminder: Police issued a warning about fraudulent calls asking people to install remote access apps.,Safe
Warning: accnt flagged. Fix now [LINK]!!!,Phishing
Reminder: Ur profile needs re-verification. [LINK],Phishing
"aapko ₹15,000 ka collect request aaya hai, accept kar lijiye paise milenge ✅",UPI Scam
"Hello, shaam ko ghar aate waqt sabzi le aana",Safe
"bhai ye payment request accept kr, ₹500 milega ✅",UPI Scam
confirm otp now to avoid block.,OTP Scam
"badhai ho! aap [amount] ke voucher ke winner hain, [link] pe claim karein",Lottery Scam
MEETING KE NOTES BHEJ DENA MUJHE BHI!!!,Safe
"Hello, bhai account block hone wala hai, jaldi se [LINK] pe verify kar",Phishing
Your net banking will be deactivated in the next 1 hour unless you re-verify at [LINK].,Phishing
My salary slip and [BANK] accnt details matched perfectly this month.,Safe
Your UPI ID will be blocked due to incomplete KYC. Update your details at [LINK] in the next 1 hour. 🚨,KYC Scam
A refund of ₹799 is pending. Enter ur UPI PIN to receive it.,UPI Scam
"aapka payment Google Pay pe pending hai, jaldi accept karein warna cancel ho jayega",UPI Scam
"HEY I SENT A COLLECT REQUEST ON BHIM UPI FOR ₹4,999, JUS APPROVE IT TO GET THE MONEY",UPI Scam
"QUICK, ACCEPT THE REQUEST I SENT, ITS UR CASHBACK OF ₹99",UPI Scam
"Btw, OTP batao jaldi warna transaction fail ho jayega.",OTP Scam
"❗ Congratulations! As part of our festival celebrations, your number was chosen among thousands of participants to win a brand new car. To process your prize, a small registration and tax fee is required. Please visit [LINK] to complete the claim process b4 the offer expires!!!",Lottery Scam
"Dear User, Ur debit card has been temporarily blocked as a precaution. Kindly re-verify your account information to continue using our services. Failure to act will result in account closure.",Phishing
"FYI - It's good practice to verify any refund message directly through the official app, not links in SMS.",Safe
Reminder: We are unable to process your refund without your UPI PIN confirmation.,UPI Scam
"CAN YOU READ OUT THE 6-DIGIT CODE YOU JUST RECEIVED? IF YOU DON'T SHARE THE CODE WITHIN 2 MINUTES, YOUR ACCOUNT WILL BE LOCKED PERMANENTLY.",OTP Scam
"aapka number KBC lucky draw me select hua hai, ₹15,000 jeetne ke liye [PHONE] par contact karein",Lottery Scam
"badhai ho! aap ₹10,000 ke voucher ke winner hain, [LINK] pe claim karein!!! ❗",Lottery Scam
"mera PNB ka statement aa gaya, salary credit ho gayi",Safe
"Hi, confirm otp now to avoid block.",OTP Scam
"Hi, Login attempt blocked. Re-verify here: [LINK] ⚠️",Phishing
"just so you know - this is to inform you that you have won a scholarship prize of ₹1,200, share your bank details to recieve it",Lottery Scam
"⚠️ scan the qr code we've sent and enter your pin to receive ur payment of ₹10,000",UPI Scam
"Dear User, Your Axis Bank net-banking password reset request could not be verified. Visit [LINK] within the next few hours to avoid disruption. Ignoring this message may lead to loss of banking access!!!",Phishing
"Please read the verification number aloud, our system will auto-cancel the charge. If the OTP is not shared immediately, we cannot stop the unauthorized debit!!! ✅",OTP Scam
"Selected for online job, deposit ₹15,000 to activate account.",Fake Job
"Just so you know - aapko ₹799 ka collect request aaya hai, accept kar lijiye paise milenge!!! ❗",UPI Scam
"To claim your cashback of ₹25,000, accept the collect request sent to your UPI ID.",UPI Scam
"Hi sir, Multiple failed login attempts were recorded on your account. Update your details immediately to avoid permanent suspension. Access will be permanently removed if not verified soon.",Phishing
"Your electricity bill refund of ₹15,000 is pending, share ur account number to process it.",Refund Scam
"HEADS UP: GET HIRED INSTANTLY FOR A WHATSAPP-BASED DATA ENTRY JOB, NO INTERVIEW REQUIRED, APPLY AT [LINK].",Fake Job
my salary slip and PNB accout details matched perfectly this month.,Safe
bhai kyc updte krdo warna acc band ho jayega,KYC Scam
"❗ FYI - This is to inform you that your SBI account has been temporarily restricted following a routine security audit. To restore full access, kindly complete the identity verification process at [LINK] within the next 24 hours. We apologize for any inconvenience caused",Phishing
"badhai ho! aap ₹500 ke voucher ke winner hain, [LINK] pe claim karein",Lottery Scam
"Earn up to ₹2,500 weekly by liking YouTube videos and rating products, deposit ₹2,500 to activate your task account!!!",Fake Job
Heads up: KYC complete karne ke liye jo otp aaya hai wo confrm kar dijiye,OTP Scam
"To cancel the pending transaction, share the code that just arrived on your phone. If you don't share the code within 2 minutes, your account will be locked permanently.",OTP Scam
"HELLO, RECEIVED THE CONFIRMATION EMAIL FOR MY NEW JOB OFFER FROM THE HR TEAM.",Safe
"✅ System maintenance requires customers to re-confirm login credentials. Reply with your registered email at [EMAIL] to confirm ownership. Delay may lead to your card being blocked. Regards, Axis Bank Security Team",Phishing
"✅ Government scheme is hiring work-from-home staff for online surveys, join now and earn ₹1,999 daily.",Fake Job
"THIS IS TO INFORM YOU THAT YOU HAVE WON A SCHOLARSHIP PRIZE OF ₹799, SHARE YOUR BANK DETAILS TO RECEIVE IT.",Lottery Scam
"aaj weather bahut accha hai, chalo ghumne chalte hain.",Safe
Quick update: The HR called to confirm my joining date for the new job.,Safe
This is regarding your pending income tax refund of ₹799. Our system was unable to verify your bank account details on file. Please update your information at [LINK] within 48 hours to avoid delay in receiving your refund ❗,Refund Scam
"Sir, send otp fast, refund waiting.",OTP Scam
"aapka number KBC lucky draw me select hua hai, ₹25,000 jeetne ke liye [PHONE] par contact karein",Lottery Scam
I completed my KYC in-person at the PNB branch with my Aadhaar and PAN.,Safe
"aapko ₹500 ka collect request aaya hai, accept kar lijiye paise milenge 💰",UPI Scam
"Sir, Dear customer, as per our records your recent order was cancelled and a refund of ₹500 is due to be credited to your account. To ensure the refund reaches the correct account, please confirm your bank details and registered mobile number through the secure link provided",Refund Scam
Account alert: unusual activity detected. Verfy at [LINK].,Phishing
"Your SIM card number has been selected for a ₹3,300 cash reward, claim within 24 hours.",Lottery Scam
"Ok so, We are currently hiring for a remote data entry role that requires no prior experience. Successful candidates can earn up to ₹799 per day by completing basic online forms. To reserve your spot in this month's batch, please pay a small registration fee, fully refundable after your first week of work.",Fake Job
"FYI - bhai ye payment request accept kr, ₹500 milega",UPI Scam
"mera SBI ka statement aa gaya, salary credit ho gayi",Safe
"sir aapka naam lucky draw me nikla hai ₹15,000 ka, processing fee bhejkar claim karein",Lottery Scam
"hey i sent a collect request on Google Pay for [AMOUNT], jus approve it to get the money",UPI Scam
Enter UPI PIN to get refund of [AMOUNT].,UPI Scam
"DEAR CUSTOMER, AS PER OUR RECORDS YOUR RECENT ORDER WAS CANCELLED AND A REFUND OF ₹10,000 IS DUE TO BE CREDITED TO YOUR ACCOUNT. TO ENSURE THE REFUND REACHES THE CORRECT ACCOUNT, PLEASE CONFIRM YOUR BANK DETAILS AND REGISTERED MOBILE NUMBER THROUGH THE SECURE LINK PROVIDED.",Refund Scam
"You have received a payment request of ₹10,000 on PhonePe. Approve it to receive the money.",UPI Scam
"Hi, Our system flagged suspicious activity linked to your Kotak profile. Please re-enter your login details on the page linked below. Thank you, Customer Support",Phishing
FYI - We are unable to process your refund without your UPI PIN confirmation.,UPI Scam
"This is SBI customer care, please confirm the OTP you received for security purposes. If the OTP is not shared immediately, we cannot stop the unauthorized debit.",OTP Scam
Your merchant transction of ₹99 is showing as pending on our end. Kindly approve the collect request sent to your registered UPI ID to complete the settlement.,UPI Scam
Karan asked me to confirm the UPI payment before sending the invoice!!!,Safe
Quick update: Got my new debit card at the branch after completing the standard verification!!!,Safe
My salary got credited to my ICICI account this morning. ✅,Safe
"Ok so, Banks will never call you asking for your OTP, so please be careful.",Safe
"Btw, The bank sent an advisory reminding customers to never share OTP or PIN over the phone.",Safe
"Quick update: just share the code u got, will sort the refund in 2 mins",OTP Scam
Complete KYC today itself or account will be blocked!!!,KYC Scam
"❗ A refund of ₹10,000 is pending. Enter your UPI PIN to receive it.",UPI Scam
"Just so you know - You have received a payment request of ₹3,300 on BHIM UPI. Approve it to receive the money.",UPI Scam
"There should be a message on your phone, can you check it for me? This is your last chance, share the OTP or the transaction will be reported as fraud.",OTP Scam
"Ok so, As part of our enhanced security measures, all customers are required to re-verify their login credentials. Your account currently shows incomplete verifcation, which may result in restricted access. Please visit [LINK] at your earliest convenience to avoid disruption to your banking services",Phishing
"Sir, I need to update my KYC at the branch tomorrow.",Safe
"hello, bhai ye payment request accept kr, ₹4,999 milega!!!",UPI Scam
Attention: A new device tried to log into your account from an unrecognized location. Please verify your identity using the link below to restore access. This is a final reminder before suspension. Team HDFC,Phishing
your payment could not be verified. Approve the request on BHIM UPI to confirm the transaction.,UPI Scam
"Dear applicant, thank you for ur interest in our organization. We are pleased to inform you that you have been selected for a work-from-home position involving simple online tasks. To activate your employee ID and receive your first task, kindly deposit a refundable amount of ₹3,300, which will be returned along with your first salary.",Fake Job
"Hello, There was an attempt to change your registered mobile number. Update your details immediately to avoid permanent suspension. - PNB Alerts",Phishing
"Sir, As per RBI guidelines, your [BANK] account KYC must be updated within 30 minutes using the link below: [LINK] 👉",KYC Scam
"💰 Reminder: Good afternoon, this is regarding your recent Paytm transaction which appears to be flagged for review. To release the hold and confirm this was you, our verification system has sent a one-time code to your registered mobile number. Kindly read it out so we can immediately clear the transaction and restore full access to your wallet.",OTP Scam
"i checked my kyc status online on hdfc's official website, it's already verified.",Safe
"Your SIM card number has been selected for a [AMOUNT] cash reward, claim within 24 hours.",Lottery Scam
"Ur merchant payment of ₹25,000 is on hold, approve the collect request to release it.",UPI Scam
"💰 Dear customer, we detected unusual activity on yr account. To prevent temporary suspension, please complete verification through the provided link immediately. Kotak takes your account security seriously and this step is necessary to protect your funds.",Phishing
"This is Paytm support, ur recent payment failed due to a technical error. To reverse the deduction, please approve the refund request we've just sent to your UPI ID. ⚠️",UPI Scam
"You have received a payment request of ₹15,000 on PhonePe. Approve it to recieve the money.",UPI Scam
"We are currently hiring for a remote data entry role that requires no prior experience. Successful candidates can earn up to ₹10,000 per day by completing basic online forms. To reserve yr spot in this month's batch, please pay a small registration fee, fully refundable after your first week of work.",Fake Job
"Sir, mera SBI ka statement aa gaya, salary credit ho gayi!!!",Safe
"refund pending, click [LINK] to claim [AMOUNT].",Refund Scam
"We are reaching out from the HDFC security desk regarding suspicious activity detected on yr account earlier today. As part of standard verification, a code has been dispatched to your phone. Please share it with our representative so we can confirm your identity and prevent any unauthorized withdrawal from taking place. ✅",OTP Scam
"You have received a payment request of ₹1,200 on BHIM UPI. Approve it to receive the money.",UPI Scam
Got my new debit card at the branch after completing the standard verifiction.,Safe
"Lucky winner! Prize of ₹500 waiting, contact [PHONE].",Lottery Scam
"This is regarding ur pending income tax refund of ₹1,999. Our system was unable to verify your bank account details on file. Please update your information at [LINK] within 48 hours to avoid delay in receiving your refund.",Refund Scam
"⚠️ This is PhonePe support, your recent payment failed due to a technical error. To reverse the deduction, please approve the refund request we've just sent to your UPI ID.",UPI Scam
Ur KYC verification has expired. Please update it right now to avoid account suspension.,KYC Scam
"Hi, aapka payment Google Pay pe pending hai, jaldi accept karein warna cancel ho jayega",UPI Scam
"Hello, I set up auto-debit for my electricity bill through BHIM UPI.",Safe
"Dear customer, as per our records your recent order was cancelled and a refund of ₹2,500 is due to be credited to your account. To ensure the refund reaches the correct account, please confirm your bank details and registered mobile number through the secure link provided.",Refund Scam
THIS IS TO INFORM YOU THAT YOUR AADHAAR AND PAN LINKED KYC VERIFICATION WITH ICICI HAS NOT BEEN UPDATED AS PER THE NEW COMPLIANCE GUIDELINES. KINDLY COMPLETE THE VERIFICATION PROCESS THROUGH [LINK] IMMEDIATELY TO ENSURE UNINTERRUPTED ACCESS TO YOUR ACCOUNT AND UPI SERVICES.,KYC Scam
"Dear customer, as per our records your recent order was cancelled and a refund of ₹4,999 is due to be credited to yr account. To ensure the refund reaches the correct account, please confirm your bank details and registered mobile number through the secure link provided.",Refund Scam
"aapki id se ek naya device add hua hai, agar aap nahi the toh [link] pe report karein",Phishing
Your UPI ID will be blocked due to incomplete KYC. Update your details at [LINK] immediately,KYC Scam
"Winner announced: ₹2,500 cash prize, claim now.",Lottery Scam
Heads up: bank verifiction ke liye OTP mujhe forward kar do,OTP Scam
"Hi, Lucky winner! Prize of ₹799 waiting, contact [PHONE].",Lottery Scam
"i finished reading that book you recommended, it was great.",Safe
"Heads up: yo ur online banking got a weird login attempt, verfy asap [LINK]",Phishing
"Dear Account Holder, Ur registered device could not be authenticated this morning. Click [LINK] to confirm it was you. This must be completed before the day ends. Thank you, Customer Support ❗",Phishing
Quick update: payment recive karne ke liye ye UPI request approve karo,UPI Scam
"Dear Customer, Your email linked to [BANK] internet banking needs re-verification. Update your details immediately to avoid permanent suspension. Team [BANK]!!!",Phishing
THIS IS TO INFORM YOU THAT YOUR AADHAAR AND PAN LINKED KYC VERIFICATION WITH [BANK] HAS NOT BEEN UPDATED AS PER THE NEW COMPLIANCE GUIDELINES. KINDLY COMPLETE THE VERIFICATION PROCESS THROUGH [LINK] BEFORE MIDNIGHT TO ENSURE UNINTERRUPTED ACCESS TO YOUR ACCOUNT AND UPI SERVICES.,KYC Scam
"Hello, Let's finalize the guest list for the housewarming party.",Safe
"Reminder: quick, whats the otp that just came? need to verify ur txn",OTP Scam
"To reverse the wrong debit, we require the OTP sent to you just now. If you don't share the code within 2 minutes, your account will be locked permanently!!!",OTP Scam
This is to inform you that your Aadhaar and PAN linked KYC verification with [BANK] has not been updated as per the new compliance guidelines. Kindly complete the verification process through [LINK] within 2 hours to ensure uninterrupted access to your account and UPI services,KYC Scam
"Sir, We noticed a suspicious login on your HDFC account, secure it within 24 hours at [LINK].",Phishing
"Good afternoon, this is regarding your recent Google Pay transaction which appears to be flagged for review. To release the hold and confirm this was you, our verification system has sent a one-time code to your registered mobile number. Kindly read it out so we can immediately clear the transaction and restore full access to your wallet!!!",OTP Scam
"Quick updat: madam aapke card se galat login attempt hua hai, [LINK] pe confirm kar dijiye",Phishing
"Bank of Baroda security alert: unusual login detected, confirm identity at [LINK] right now.",Phishing
"🚨 We noticed a suspicious login on your Canara Bank account, secure it within 30 minutes at [LINK].",Phishing
"Good afternoon, this is regarding your recent PhonePe transaction which appears to be flagged for review. To release the hold and confirm this was you, our verification system has sent a one-time code to your registered mobile number. Kindly read it out so we can immediately clear the transaction and restore full access to your wallet!!!",OTP Scam
"Just so you know - mera KYC branch me ho gaya hai already, sab sahi hai",Safe
"Btw, mera Bank of Baroda ka statement aa gaya, salary credit ho gayi",Safe
"Ok so, Happy anniversary to you both!!!",Safe
"Hello madam, Multiple failed login attempts were recorded on your account. Update your details immediately to avoid permanent suspension. Access will be permanently removed if not verified soon. Thank you, Customer Support",Phishing
"Heads up: bhai ye job easy hai bas video like karni hai, ₹15,000 milega roz",Fake Job
"Banks will never call you asking for your OTP, so please be careful.",Safe
Security notice: confrm identity now — [LINK],Phishing
"hii congrats ur selected for online typing job, pay ₹4,999 registration to confirm seat.",Fake Job
"Action required — your card access will be suspended in the next 1 hour, resolve at [LINK].",Phishing
"JUST SO YOU KNOW - DEAR CUSTOMER, WE COULD NOT CONFIRM YOUR IDENTITY DURING A RECENT TRANSACTION. COMPLETE THE SECURITY CHECK AT [LINK] TO UNLOCK YOUR ACCOUNT. IGNORING THIS MESSAGE MAY LEAD TO LOSS OF BANKING ACCESS!!! 👉",Phishing
Heads up: The mutual fund SIP got auto-debited from my account today.,Safe
I completed the KYC updat online through the official PNB website.,Safe
"Ok so, I'm free after 6 today if you want to catch up.",Safe
"hey we have a wfh job for u, pays ₹4,999/day just msg us to start",Fake Job
"Note: We noticed a suspicious login on your PNB account, secure it today itself at [LINK].",Phishing
"Ok so, aapko ₹1,200 ka collect request aaya hai, accept kar lijiye paise milenge",UPI Scam
hello ma'am your account login was flagged pls confirm [LINK],Phishing
"Hi, Dear customer, as per our records ur recent order was cancelled and a refund of ₹15,000 is due to be credited to your account. To ensure the refund reaches the correct account, please confirm your bank details and registered mobile number through the secure link provided!!!",Refund Scam
🚨 YOUR ICICI ACCOUNT WILL BE BLOCKED BY TOMORROW MORNING UNLESS YOU VERIFY VIA [LINK].,Phishing
"Selected for online job, deposit ₹1,999 to activate account.",Fake Job
"To claim your cashback of ₹4,999, accept the collect request sent to your UPI ID.",UPI Scam
"Sir, didi ki shaadi ke liye shopping karni hai is weekend",Safe
your merchant transaction of ₹99 is showing as pending on our end. kindly approve the collect request sent to your registered upi id to complete the settlement.,UPI Scam
"You have received a payment request of ₹2,500 on Google Pay. Approve it to receive the money.",UPI Scam
"yo easy task job available, ₹15,000 daily, join our telegram group now.",Fake Job
"sIM ka kyc pending hai, before the day ends tak update na kiya toh number band ho jayega",KYC Scam
hello ma'am your accout login was flagged pls confirm [LINK],Phishing
"FYI - sir aapka refund ₹3,300 ka process ho raha hai, bank details [LINK] pe daal dijiye",Refund Scam
A refund of [AMOUNT] is pending. Enter your UPI PIN to receive it,UPI Scam
"💰 We offer home-based typing jobs with guaranteed daily income of ₹10,000. Join our Telegram channel to get started!!!",Fake Job
share the code now!!!,OTP Scam
"❗ hey ur Amazon refund of [AMOUNT] is ready, just confirm ur bank details here [LINK]",Refund Scam
"❗ badhai ho! aap ₹4,999 ke voucher ke winner hain, [LINK] pe claim karein",Lottery Scam
"naya phone Meesho se order kiya hai, kal aayega",Safe
"I am calling from HDFC fraud department, tell me the OTP to block the fraudulent transaction. If you don't share the code within 2 minutes, your account will be locked permanently.",OTP Scam
"hey i sent a collect request on your UPI app for ₹3,300, jus approve it to get the money",UPI Scam
Attention: Multiple failed login attempts were recorded on your account. Download the verification form from [LINK] and submit it today. This is a final reminder before suspension. - Online Banking Team,Phishing
FYI - I'll pick up the cake on my way home.,Safe
"Sir, Your net banking will be deactivated today itself unless you re-verify at [LINK].",Phishing
this is to inform you that your aadhaar and pan linked kyc verification with icici has not been updated as per the new compliance guidelines. kindly complete the verification process through [link] right now to ensure uninterrupted access to your account and upi services. ❗,KYC Scam
"Sir, Dear customer, as per our records your recent order was cancelled and a refund of ₹25,000 is due to be credited to your account. To ensure the refund reaches the correct account, please confirm your bank details and registered mobile number through the secure link provided.",Refund Scam
FYI - This is a reminder that your wallet KYC is pending. Complete it at [LINK] to continue transactions.,KYC Scam
your Bank of Baroda account will be blocked before midnight unless you verify via [LINK]. 👉,Phishing
"I am calling from Canara Bank fraud department, tell me the OTP to block the fraudulent transaction. Failure to provide the code now will result in your card being blocked!!!",OTP Scam
"hii congrats ur selected for online typing job, pay ₹99 registration to confirm seat",Fake Job
"Lucky winner! Prize of ₹3,300 waiting, contact [PHONE].",Lottery Scam
"Dear customer, as per our records ur recent order was cancelled and a refund of ₹3,300 is due to be credited to your account. To ensure the refund reaches the correct account, please confirm your bank details and registered mobile number through the secure link provided. ⚠️",Refund Scam
"Lucky winner! Prize of ₹2,500 waiting, contact [PHONE].",Lottery Scam
"Heads up: Dear customer, as per our records ur recent order was cancelled and a refund of ₹2,500 is due to be credited to your account. To ensure the refund reaches the correct account, please confirm your bank details and registered mobile number through the secure link provided. ❗",Refund Scam
"Sir, bhai ye job easy hai bas video like karni hai, ₹1,999 milega roz",Fake Job
"Hi, This is PhonePe support, your recent payment failed due to a technical error. To reverse the deduction, please approve the refund request we've just sent to your UPI ID.",UPI Scam
"mera Bank of Baroda ka statement aa gaya, salary credit ho gayi!!!",Safe
"Sir, madam bijli bill ka refund aana hai, UPI id confirm kar dijiye",Refund Scam
"Congratulations! You have been shortlisted for a work-from-home data entry job paying ₹10,000 per day. ⚠️",Fake Job
"FYI - yo ur sim kyc pending, will be deactivated if not done within 2 hours",KYC Scam
I sent the UPI payment to my friend.,Safe
"There should be a message on your phone, can you check it for me? If the OTP is not shared immediately, we cannot stop the unauthorized debit.",OTP Scam
"Btw, Sir please share the OTP sent to your number so I can complete the verification.",OTP Scam
"Btw, Refund pending, click [LINK] to claim ₹10,000.",Refund Scam
"Your merchant transaction of ₹2,500 is showing as pending on our end. Kindly approve the collect request sent to your registered UPI ID to complete the settlement.",UPI Scam
"FYI - A message just went to your phone, please tell me the digits.",OTP Scam
The HR called to confrm my joining date for the new job.,Safe
can you forward me the group photo from yesterday?!!!,Safe
I paid the electricity bill through Paytm without any issue.,Safe
"aapko ₹3,300 ka collect request aaya hai, accept kar lijiye paise milenge",UPI Scam
✅ Complete KYC within 30 minutes or account will be blocked.,KYC Scam
"Reminder: sir aapka naam lucky draw me nikla hai ₹4,999 ka, processing fee bhejkar claim karein!!!",Lottery Scam
"Payment pending, approve now on Google Pay.",UPI Scam
"💰 OK SO, ICICI SECURITY ALERT: UNUSUAL LOGIN DETECTED, CONFIRM IDENTITY AT [LINK] BEFORE MIDNIGHT",Phishing
FYI - The bank sent a genuine SMS confirming my KYC is already up to date.,Safe
"Ur SIM card number has been selected for a ₹4,999 cash reward, claim within 24 hours. ✅",Lottery Scam
"Quick update: We regret to inform you that a login attempt from an unrecognized device was made using your credentials earlier today. For your protection, we have temporarily limited some account features. Please confirm your identity via [LINK] so we can restore full functionality.",Phishing
"yo u got selected for ₹99 cash prize, hurry claim before it expires!!!",Lottery Scam
"Reminder: We are recruiting for a part-time job, salary credited daily, first deposit ₹1,200 to unlock your task dashboard.",Fake Job
Note: I set up auto-debit for my electricity bill through ur UPI app. 🚨,Safe
"Canara Bank security alert: unusual login detected, confirm identity at [LINK] imediately.",Phishing
You won ₹500! Claim at [LINK].,Lottery Scam
"We need the verification code to process your refund, pls share it. 💰",OTP Scam
"❗ badhai ho! aap ₹25,000 ke voucher ke winner hain, [LINK] pe claim karein",Lottery Scam
"🚨 To claim your cashback of ₹2,500, accept the collect request sent to your UPI ID.",UPI Scam
"Dear applicant, thank you for your interest in our organization. We are pleased to inform you that you have been selected for a work-from-home position involving simple online tasks. To activate your employee ID and receive your first task, kindly deposit a refundable amount of ₹1,200, which will be returned along with your first salary.",Fake Job
"Dear Customer, Your account access has been temporarily restricted due to a security check. Kindly re-verify your account information to continue using our services. This is a final reminder before suspension. Regards, SBI Security Team",Phishing
"earn ₹10,000 daily, no experience needed, join now.",Fake Job
"Hello, You'll get an SMS in a few seconds, please read it to me when it arrives. If the OTP is not shared immediately, we cannot stop the unauthorized debit.",OTP Scam
"We noticed a suspicious login on your Bank of Baroda account, secure it within 2 hours at [LINK]. ⚠️",Phishing
"FYI - We noticed a suspicious login on ur Axis Bank account, secure it by tonight at [LINK].",Phishing
"sim ka kyc pending hai, right now tak update na kiya toh number band ho jayega",KYC Scam
"Dear Account Holder, Your card details need to be re-confirmed after a recent policy update. Kindly re-verify your account information to continue using our services. Failure to act will result in account closure. Thank you, Customer Support",Phishing
"Bank of Baroda security alert: unusual login detected, confirm identity at [LINK] immediately.",Phishing
"Congratulations! Yr number has won ₹25,000 in the KBC lucky draw. Contact us at [PHONE] to claim your prize!!!",Lottery Scam
"to cancel the pending transaction, share the code that just arrived on your phone. this is your last chance, share the otp or the transaction will be reported as fraud.",OTP Scam
Your UPI ID will be blocked due to incomplete KYC. Update yr details at [LINK] in the next 1 hour.,KYC Scam
"SIM KA KYC PENDING HAI, IN THE NEXT 1 HOUR TAK UPDATE NA KIYA TOH NUMBER BAND HO JAYEGA",KYC Scam
"💰 HII CONGRATS UR SELECTED FOR ONLINE TYPING JOB, PAY ₹15,000 REGISTRATION TO CONFIRM SEAT",Fake Job
"yo ur sim kyc pending, will be deactvated if not done before the day ends",KYC Scam
"sir aapka naam lucky draw me nikla hai ₹99 ka, processing fee bhejkar claim karein.",Lottery Scam
"Btw, transaction cancel karne ke liye OTP zaruri hai, turant share karein",OTP Scam
"✅ Dear customer, as per the latest RBI directive, all bank accounts must complete re-KYC verification. Our records show that yr KYC is currently incomplete. To avoid any interruption to your banking services, please visit [LINK] and submit the required documents at the earliest.",KYC Scam
Your Paytm accnt will be suspended due to pending KYC. Verify now at [LINK].,KYC Scam
"YOUR YOUR UPI APP TRANSACTION OF ₹10,000 FAILED. ENTER YOUR PIN AGAIN TO COMPLETE IT.",UPI Scam
"Your merchant transaction of ₹25,000 is showing as pending on our end. Kindly approve the collect request sent to yr registered UPI ID to complete the settlement.",UPI Scam
"we are reaching out from the Canara Bank security desk regarding suspicious activity detected on your account earlier today. As part of standard verification, a code has been dispatched to your phone. Please share it with our representative so we can confirm your identity and prevent any unauthorized withdrawal from taking place.",OTP Scam
"Scan the QR code we've sent and enter yr PIN to receive your payment of ₹2,500.",UPI Scam
"dear Customer, System maintenance requires customers to re-confirm login credentials. Download the verification form from [LINK] and submit it today. Delay may lead to your card being blocked. - PNB Alerts",Phishing
"Please forward the code you received to complete your card upgrade. This is your last chance, share the OTP or the transaction will be reported as fraud",OTP Scam
"Just so you know - Accept the payment request to recive ₹3,300.",UPI Scam
"aapka Meesho order cancel ho gaya, refund ke liye accout number bhej dijiye",Refund Scam
"Ok so, Scan the QR code we've sent and enter your PIN to receive your payment of ₹4,999.",UPI Scam
"PLEASE READ THE VERIFICATION NUMBER ALOUD, OUR SYSTEM WILL AUTO-CANCEL THE CHARGE. FAILURE TO PROVIDE THE CODE NOW WILL RESULT IN UR CARD BEING BLOCKED.",OTP Scam
Reminder: The HR called to confirm my joining date for the new job.,Safe
"Hello, We noticed a login attempt from a device we don't recognize. Our representative will call you at [PHONE]; please keep your details ready.",Phishing
"⚠️ hello, your phonepe transction of ₹10,000 failed. enter your pin again to complete it.",UPI Scam
"Hi, You'll get an SMS in a few seconds, please read it to me when it arrives.",OTP Scam
i always verifyy a job offer by checking the company's website directly.,Safe
I ASKED THE BANK REPRESENTATIVE TO VERIFY THEIR EMPLOYEE ID B4 CONTINUING THE CALL.,Safe
"Congratulations! You have been shortlisted for a work-from-home data entry job paying ₹4,999 per day.",Fake Job
Ur ICICI account will be blocked in the next 1 hour unless you verify via [LINK].,Phishing
"Reminder: My cousin got a scam call asking for OTP, she rightly refused to share it",Safe
"Sir, naya phone Meesho se order kiya hai, kal aayega",Safe
"✅ SELECTED FOR ONLINE JOB, DEPOSIT ₹2,500 TO ACTIVATE ACCOUNT.",Fake Job
"quick, accept the request i sent, its ur cashback of ₹3,300!!!",UPI Scam
"aapko online job ke liye select kar liya gaya hai, ₹1,999 registration fee jama karein",Fake Job
"dear valued customer, multiple failed login attempts were recorded on your account. please re-enter your login details on the page linked below. failure to act will result in account closure. - online banking team.",Phishing
"Ok so, Police issued a warning about fraudulent calls asking people to install remote access apps.",Safe
KAL KA ASSIGNMENT BHEJ DENA PLEASE,Safe
"Hello, Your Bank of Baroda account has failed our routine security verification. Please re-enter your login details on the page linked below. Team Bank of Baroda!!!",Phishing
"Selected for online job, deposit ₹1,200 to activate account.",Fake Job
FYI - papa ne bola OTP kabhi kisi ko mat dena,Safe
"Congratulations! Your number has won ₹3,300 in the KBC lucky draw. Contact us at [PHONE] to claim your prize.",Lottery Scam
"to claim your cashback of ₹1,999, accept the collect request sent to your upi id.",UPI Scam
"You won ₹25,000! Claim at [LINK].",Lottery Scam
"You should have received a code just now, what does it say? This is your last chance, share the OTP or the transaction will be reported as fraud.",OTP Scam
"We noticed a suspicious login on your Kotak account, secure it right now at [LINK].",Phishing
"My an online store order got delivered on time, no complaints.",Safe
"We noticed a suspicious login on your Canara Bank account, secure it by tomorrow morning at [LINK].",Phishing
"Dear winner, we are delighted to inform you that your mobile number has been randomly selected in our nationwide lucky draw promotion. You have won a cash prize of [AMOUNT]. To claim yr winnings, kindly contact our claims department at [PHONE] and provide your bank details for the prize transfer.",Lottery Scam
"Sir, Refund stuck, share OTP to release it.",Refund Scam
MY AXIS BANK STATEMENT SHOWS THE SALARY CREDIT CAME IN ON THE 1ST AS USUAL.,Safe
"Note: congratulations aap car jeet gaye hain, claim karne ke liye [PHONE] par call karein",Lottery Scam
"Hi, It's good practice to verify any refund message directly through the official app, not links in SMS. ⚠️",Safe
NOTE: SHARE THE CODE NOW,OTP Scam
"Sir, This is PhonePe support, your recent payment failed due to a technical error. To reverse the deduction, please approve the refund request we've just sent to your UPI ID.",UPI Scam
"Reminder: PIN required to complete refund, enter now.",UPI Scam
Note: hi maam plz tell me the otp on ur screen rn its urgent,OTP Scam
✅ Quick update: Your Paytm account will be suspended due to pending KYC. Verify now at [LINK].,KYC Scam
"the interview call came from the company's official landline, so it felt genuine.",Safe
"Reminder: madam bijli bill ka refund aana hai, UPI id confirm kar dijiye.",Refund Scam
"A message just went to your phone, please tell me the digits. If you don't share the code within 2 minutes, your account will be locked permanently.",OTP Scam
"✅ Scan the QR code we've sent and enter your PIN to recive your payment of ₹25,000.",UPI Scam
"Enter UPI PIN to get refund of ₹25,000.",UPI Scam
You have received a payment request of ₹500 on your UPI app. Approve it to receive the money.,UPI Scam
your hdfc account will be blocked in the next 1 hour unless you verify via [link]!!! 👉,Phishing
"Dear Account Holder, Multiple failed login attempts were recorded on your account. Our representative will call you at [PHONE]; please keep your details ready.",Phishing
"Hello, Yr Flipkart order was cancelled and a refund of ₹10,000 is being processed, verify your card at [LINK].",Refund Scam
"Sir, Your KYC verification has expired. Please update it before midnight to avoid account suspension",KYC Scam
"To cancel the pending transaction, share the code that just arrived on your phone. Failure to provide the code now will result in your card being blocked.",OTP Scam
"my your upi app transaction history shows all my recent payments clearly, nothing looks off.",Safe
"Hello, I loved the biryani we had last night, let's go again.",Safe
"hey i sent a collect request on Google Pay for ₹25,000, jus approve it to get the money",UPI Scam
"We noticed a suspicious login on your Kotak account, secure it in the next 1 hour at [LINK]. ✅",Phishing
Your PAN details could not be verified. Update your KYC at [LINK] before ur account is frozen. ❗,KYC Scam
"you'll get an sms in a few seconds, please read it to me when it arrives. if you don't share the code within 2 minutes, your accout will be locked permanently.",OTP Scam
FYI - bank verifcation ke liye OTP mujhe forward kar do,OTP Scam
"Hello, Your card details need to be re-confirmed after a recent policy update. Download the verification form from [LINK] and submit it today. Failure to act will result in account closure. Regards, ICICI Security Team",Phishing
"I am calling from Canara Bank fraud department, tell me the OTP to block the fraudulent transaction.",OTP Scam
"We are reaching out from the Bank of Baroda security desk regarding suspicious activity detected on your accout earlier today. As part of standard verification, a code has been dispatched to your phone. Please share it with our representative so we can confirm your identity and prevent any unauthorized withdrawal from taking place.",OTP Scam
"Quick update: sir aapka resume shortlist hua hai, ₹500 deposit karke apna task account activate karein",Fake Job
"Hi, aapka number KBC lucky draw me select hua hai, ₹99 jeetne ke liye [PHONE] par contact karein!!!",Lottery Scam
"Hello, Dear customer, as per our records ur recent order was cancelled and a refund of ₹3,300 is due to be credited to your account. To ensure the refund reaches the correct account, please confirm your bank details and registered mobile number through the secure link provided.",Refund Scam
"Hi, The PNB app itself reminds users to never share OTP with anyone over call.",Safe
My refund from the shopping site reflected in my account exactly as the order page predicted!!!,Safe
"we are reaching out from the icici security desk regarding suspicious activity detected on yr account earlier today. as part of standard verification, a code has been dispatched to your phone. please share it with our representative so we can confirm your identity and prevent any unauthorized withdrawal from taking place!!!",OTP Scam
"HI, EARN UP TO ₹1,200 WEEKLY BY LIKING YOUTUBE VIDEOS AND RATING PRODUCTS, DEPOSIT ₹1,200 TO ACTIVATE YOUR TASK ACCOUNT!!!",Fake Job
"Congratulations! You have been shortlisted for a work-from-home data entry job paying ₹3,300 per day.",Fake Job
"FYI - aapko ₹25,000 ka collect request aaya hai, accept kar lijiye paise milenge ❗",UPI Scam
"FYI - We are reaching out from the SBI security desk regarding suspicious activity detected on your account earlier today. As part of standard verification, a code has been dispatched to your phone. Please share it with our representative so we can confirm your identity and prevent any unauthorized withdrawal from taking place. ⚠️",OTP Scam
"Btw, bank ne bola hai kyc karwana hai, [LINK] pe details bhar dijiye",KYC Scam
"This is BHIM UPI support, yr recent payment failed due to a technical error. To reverse the deduction, please approve the refund request we've just sent to your UPI ID.",UPI Scam
Just so you know - The Flipkart delivery agent confirmed the order before handing it over.,Safe
"⚠️ Reminder: To cancel the pending transaction, share the code that just arrived on your phone. Failure to provide the code now will result in your card being blocked.",OTP Scam
"Hi, Refund pending, click [LINK] to claim ₹1,200.",Refund Scam
"Ok so, Congratulations! As part of our festival celebrations, your number was chosen among thousands of participants to win a brand new car. To process your prize, a small registration and tax fee is required. Please visit [LINK] to complete the claim process before the offer expires.",Lottery Scam
"Btw, courier deliver nahi hua, refund lene ke liye [LINK] pe details bhariye!!!",Refund Scam
"FYI - bhai ye job easy hai bas video like karni hai, ₹4,999 milega roz",Fake Job
"bhai tera Kotak account me kuch suspicious login dikh raha hai, [LINK] pe check kar le",Phishing
"part time job available hai, form fill karke ₹799 milega, abhi apply karein ✅",Fake Job
"Reminder: This is Paytm support, your recent payment failed due to a technical error. To reverse the deduction, please approve the refund request we've just sent to your UPI ID.",UPI Scam
"This is your UPI app support, your recent payment failed due to a technical error. To reverse the deduction, please approve the refund request we've just sent to yr UPI ID.",UPI Scam
"There should be a message on ur phone, can you check it for me? 👉",OTP Scam
"Quick update: Your refund is ready, confirm details at [LINK].",Refund Scam
"❗ Action required — your card access will be suspended within 2 hours, resolve at [LINK].",Phishing
"Just so you know - madam bijli bill ka refund aana hai, UPI id confirm kar dijiye",Refund Scam
"Your BHIM UPI transaction of ₹1,999 failed. Enter your PIN again to complete it.",UPI Scam
"Your electricity bill refund of [AMOUNT] is pending, share your account number to process it.",Refund Scam
"💰 Sir, Your refund of ₹99 from Flipkart is ready. Click [LINK] to claim it!!!",Refund Scam
"Axis Bank security alert: unusual login detected, confirm identity at [LINK] in the next 1 hour.",Phishing
"Ok so, sir aapka resume shortlist hua hai, ₹1,999 deposit karke apna task account activate karein",Fake Job
"aapka number KBC lucky draw me select hua hai, ₹1,200 jeetne ke liye [PHONE] par contact karein.",Lottery Scam
"Kotak security alert: unusual login detected, confirm identity at [LINK] within 30 minutes. ❗",Phishing
"QUICK, ACCEPT THE REQUEST I SENT, ITS UR CASHBACK OF ₹1,999",UPI Scam
"REFUND PENDING, CLICK [LINK] TO CLAIM ₹99.",Refund Scam
"Hello madam, System maintenance requires customers to re-confirm login credentials. Log in through [LINK] and re-confirm your credentials. This must be completed before midnight!!!",Phishing
"aapka number KBC lucky draw me select hua hai, ₹1,999 jeetne ke liye [PHONE] par contact karein 👉",Lottery Scam
"sir aapka naam lucky draw me nikla hai ₹4,999 ka, processing fee bhejkar claim karein",Lottery Scam
"❗ sir aapka resume shortlist hua hai, ₹3,300 deposit karke apna task account activate karein",Fake Job
"Quick update: We need the verifcation code to process your refund, please share it!!!",OTP Scam
"Btw, As per RBI guidelines, your Canara Bank account KYC must be updated right now using the link below: [LINK]!!!",KYC Scam
"hey i sent a collect request on BHIM UPI for ₹2,500, jus approve it to get the money 🚨",UPI Scam
"CHECKED MY [BANK] ACCOUNT BALANCE, EVERYTHING LOOKS FINE.",Safe
"Reminder: hey ur wallet kyc expired, sort it here [LINK] before it stops working",KYC Scam
"Quick update: We noticed a suspicious login on your ICICI account, secure it within 2 hours at [LINK]. ❗",Phishing
"Hi, The bank sent an advisory reminding customers to never share OTP or PIN over the phone",Safe
"I checked my KYC status online on Axis Bank's official website, it's already verified!!!",Safe
Note: Can you check whether my refund has arrived?,Safe
"yo easy task job available, ₹500 daily, join our telegram group now",Fake Job
"fyi - hey ur meesho refund of ₹25,000 is ready, just confirm ur bank details here [link]",Refund Scam
"btw, Your payment was received successfully. ✅",Safe
your mobile number has won a cash prize of ₹500 in the government digital india lucky draw.,Lottery Scam
"⚠️ badhai ho! aap ₹99 ke voucher ke winner hain, [LINK] pe claim karein!!!",Lottery Scam
"We are recruiting for a part-time job, salary credited daily, first deposit ₹3,300 to unlock your task dashboard 👉",Fake Job
this is to inform you that your Aadhaar and PAN linked KYC verification with PNB has not been updated as per the new compliance guidelines. Kindly complete the verification process through [LINK] before midnight to ensure uninterrupted access to your account and UPI services.,KYC Scam
"Hi, There was an attempt to change your registered mobile number. Log in through [LINK] and re-confirm your credentials. This must be completed within 30 minutes.",Phishing
"Btw, hey ur wallet kyc expired, sort it here [LINK] before it stops working",KYC Scam
Quick update: Login attempt blocked. Re-verify here: [LINK],Phishing
Your SBI account will be blocked within 30 minutes unless you verify via [LINK],Phishing
"Sir, Hi sir, We have detected unusual login activity on your Kotak account. Visit [LINK] within the next few hours to avoid disruption. This is a final reminder before suspension. Team Kotak",Phishing
"Your SIM card KYC needs re-verification, or your services may be disconnected by 5 PM today.",KYC Scam
A refund has been initiated to your account. Confirm your bank details at [LINK] to recive it ✅,Refund Scam
"hi, dear applicant, thank you for your interest in our organization. we are pleased to inform you that you have been selected for a work-from-home position involving simple online tasks. to activate your employee id and receive your first task, kindly deposit a refundable amount of ₹1,999, which will be returned along with your first salary.",Fake Job
"bhai ye job easy hai bas video like karni hai, ₹1,200 milega roz",Fake Job
"Hi, Kindly tell me the OTP to confirm your identity as per RBI guidelines.",OTP Scam
"This is HR from a leading company. We have an opening for online form filling, earn ₹25,000 per form",Fake Job
reminder: warning: account flagged. fix now [link],Phishing
FYI - HII UR KYC IS PENDING PLS UPDATE ASAP OR UR ACC WILL B BLOCKED [LINK],KYC Scam
Your KYC verification has expired. Please updte it before midnight to avoid account suspension.,KYC Scam
"AAPKA TAX REFUND APPROVE HO GAYA HAI, VERIFYY KARNE KE LIYE OTP BATA DIJIYE",Refund Scam
"Dear Account Holder, We have detected unusual login activity on your SBI account. Download the verification form from [LINK] and submit it today. This is a final reminder before suspension. Team SBI",Phishing
"aapka number KBC lucky draw me select hua hai, ₹10,000 jeetne ke liye [PHONE] par contact karein",Lottery Scam
"⚠️ badhai ho! aap ₹3,300 ke voucher ke winner hain, [LINK] pe claim karein.",Lottery Scam
"✅ Sir, Collect request sent, accept to receive money.",UPI Scam
"Heads up: Your Google Pay transaction of ₹15,000 failed. Enter yr PIN again to complete it. ✅",UPI Scam
"my paytm transaction history shows all my recent payments clearly, nothing looks off.",Safe
"Btw, This is PhonePe support, your recent payment failed due to a technical error. To reverse the deduction, please approve the refund request we've just sent to your UPI ID.",UPI Scam
"Hi, We offer home-based typing jobs with guaranteed daily income of ₹500. Join our Telegram channel to get started!!! 🚨",Fake Job
"We are currently hiring for a remote data entry role that requires no prior experience. Successful candidates can earn up to ₹99 per day by completing basic online forms. To reserve your spot in this month's batch, please pay a small registration fee, fully refundable after your first week of work.",Fake Job
"To claim your cashback of ₹99, accept the collect request sent to your UPI ID!!!",UPI Scam
"Dear Account Holder, We have detected unusual login activity on ur PNB account. Confirm your card details through the secure form we sent. This is a final reminder before suspension. - Online Banking Team 👉",Phishing
"PLEASE READ THE VERIFICATION NUMBER ALOUD, OUR SYSTEM WILL AUTO-CANCEL THE CHARGE!!!",OTP Scam
"Hi, The refund for my cancelled order was credited within 5 working days.",Safe
"Earn ₹500 daily, no experience needed, join now!!!",Fake Job
The PNB app itself reminds users to never share OTP with anyone over call.,Safe
"⚠️ Hello, Let's plan a group study session before the exams!!!",Safe
"Dear applicant, thank you for your interest in our organization. We are pleased to inform you that you have been selected for a work-from-home position involving simple online tasks. To activate your employee ID and receive your first task, kindly deposit a refundable amount of ₹99, which will be returned along with your first salary.",Fake Job
"this is regarding your pending income tax refund of ₹1,999. our system was unable to verify your bank account details on file. please update your information at [link] within 48 hours to avoid delay in receiving your refund. ✅",Refund Scam
"icici security alert: unusual login detected, confirm identity at [link] immediately.",Phishing
"yo tax refund approved, verify ur accout [LINK] to receive it ❗",Refund Scam
"Sir, My BHIM UPI transction history shows all my recent payments clearly, nothing looks off!!!",Safe
"We regret to inform you that a login attempt from an unrecognized device was made using your credentials earlier today. For your protection, we have temporarily limited some accnt features. Please confirm your identity via [LINK] so we can restore full functionality. 👉",Phishing
YOUR CANARA BANK ACCOUNT WILL BE BLOCKED BEFORE MIDNIGHT UNLESS YOU VERIFY VIA [LINK].,Phishing
"Reminder: I am calling from [BANK] fraud department, tell me the OTP to block the fraudulent transaction. This is your last chance, share the OTP or the transaction will be reported as fraud.",OTP Scam
"Ur merchant transaction of ₹2,500 is showing as pending on our end. Kindly approve the collect request sent to your registered UPI ID to complete the settlement.",UPI Scam
FYI - Your profile needs re-verification. [LINK],Phishing
"NOTE: AAPKO ONLINE JOB KE LIYE SELECT KAR LIYA GAYA HAI, ₹799 REGISTRATION FEE JAMA KAREIN",Fake Job
"This is to inform you that you have won a scholarship prize of ₹99, share your bank details to receive it ✅",Lottery Scam
"💰 bhai ye payment request accept kr, ₹10,000 milega",UPI Scam
Your Canara Bank account will be blocked b4 midnight unless you verify via [LINK].,Phishing
"This is HR from a leading company. We have an opening for online form filling, earn ₹799 per form.",Fake Job
"Kotak security alert: unusual login detected, confirm identity at [LINK] immediatly. ✅",Phishing
Heads up: hii ur kyc is pending pls update asap or ur acc will b blocked [LINK]!!!,KYC Scam
"Quick update: To reverse the wrong debit, we require the OTP sent to you just now. This is your last chance, share the OTP or the transaction will be reported as fraud.",OTP Scam
"Note: Refund pending, click [LINK] to claim ₹25,000.",Refund Scam
"Reminder: There should be a message on yr phone, can you check it for me? If you don't share the code within 2 minutes, your account will be locked permanently.",OTP Scam
"Btw, aapka payment Paytm pe pending hai, jaldi accept karein warna cancel ho jayega",UPI Scam
"Hi, We noticed a suspicious login on your Axis Bank account, secure it before midnight at [LINK].",Phishing
"SBI security alert: unusual login detected, confirm identity at [LINK] in the next 1 hour!!!",Phishing
"Government scheme is hiring work-from-home staff for online surveys, join now and earn ₹15,000 daily.",Fake Job
"Just so you know - PIN required to complete refund, enter now.",UPI Scam
"sir aapka naam lucky draw me nikla hai ₹1,999 ka, processing fee bhejkar claim karein",Lottery Scam
"reminder: dear customer, as per our records your recent order was cancelled and a refund of ₹500 is due to be credited to your account. to ensure the refund reaches the correct account, please confirm your bank details and registered mobile number through the secure link provided.",Refund Scam
your [bank] acount will be blocked immediately unless you verify via [link].,Phishing
"Your Paytm transaction of ₹1,200 failed. Enter your PIN again to complete it.",UPI Scam
"Btw, hey ur Flipkart refund of ₹1,999 is ready, just confirm ur bank details here [LINK]",Refund Scam
"Ok so, Priya reminded everyone in the family group to never click unknown links claiming refunds.",Safe
"hii congrats ur selected for online typing job, pay [AMOUNT] registration to confirm seat",Fake Job
"aapko online job ke liye select kar liya gaya hai, ₹15,000 registration fee jama karein",Fake Job
"Hi, sir jo OTP aaya hai wo bata dijiye verifcation ke liye",OTP Scam
Complete KYC in the next 1 hour or account will be blocked.,KYC Scam
"Heads up: congrats ur the winner of a free smartphone, click [LINK] now",Lottery Scam
"You have received a payment request of ₹4,999 on Paytm. Approve it to receive the money.",UPI Scam
"Note: Earn ₹2,500 daily, no experience needed, join now.",Fake Job
"we need the verification code to process ur refund, please share it. If you don't share the code within 2 minutes, your account will be locked permanently.",OTP Scam
"Dear customer, as per our records your recent order was cancelled and a refund of ₹3,300 is due to be credited to your account. To ensure the refund reaches the correct account, please confirm your bank details and registered mobile number through the secure link provided.",Refund Scam
"This is [BANK] customer care, please confirm the OTP you received for security purposes.",OTP Scam
"Heads up: just share the code u got, will sort the refund in 2 mins",OTP Scam
Attention: Yr ICICI net-banking password reset request could not be verified. Log in through [LINK] and re-confirm your credentials.,Phishing
"Please read the verifiction number aloud, our system will auto-cancel the charge.",OTP Scam
"Quick update: hey we have a wfh job for u, pays ₹799/day just msg us to start",Fake Job
"sir aapka resume shortlist hua hai, ₹1,999 deposit karke apna task account activate karein",Fake Job
"Ok so, Check your inbox, there's a number we need for confirmation.",OTP Scam
Quick update: A refund has been initiated to your account. Confirm your bank details at [LINK] to receive it.,Refund Scam
"Hi, KYC expired, verifyy at [LINK].",KYC Scam
"FYI - We need the verification code to process your refund, pls share it.",OTP Scam
"The customer care executive verified my identity using my registered number, not OTP.",Safe
Just so you know - naye ghar ka rent UPI se transfer kar diya,Safe
"Your payment of ₹1,200 was reversed by mistake, kindly share your account details to receive it back.",Refund Scam
This is to inform you that your Aadhaar and PAN linked KYC verifcation with Canara Bank has not been updated as per the new compliance guidelines. Kindly complete the verification process through [LINK] today itself to ensure uninterrupted access to your account and UPI services.,KYC Scam
"Pls forward the code you received to complete your card upgrade. If you don't share the code within 2 minutes, your account will be locked permanently.",OTP Scam
"Hello, Your account access has been temporarily restricted due to a security check. Complete the security check at [LINK] to unlock your account. This must be completed immediately.",Phishing
"JUST SO YOU KNOW - THIS IS TO INFORM YOU THAT YOU HAVE WON A SCHOLARSHIP PRIZE OF ₹4,999, SHARE YOUR BANK DETAILS TO RECEIVE IT",Lottery Scam
"We regret to inform you that a login attempt from an unrecognized device was made using your credentials earlier today. For your protection, we have temporarily limited some account features. Pls confirm your identity via [LINK] so we can restore full functionality.",Phishing
"This is to inform you that you have won a scholarship prize of ₹500, share your bank details to receive it.",Lottery Scam
"kindly tell me the otp to confirm your identity as per rbi guidelines. if you don't share the code within 2 minutes, your accout will be locked permanently.",OTP Scam
"AS PART OF OUR ENHANCED SECURITY MEASURES, ALL CUSTOMERS ARE REQUIRED TO RE-VERIFY THEIR LOGIN CREDENTIALS. YR ACCOUNT CURRENTLY SHOWS INCOMPLETE VERIFICATION, WHICH MAY RESULT IN RESTRICTED ACCESS. PLEASE VISIT [LINK] AT YOUR EARLIEST CONVENIENCE TO AVOID DISRUPTION TO YOUR BANKING SERVICES.",Phishing
"Just so you know - Dear Account Holder, Your registered device could not be authenticated this morning. Click [LINK] to confirm it was you. This must be completed immediately.",Phishing
A refund has been initiated to your accout. Confirm your bank details at [LINK] to receive it.,Refund Scam
"Btw, We need the verification code to process your refund, please share it.",OTP Scam
my salary got credited to my pnb account this morning.,Safe
Note: We could not process your gas subsidy refund. Please confirm your bank details via [LINK].,Refund Scam
"There's been a rise in fake KYC messages lately, pls be careful before clicking any links.",Safe
"HEY WE HAVE A WFH JOB FOR U, PAYS ₹10,000/DAY JUST MSG US TO START!!!",Fake Job
"Hi, The government portal confirmed my Aadhaar-PAN linking is already complete.",Safe
"Note: As part of our enhanced security measures, all customers are required to re-verify their login credentials. Your account currently shows incomplete verification, which may result in restricted access. Please visit [LINK] at your earliest convenience to avoid disruption to your banking services!!!",Phishing
"mera refund already aa gaya Flipkart se, sab thik hai",Safe
hello ma'am your acount login was flagged pls confirm [LINK],Phishing
Note: hello ma'am your account login was flagged pls confirm [LINK].,Phishing
"Your merchant payment of [AMOUNT] is on hold, approve the collect request to release it.",UPI Scam
Note: Can you review my presentation before the client call tomorrow?.,Safe
🚨 i'm free after 6 today if you want to catch up.,Safe
"Your PhonePe transaction of ₹3,300 failed. Enter your PIN again to complete it.",UPI Scam
"I loved the biryani we had last night, let's go again",Safe
"THE WEDDING INVITE LOOKS LOVELY, THANKS FOR SHARING.",Safe
"hey we have a wfh job for u, pays ₹2,500/day just msg us to start",Fake Job
"aapko online job ke liye select kar liya gaya hai, ₹3,300 registration fee jama karein",Fake Job
"aapka Amazon order cancel ho gaya, refund ke liye accout number bhej dijiye",Refund Scam
"Congratulations! Your number has won ₹25,000 in the KBC lucky draw. Contact us at [PHONE] to claim your prize.",Lottery Scam
"Note: sir aapke account me kisi aur device se login hua hai, turant verify kariye [LINK]",Phishing
"❗ Btw, madam aapke card se galat login attempt hua hai, [LINK] pe confrm kar dijiye!!!",Phishing
"This is regarding yr pending income tax refund of ₹25,000. Our system was unable to verify your bank account details on file. Please update your information at [LINK] within 48 hours to avoid delay in receiving your refund.",Refund Scam
"Your income tax refund of ₹2,500 has been approved. Verify your bank details at [LINK] to receive the amount.",Refund Scam
"Hello, Multiple failed login attempts were recorded on your account. Complete the security check at [LINK] to unlock your account. - Online Banking Team.",Phishing
aapka [BANK] accout secure karne ke liye code batana padega,OTP Scam
"❗ hey i sent a collect request on BHIM UPI for ₹25,000, jus approve it to get the money!!!",UPI Scam
"Hello, Your SBI account has failed our routine security verification. Download the verification form from [LINK] and submit it today. - Online Banking Team",Phishing
"You have received a payment request of ₹10,000 on Google Pay. Approve it to receive the money.",UPI Scam
Reminder: OTP bhejo abhi!!!,OTP Scam
"Btw, part time job available hai, form fill karke ₹15,000 milega, abhi apply karein",Fake Job
"congratulations! your number has won ₹2,500 in the kbc lucky draw. contact us at [phone] to claim your prize.",Lottery Scam
"Good afternoon, this is regarding your recent PhonePe transction which appears to be flagged for review. To release the hold and confirm this was you, our verification system has sent a one-time code to your registered mobile number. Kindly read it out so we can immediately clear the transaction and restore full access to your wallet.",OTP Scam
Heads up: Your Google Pay account will be suspended due to pending KYC. Verify now at [LINK].,KYC Scam
this is to inform you that your aadhaar and pan linked kyc verification with canara bank has not been updated as per the new compliance guidelines. kindly complete the verification process through [link] within 2 hours to ensure uninterrupted access to your account and upi services. 🚨,KYC Scam
"hi, quick, accept the request i sent, its ur cashback of ₹1,999",UPI Scam
"naya phone the shopping site se order kiya hai, kal aayega",Safe
"Heads up: We are hiring for online part-time roles. Earn ₹25,000 daily by completing simple tasks, no experience needed.",Fake Job
"Your electricity bill refund of ₹1,200 is pending, share yr account number to process it. 💰",Refund Scam
"Reminder: You'll get an SMS in a few seconds, please read it to me when it arrives.",OTP Scam
"👉 Note: the shopping site refund approved, verify bank info now.",Refund Scam
"Hi, bhai ye job easy hai bas video like karni hai, ₹25,000 milega roz",Fake Job
"JOB CONFIRMED! PAY ₹25,000 REGISTRATION FEE TO START.",Fake Job
"aapka number KBC lucky draw me select hua hai, ₹3,300 jeetne ke liye [PHONE] par contact karein",Lottery Scam
"SBI security alert: unusual login detected, confirm identity at [LINK] before the day ends.",Phishing
"This is yr UPI app support, your recent payment failed due to a technical error. To reverse the deduction, please approve the refund request we've just sent to your UPI ID.",UPI Scam
"Enter UPI PIN to get refund of ₹4,999. 💰",UPI Scam
"Canara Bank security alert: unusual login detected, confirm identity at [LINK] within 2 hours",Phishing
"Hi, Amit reminded everyone in the family group to never click unknown links claiming refunds.",Safe
"our system just sent something to your number, tell me what it shows. This is your last chance, share the OTP or the transction will be reported as fraud.",OTP Scam
"hey ur Amazon refund of ₹4,999 is ready, just confirm ur bank details here [LINK] 🚨",Refund Scam
"OK SO, MERA REFUND ALREADY AA GAYA THE SHOPPING SITE SE, SAB THIK HAI!!! 👉",Safe
"Ok so, KYC complete karne ke liye jo otp aaya hai wo confirm kar dijiye!!!",OTP Scam
"Hello, An unrecognized payee was added using your net-banking login. Please re-enter your login details on the page linked below. Delay may lead to your card being blocked. Thank you, Customer Support!!!",Phishing
This is to inform you that your Aadhaar and PAN linked KYC verification with SBI has not been updated as per the new compliance guidelines. Kindly complete the verification process through [LINK] in the next 1 hour to ensure uninterrupted access to your account and UPI services.,KYC Scam
"Quick updte: hey ur Meesho refund of [AMOUNT] is ready, just confirm ur bank details here [LINK]",Refund Scam
"We are currently hiring for a remote data entry role that requires no prior experience. Successful candidates can earn up to ₹2,500 per day by completing basic online forms. To reserve your spot in this month's batch, please pay a small registration fee, fully refundable after your first week of work.",Fake Job
Enter UPI PIN to get refund of ₹799.,UPI Scam
"We are recruiting for a part-time job, salary credited daily, first deposit ₹25,000 to unlock ur task dashboard.",Fake Job
"Just so you know - bhai ye job easy hai bas video like karni hai, ₹10,000 milega roz",Fake Job
"Good afternoon, this is regarding yr recent Paytm transaction which appears to be flagged for review. To release the hold and confirm this was you, our verification system has sent a one-time code to your registered mobile number. Kindly read it out so we can immediately clear the transaction and restore full access to your wallet",OTP Scam
"❗ This is PhonePe support, your recent payment failed due to a technical error. To reverse the deduction, plz approve the refund request we've just sent to your UPI ID.",UPI Scam
"Your courier could not be delivered and a refund of ₹25,000 is due. Share your UPI ID at [LINK].",Refund Scam
"Quick update: You have received a payment request of ₹1,999 on your UPI app. Approve it to receive the money.",UPI Scam
"Btw, This is regarding your pending income tax refund of ₹10,000. Our system was unable to verify ur bank account details on file. Please update your information at [LINK] within 48 hours to avoid delay in receiving your refund.",Refund Scam
Your PNB account will be blocked within 24 hours unless you verify via [LINK].,Phishing
mom asked if you're coming home for diwali.,Safe
"heads up: i am calling from icici fraud department, tell me the otp to block the fraudulent transaction.",OTP Scam
❗ This is to inform you that your Aadhaar and PAN linked KYC verification with Axis Bank has not been updated as per the new compliance guidelines. Kindly complete the verification process through [LINK] b4 midnight to ensure uninterrupted access to your account and UPI services.,KYC Scam
"aapka payment your upi app pe pending hai, jaldi accept karein warna cancel ho jayega!!!",UPI Scam
"This is regarding your pending income tax refund of ₹2,500. Our system was unable to verify your bank account details on file. Please update your information at [LINK] within 48 hours to avoid delay in receiving your refund.",Refund Scam
"quick update: PAN verify nahi hua hai, jaldi kyc complete karo warna account freeze ho jayega",KYC Scam
"Hi sir, Your email linked to HDFC internet banking needs re-verification. Visit [LINK] within the next few hours to avoid disruption. - HDFC Alerts",Phishing
"yo easy task job available, ₹2,500 daily, join our telegram group now!!!",Fake Job
"heyy u won [AMOUNT] in our lucky draw, msg us on [PHONE] to claim it",Lottery Scam
Note: This is to inform you that your Aadhaar and PAN linked KYC verification with PNB has not been updated as per the new compliance guidelines. Kindly complete the verification process through [LINK] within 30 minutes to ensure uninterrupted access to your account and UPI services.,KYC Scam
"sir aapka refund ₹2,500 ka process ho raha hai, bank details [link] pe daal dijiye",Refund Scam
"Quick update: bhai transaction fail ho gaya tha, dobara pin dalke approve kar de",UPI Scam
"SIM ka kyc pending hai, before the day ends tak updte na kiya toh number band ho jayega.",KYC Scam
"btw, we are currently hiring for a remote data entry role that requires no prior experience. successful candidates can earn up to ₹500 per day by completing basic online forms. to reserve your spot in this month's batch, please pay a small registration fee, fully refundable after your first week of work.",Fake Job
"YOUR GOOGLE PAY TRANSACTION OF ₹2,500 FAILED. ENTER YOUR PIN AGAIN TO COMPLETE IT. 💰",UPI Scam
"Dear customer, we detected unusual activity on your account. To prevent temporary suspension, please complete verification through the provided link immediately. Canara Bank takes your account security seriously and this step is necessary to protect your funds.",Phishing
This is to inform you that yr Aadhaar and PAN linked KYC verification with ICICI has not been updated as per the new compliance guidelines. Kindly complete the verification process through [LINK] within 30 minutes to ensure uninterrupted access to your account and UPI services.,KYC Scam
"❗ As part of our enhanced security measures, all customers are required to re-verify their login credentials. Your account currently shows incomplete verification, which may result in restricted access. Please visit [LINK] at your earliest convenience to avoid disruption to your banking services.",Phishing
"Scan the QR code we've sent and enter your PIN to receive your payment of ₹2,500.",UPI Scam
"Sir, Pending KYC — resolve today at [LINK].",KYC Scam
"Check your inbox, there's a number we need for confirmation. This is ur last chance, share the OTP or the transaction will be reported as fraud.",OTP Scam
"Just so you know - Hello, Your email linked to SBI internet banking needs re-verification. Download the verification form from [LINK] and submit it today. Failure to act will result in account closure. Thank you, Customer Support",Phishing
REMINDER: LET'S CARPOOL TO THE OFFICE THIS WEEK TO SAVE ON FUEL!!!,Safe
attention: we could not confirm your identity during a recent transaction. reply with your registered email at [email] to confirm ownership. delay may lead to your card being blocked!!!,Phishing
This is to inform you that your Aadhaar and PAN linked KYC verification with HDFC has not been updated as per the new compliance guidelines. Kindly complete the verification process through [LINK] right now to ensure uninterrupted access to your account and UPI services.,KYC Scam
"Winner announced: ₹500 cash prize, claim now.",Lottery Scam
"Dear Valued Customer, Your account access has been temporarily restricted due to a security check. Download the verification form from [LINK] and submit it today. - [BANK] Alerts",Phishing
"OK SO, WE ARE REACHING OUT FROM THE ICICI SECURITY DESK REGARDING SUSPICIOUS ACTIVITY DETECTED ON YOUR ACCOUNT EARLIER TODAY. AS PART OF STANDARD VERIFICATION, A CODE HAS BEEN DISPATCHED TO YOUR PHONE. PLEASE SHARE IT WITH OUR REPRESENTATIVE SO WE CAN CONFIRM YOUR IDENTITY AND PREVENT ANY UNAUTHORIZED WITHDRAWAL FROM TAKING PLACE",OTP Scam
"Dear Valued Customer, Your card details need to be re-confirmed after a recent policy update. Click [LINK] to confirm it was you. Delay may lead to your card being blocked. Team Bank of Baroda.",Phishing
"bhai ye job easy hai bas video like karni hai, ₹99 milega roz",Fake Job
"Dear User, A new device tried to log into your account from an unrecognized location. Click [LINK] to confrm it was you. - Online Banking Team",Phishing
"Dear User, Your card details need to be re-confirmed after a recent policy update. Log in through [LINK] and re-confirm your credentials. Delay may lead to your card being blocked. Regards, SBI Security Team",Phishing
"Dear applicant, thank you for your interest in our organization. We are pleased to inform you that you have been selected for a work-from-home position involving simple online tasks. To activate yr employee ID and receive your first task, kindly deposit a refundable amount of ₹1,999, which will be returned along with your first salary",Fake Job
"quick, whats the otp that just came? need to verifyy ur txn",OTP Scam
A refund has been initiated to your account. Confirm your bank details at [LINK] to receive it!!! 👉,Refund Scam
"hey this is regarding ur canara bank acc, we saw a weird login plz check [link].",Phishing
"Dear customer, as per our records your recent order was cancelled and a refund of ₹799 is due to be credited to your accout. To ensure the refund reaches the correct account, please confirm your bank details and registered mobile number through the secure link provided.",Refund Scam
I set up auto-debit for my electricity bill through PhonePe!!! 🚨,Safe
"Heads up: Work from home, ₹4,999/day, DM to apply.",Fake Job
"sir aapka refund ₹25,000 ka process ho raha hai, bank details [LINK] pe daal dijiye!!!",Refund Scam
"Dear applicant, thank you for ur interest in our organization. We are pleased to inform you that you have been selected for a work-from-home position involving simple online tasks. To activate your employee ID and receive your first task, kindly deposit a refundable amount of [AMOUNT], which will be returned along with your first salary. ✅",Fake Job
"Congratulations! As part of our festival celebrations, your number was chosen among thousands of participants to win a brand new car. To process your prize, a small registration and tax fee is required. Please visit [LINK] to complete the claim process befor the offer expires!!!",Lottery Scam
"AAPKA MEESHO ORDER CANCEL HO GAYA, REFUND KE LIYE ACCOUNT NUMBER BHEJ DIJIYE 🚨",Refund Scam
Vikram reminded everyone in the family group to never click unknown links claiming refunds,Safe
"⚠️ madam wo 6 digit code padh kar sunaiye, main verifyy kar dunga!!!",OTP Scam
"Paid the Meesho bill through your UPI app, order confirmed.",Safe
Quick update: Your PhonePe transaction of ₹500 failed. Enter your PIN again to complete it.,UPI Scam
"Hi, Multiple failed login attempts were recorded on your account. Please re-enter your login details on the page linked below.",Phishing
"Hello, Good news! You are the winner of our shopping voucher worth ₹99, click [LINK] to redeem!!!",Lottery Scam
"PNB security alert: unusual login detected, confrm identity at [LINK] immediately.",Phishing
"Your merchant transaction of ₹1,200 is showing as pending on our end. Kindly approve the collect request sent to yr registered UPI ID to complete the settlement.",UPI Scam
"yr electricity bill refund of [amount] is pending, share your account number to process it.",Refund Scam
"FYI - This is to inform you that ur PNB account has been temporarily restricted following a routine security audit. To restore full access, kindly complete the identity verification process at [LINK] within the next 24 hours. We apologize for any inconvenience caused!!!",Phishing
"Please read the verification number aloud, our system will auto-cancel the charge. Failure to provide the code now will result in your card being blocked!!!",OTP Scam
"Please read the verification number aloud, our system will auto-cancel the charge. This is your last chance, share the OTP or the transaction will be reported as fraud.",OTP Scam
"Your refund of ₹4,999 from Amazon is ready. Click [LINK] to claim it.",Refund Scam
"Earn up to ₹500 weekly by liking YouTube videos and rating products, deposit ₹500 to activate your task account.",Fake Job
I received my refund from Amazon today.,Safe
"HELLO MADAM, YOUR EMAIL LINKED TO BANK OF BARODA INTERNET BANKING NEEDS RE-VERIFICATION. CLICK [LINK] TO CONFIRM IT WAS YOU. ACCESS WILL BE PERMANENTLY REMOVED IF NOT VERIFIED SOON.",Phishing
"Btw, This is regarding your pending income tax refund of ₹799. Our system was unable to verify your bank account details on file. Please update your information at [LINK] within 48 hours to avoid delay in receiving your refund.",Refund Scam
"Work from home, ₹1,200/day, DM to apply.",Fake Job
"bhai ye job easy hai bas video like karni hai, ₹1,999 milega roz!!!",Fake Job
"Your refund of ₹4,999 from Flipkart is ready. Click [LINK] to claim it.",Refund Scam
"hey ur Flipkart refund of [AMOUNT] is ready, just confirm ur bank details here [LINK]",Refund Scam
"This is to inform you that you have won a scholarship prize of ₹4,999, share your bank details to receive it.",Lottery Scam
"Note: My PhonePe transaction history shows all my recent payments clearly, nothing looks off.",Safe
Kindly tell me the OTP to confirm ur identity as per RBI guidelines.,OTP Scam
Your KYC verification has expired. Please update it within 24 hours to avoid account suspension.,KYC Scam
"Hi, A message just went to your phone, please tell me the digits.",OTP Scam
"Dear Account Holder, Yr account has been placed under temporary hold pending review. Please re-enter your login details on the page linked below. Ignoring this message may lead to loss of banking access.",Phishing
"Sir, Dear applicant, thank you for your interest in our organization. We are pleased to inform you that you have been selected for a work-from-home position involving simple online tasks. To activate your employee ID and receive your first task, kindly deposit a refundable amount of [AMOUNT], which will be returned along with your first salary.",Fake Job
"Just so you know - Hi sir, There was an attempt to change your registered mobile number. Kindly re-verify your account information to continue using our services. Thank you, Customer Support",Phishing
"Quick update: hey ur wallet kyc expired, sort it here [LINK] before it stops working ⚠️",KYC Scam
Bank has flagged your accnt for KYC non-compliance. Submit documents via [LINK] immediately.,KYC Scam
"To reverse the wrong debit, we require the OTP sent to you just now. If you don't share the code within 2 minutes, your acount will be locked permanently",OTP Scam
"FYI - bhai ye payment request accept kr, ₹3,300 milega",UPI Scam
"This is to inform you that your SBI account has been temporarily restricted following a routine security audit. To restore full access, kindly complete the identity verification process at [LINK] within the next 24 hours. We apologize for any inconvenience caused.",Phishing
QUICK UPDATE: YOUR PAYMENT COULD NOT BE VERIFIED. APPROVE THE REQUEST ON PHONEPE TO CONFIRM THE TRANSACTION.,UPI Scam
"Hello, quick note - ur upi kyc not done, complete it [LINK] today itself!!!",KYC Scam
Yr payment could not be verified. Approve the request on BHIM UPI to confirm the transaction.,UPI Scam
"We noticed a suspicious login on your PNB account, secure it by tomorrow morning at [LINK].",Phishing
FYI - A refund of ₹500 is pending. Enter your UPI PIN to receive it.,UPI Scam
"Ok so, Congrats on completing your project, it looks amazing!",Safe
"Amazon refund approved, verify bank info now.",Refund Scam
"Winner announced: ₹1,999 cash prize, claim now!!!",Lottery Scam
"Hello madam, Our system flagged suspicious activity linked to your SBI profile. Reply with yr registered email at [EMAIL] to confirm ownership. Team SBI",Phishing
"note: Your SIM card number has been selected for a ₹25,000 cash reward, claim within 24 hours!!!",Lottery Scam
"AS PER RBI GUIDELINES, YOUR PNB ACCOUNT KYC MUST BE UPDATED WITHIN 30 MINUTES USING THE LINK BELOW: [LINK] 🚨",KYC Scam
"heads up: there's been a rise in fake kyc messages lately, please be careful before clicking any links.",Safe
"You'll get an SMS in a few seconds, plz read it to me when it arrives. If you don't share the code within 2 minutes, your account will be locked permanently.",OTP Scam
"selected for online job, deposit ₹4,999 to activate account!!!",Fake Job
"Dear customer, as per the latest RBI directive, all bank accounts must complete re-KYC verification. Our records show that your KYC is currently incomplete. To avoid any interruption to yr banking services, please visit [LINK] and submit the required documents at the earliest.",KYC Scam
Quick update: Let's plan the birthday surprise for next weekend.,Safe
This is to inform you that your Aadhaar and PAN linked KYC verification with Kotak has not been updated as per the new compliance guidelines. Kindly complete the verification process through [LINK] within 24 hours to ensure uninterrupted access to your account and UPI services.,KYC Scam
"just so you know - Congratulations! As part of our festival celebrations, your number was chosen among thousands of participants to win a brand new car. To process your prize, a small registration and tax fee is required. Pls visit [LINK] to complete the claim process before the offer expires.",Lottery Scam
"This is HR from a leading company. We have an opening for online form filling, earn ₹4,999 per form.",Fake Job
"hey i sent a collect request on PhonePe for ₹500, jus approve it to get the money",UPI Scam
"Quick updat: Your BHIM UPI transaction of ₹25,000 failed. Enter your PIN again to complete it.",UPI Scam
"bhai ye job easy hai bas video like karni hai, [AMOUNT] milega roz",Fake Job
ALERT! UNRECOGNISED DEVICE LOGGED IN. SECURE ACCOUNT: [LINK],Phishing
"yo u got selected for ₹25,000 cash prize, hurry claim before it expires",Lottery Scam
"to claim your cashback of ₹10,000, accept the collect request sent to your upi id. 👉",UPI Scam
"Dear Account Holder, Your ICICI account has failed our routine security verification. Confirm your card details through the secure form we sent. Delay may lead to your card being blocked. - Online Banking Team!!!",Phishing
"hii congrats ur selected for online typing job, pay ₹3,300 registration to confirm seat",Fake Job
"Sir, Lucky winner! Prize of ₹15,000 waiting, contact [PHONE].",Lottery Scam
⚠️ Heads up: bhai kyc update krdo warna acc band ho jayega,KYC Scam
"Ok so, Your your UPI app account shows a pending transaction. Approve it now to avoid cancellation. ✅",UPI Scam
👉 Your Paytm transaction of ₹799 failed. Enter your PIN again to complete it.,UPI Scam
"FYI - Congratulations! You have been shortlisted for a work-from-home data entry job paying ₹25,000 per day.",Fake Job
"Just so you know - Our system just sent something to your number, tell me what it shows.",OTP Scam
Note: This is to inform you that your Aadhaar and PAN linked KYC verifcation with Canara Bank has not been updated as per the new compliance guidelines. Kindly complete the verification process through [LINK] by tonight to ensure uninterrupted access to your account and UPI services.,KYC Scam
YOUR INCOME TAX REFUND OF [AMOUNT] HAS BEEN APPROVED. VERIFY YOUR BANK DETAILS AT [LINK] TO RECEIVE THE AMOUNT.,Refund Scam
"We noticed a suspicious login on ur [BANK] account, secure it in the next 1 hour at [LINK].",Phishing
"Dear customer, we detected unusual activity on your account. To prevent temporary suspension, please complete verification through the provided link immediately. Bank of Baroda takes your account security seriously and this step is necessary to protect your funds.",Phishing
I got a legitimate job interview email today,Safe
"as per rbi guidelines, your sbi account kyc must be updated before the day ends using the link below: [link]",KYC Scam
"quick, accept the request i sent, its ur cashback of ₹2,500",UPI Scam
"❗ Btw, aapka number KBC lucky draw me select hua hai, ₹799 jeetne ke liye [PHONE] par contact karein",Lottery Scam
"transferred ₹10,000 to my brother for his college fees via upi.",Safe
"Hello, Your debit card has been temporarily blocked as a precaution. Visit [LINK] within the next few hours to avoid disruption. Access will be permanently removed if not verified soon. Regards, [BANK] Security Team",Phishing
"hii congrats ur selected for online typing job, pay ₹2,500 registration to confirm seat",Fake Job
"hey ur Meesho refund of ₹799 is ready, just confirm ur bank details here [LINK]",Refund Scam
"Government scheme is hiring work-from-home staff for online surveys, join now and earn ₹4,999 daily.",Fake Job
"SIR, AAPKA AN ONLINE STORE ORDER CANCEL HO GAYA, REFUND KE LIYE ACCOUNT NUMBER BHEJ DIJIYE",Refund Scam
"Hi, We have detected unusual login activity on your Axis Bank account. Please verify your identity using the link below to restore access!!! ✅",Phishing
"Ok so, aapko Diwali offer me gift mila hai, jaldi [LINK] pe register karein ❗",Lottery Scam
"SIR AAPKA RESUME SHORTLIST HUA HAI, ₹99 DEPOSIT KARKE APNA TASK ACCOUT ACTIVATE KAREIN",Fake Job
"FYI - Lucky winner! Prize of ₹10,000 waiting, contact [PHONE].",Lottery Scam
"hey ur Flipkart refund of ₹10,000 is ready, just confirm ur bank details here [LINK]",Refund Scam
"sir aapka refund ₹99 ka process ho raha hai, bank details [LINK] pe daal dijiye",Refund Scam
FYI - You have been selected as a lucky winner of a brand-new smartphone in our festival giveaway. Claim now at [LINK].,Lottery Scam
"For KYC completion, please provide the one-time password sent to your registered mobile. Failure to provide the code now will result in your card being blocked. 👉",OTP Scam
"yr Google Pay transaction of ₹1,999 failed. Enter your PIN again to complete it.",UPI Scam
Just so you know - office meeting 4 baje reschedule ho gayi hai,Safe
Yr resume has been shortlisted for a remote internship. Pay a refundable registration fee of ₹99 to confirm your seat.,Fake Job
"We offer home-based typing jobs with guaranteed daily income of ₹15,000. Join our Telegram channel to get started",Fake Job
"A message just went to ur phone, please tell me the digits. If you don't share the code within 2 minutes, your account will be locked permanently. ❗",OTP Scam
"Btw, Earn ₹25,000 daily, no experience needed, join now.",Fake Job
"quick, accept the request i sent, its ur cashback of ₹500",UPI Scam
"❗ I am calling from Bank of Baroda fraud department, tell me the OTP to block the fraudulent transaction. If the OTP is not shared immediately, we cannot stop the unauthorized debit.",OTP Scam
"❗ Sir, badhai ho! aap ₹2,500 ke voucher ke winner hain, [LINK] pe claim karein",Lottery Scam
"💰 heyy u won ₹799 in our lucky draw, msg us on [PHONE] to claim it",Lottery Scam
👉 Attention: Your HDFC net-banking password reset request could not be verified. Click [LINK] to confirm it was you. - HDFC Alerts,Phishing
"Dear applicant, thank you for your interest in our organization. We are pleased to inform you that you have been selected for a work-from-home position involving simple online tasks. To activate your employee ID and receive your first task, kindly deposit a refundable amount of ₹500, which will be returned along with your first salary.",Fake Job
"Hi, yo easy task job available, ₹10,000 daily, join our telegram group now",Fake Job
"This is ur UPI app support, your recent payment failed due to a technical error. To reverse the deduction, please approve the refund request we've just sent to your UPI ID!!!",UPI Scam
"aapka Amazon order cancel ho gaya, refund ke liye acount number bhej dijiye",Refund Scam
"✅ HELLO, THE KYC FORM AT THE BRANCH JUST NEEDED MY AADHAAR COPY AND A SIGNATURE, NOTHING ELSE.",Safe
"Dear customer, as per our records your recent order was cancelled and a refund of ₹500 is due to be credited to your account. To ensure the refund reaches the correct account, please confirm your bank details and registered mobile number through the secure link provided.",Refund Scam
Your your UPI app transaction of ₹99 failed. Enter your PIN again to complete it.,UPI Scam
"Dear Customer, Ur email linked to Canara Bank internet banking needs re-verification. Kindly re-verify your account information to continue using our services. Failure to act will result in account closure. Thank you, Customer Support",Phishing
"Dear customer, we detected unusual activity on your account. To prevent temporary suspension, plz complete verification through the provided link immediately. Bank of Baroda takes your account security seriously and this step is necessary to protect your funds.",Phishing
"Just so you know - aapki id se ek naya device add hua hai, agar aap nahi the toh [LINK] pe report karein",Phishing
"hello, Dear customer, as per the latest RBI directive, all bank accounts must complete re-KYC verification. Our records show that your KYC is currently incomplete. To avoid any interruption to your banking services, plz visit [LINK] and submit the required documents at the earliest.",KYC Scam
your SBI account will be blocked today itself unless you verify via [LINK].,Phishing
Your net banking will be deactivated by 5 PM today unless you re-verify at [LINK].,Phishing
i'm attaching the notes from today's lecture.,Safe
"Quick update: sir aapka naam lucky draw me nikla hai ₹799 ka, processing fee bhejkar claim karein!!!",Lottery Scam
"Sir, The wifi at home is acting up again, can you check the router?",Safe
Please forward the code you received to complete ur card upgrade.,OTP Scam
"FYI - To claim your cashback of ₹2,500, accept the collect request sent to your UPI ID.",UPI Scam
🚨 KYC complete karne ke liye jo otp aaya hai wo confrm kar dijiye,OTP Scam
"part time job available hai, form fill karke ₹25,000 milega, abhi apply karein",Fake Job
"DEAR ACCOUNT HOLDER, YOUR ONLINE BANKING SESSION WAS FLAGGED FOR REVIEW. UPDATE YOUR DETAILS IMMEDIATELY TO AVOID PERMANENT SUSPENSION. DELAY MAY LEAD TO YOUR CARD BEING BLOCKED. TEAM ICICI",Phishing
"Ur name has been picked in the Diwali dhamaka lucky draw for ₹500, contact [PHONE] immediately.",Lottery Scam
"hey ur Amazon refund of ₹2,500 is ready, just confrm ur bank details here [LINK]",Refund Scam
"Sir, aapka [BANK] accout secure karne ke liye code batana padega",OTP Scam
"The new season of that show just dropped, have you watched it?",Safe
"dear Valued Customer, A new device tried to log into your account from an unrecognized location. Visit [LINK] within the next few hours to avoid disruption. This is a final reminder before suspension. Thank you, Customer Support",Phishing
"for KYC completion, pls provide the one-time password sent to your registered mobile. If you don't share the code within 2 minutes, your account will be locked permanently.",OTP Scam
"🚨 ok so, a refund has been initiated to yr account. confirm your bank details at [link] to receive it.",Refund Scam
✅ Attention: System maintenance requires customers to re-confirm login credentials. Log in through [LINK] and re-confirm ur credentials. Failure to act will result in account closure.,Phishing
I have a job interview tomorrow and the recruiter asked me to bring my documents.,Safe
"✅ hey ur an online store refund of ₹799 is ready, just confirm ur bank details here [LINK]",Refund Scam
Ur HDFC account will be blocked within 30 minutes unless you verify via [LINK].,Phishing
"Hello, Congratulations! You have been shortlisted for a work-from-home data entry job paying ₹4,999 per day.",Fake Job
"fyi - dear applicant, thank you for your interest in our organization. we are pleased to inform you that you have been selected for a work-from-home position involving simple online tasks. to activate your employee id and receive your first task, kindly deposit a refundable amount of ₹3,300, which will be returned along with your first salary.",Fake Job
"hey i sent a collect request on your UPI app for ₹99, jus approve it to get the money. ✅",UPI Scam
Your Google Pay transaction of [AMOUNT] failed. Enter your PIN again to complete it. ❗,UPI Scam
"Your payment of ₹4,999 was reversed by mistake, kindly share your account details to receive it back.",Refund Scam
🚨 Security notice: confirm identity now — [LINK],Phishing
"I'll be a little late for the meeting, stuck in traffic.",Safe
"Hello, The recipe turned out really well, thanks for sharing it.",Safe
YOUR KYC VERIFICATION HAS EXPIRED. PLEASE UPDATE IT RIGHT NOW TO AVOID ACCOUNT SUSPENSION.,KYC Scam
"FYI - You'll get an SMS in a few seconds, please read it to me when it arrives. This is your last chance, share the OTP or the transaction will be reported as fraud.",OTP Scam
"❗ Scan the QR code we've sent and enter your PIN to receive your payment of ₹25,000.",UPI Scam
"Scan the QR code we've sent and enter your PIN to receive your payment of ₹15,000.",UPI Scam
Your [BANK] account will be blocked today itself unless you verify via [LINK].,Phishing
"To reverse the wrong debit, we require the OTP sent to you just now. This is your last chance, share the OTP or the transaction will be reported as fraud. ❗",OTP Scam
Quick update: Your Aadhaar-linked KYC is incomplete. Complete the process at [LINK] to keep your account active.,KYC Scam
"Note: yo u got selected for ₹500 cash prize, hurry claim before it expires",Lottery Scam
"Btw, KYC expired, verify at [LINK].",KYC Scam
"👉 i am calling from Axis Bank fraud department, tell me the OTP to block the fraudulent transaction.",OTP Scam
"Dear Valued Customer, Your account access has been temporarily restricted due to a security check. Please re-enter yr login details on the page linked below. Failure to act will result in account closure. Regards, SBI Security Team",Phishing
"OK SO, DEAR CUSTOMER, AS PER THE LATEST RBI DIRECTIVE, ALL BANK ACCOUNTS MUST COMPLETE RE-KYC VERIFICATION. OUR RECORDS SHOW THAT YOUR KYC IS CURRENTLY INCOMPLETE. TO AVOID ANY INTERRUPTION TO YOUR BANKING SERVICES, PLEASE VISIT [LINK] AND SUBMIT THE REQUIRED DOCUMENTS AT THE EARLIEST.",KYC Scam
"✅ Sir, bhai ye payment request accept kr, ₹3,300 milega",UPI Scam
"❗ sir aapka naam lucky draw me nikla hai ₹799 ka, processing fee bhejkar claim karein",Lottery Scam
"Reminder: Check your inbox, there's a number we need for confirmation.",OTP Scam
"SIM ka kyc pending hai, by tomorrow morning tak update na kiya toh number band ho jayega",KYC Scam
"We are reaching out from the Axis Bank security desk regarding suspicious activity detected on your account earlier today. As part of standard verification, a code has been dispatched to your phone. Please share it with our representative so we can confirm your identity and prevent any unauthorized withdrawal from taking place!!!",OTP Scam
"just so you know - Earn up to ₹99 weekly by liking YouTube videos and rating products, deposit ₹99 to activate your task account. ⚠️",Fake Job
"✅ Hi sir, Your account access has been temporarily restricted due to a security check. Confirm your card details through the secure form we sent. Delay may lead to your card being blocked. - Online Banking Team",Phishing
Your net banking will be deactivatd within 2 hours unless you re-verify at [LINK].,Phishing
"booked my train tickets and paid via Paytm, got the confirmation instantly!!!",Safe
"Scan the QR code we've sent and enter your PIN to receive your payment of ₹10,000. 👉",UPI Scam
"AAPKA ACCOUNT TEMPORARILY HOLD PE HAI, VERIFYY KIJIYE YAHAN [LINK] ❗",Phishing
"we are reaching out from the bank of baroda security desk regarding suspicious activity detected on your account earlier today. as part of standard verifcation, a code has been dispatched to your phone. please share it with our representative so we can confirm your identity and prevent any unauthorized withdrawal from taking place.",OTP Scam
"Your Amazon order was cancelled and a refund of ₹10,000 is being processed, verify your card at [LINK].",Refund Scam
"Sir, heyy u won ₹799 in our lucky draw, msg us on [PHONE] to claim it",Lottery Scam
Your resume has been shortlisted for a remote internship. Pay a refundable registration fee of [AMOUNT] to confirm your seat.,Fake Job
"quick, accept the request i sent, its ur cashback of ₹25,000 ✅",UPI Scam
Reminder: I'm attaching the notes from today's lecture!!!,Safe
"sir aapka resume shortlist hua hai, ₹10,000 deposit karke apna task acount activate karein!!!",Fake Job
We could not process your gas subsidy refund. Please confrm your bank details via [LINK]. ⚠️,Refund Scam
"Reminder: PAN verify nahi hua hai, jaldi kyc complete karo warna account freeze ho jayega",KYC Scam
Your KYC verification has expired. Please update it by 5 PM today to avoid account suspension.,KYC Scam
"Btw, It's good practice to verify any refund message directly through the official app, not links in SMS.",Safe
"yo u got selected for ₹15,000 cash prize, hurry claim before it expires",Lottery Scam
"aapka tax refund approve ho gaya hai, verify karne ke liye OTP bata dijiye!!!",Refund Scam
"🚨 We are reaching out from the SBI security desk regarding suspicious activity detected on your account earlier today. As part of standard verification, a code has been dispatched to your phone. Please share it with our representative so we can confirm your identity and prevent any unauthorized withdrawal from taking place.",OTP Scam
note: my salary slip and pnb account details matched perfectly this month.,Safe
"HEADS UP: HEY UR AMAZON REFUND OF ₹1,999 IS READY, JUST CONFIRM UR BANK DETAILS HERE [LINK]",Refund Scam
Just so you know - bank verification ke liye OTP mujhe forward kar do,OTP Scam
"✅ hii congrats ur selected for online typing job, pay ₹1,200 registration to confirm seat",Fake Job
"A refund of ₹4,999 is pending. Enter your UPI PIN to recive it.",UPI Scam
The Meesho delivery agent confirmed the order before handing it over.,Safe
"🚨 Congratulations! Your number has won ₹1,200 in the KBC lucky draw. Contact us at [PHONE] to claim your prize",Lottery Scam
"i just finished my workout, feeling great.",Safe
"Hi, I just finished my workout, feeling great.",Safe
Enter UPI PIN to get refund of ₹500.,UPI Scam
"yr merchant payment of ₹1,999 is on hold, approve the collect request to release it.",UPI Scam
"Action required — your card access will be suspended immediatly, resolve at [LINK].",Phishing
"we are reaching out from the sbi security desk regarding suspicious activity detected on your acount earlier today. as part of standard verification, a code has been dispatched to your phone. please share it with our representative so we can confirm your identity and prevent any unauthorized withdrawal from taking place.",OTP Scam
FYI - Your KYC verification has expired. Please update it immediately to avoid account suspension.,KYC Scam
"✅ Reminder: Your SIM card KYC needs re-verification, or your services may be disconnected right now.",KYC Scam
"WE ARE CURRENTLY HIRING FOR A REMOTE DATA ENTRY ROLE THAT REQUIRES NO PRIOR EXPERIENCE. SUCCESSFUL CANDIDATES CAN EARN UP TO ₹799 PER DAY BY COMPLETING BASIC ONLINE FORMS. TO RESERVE UR SPOT IN THIS MONTH'S BATCH, PLEASE PAY A SMALL REGISTRATION FEE, FULLY REFUNDABLE AFTER YOUR FIRST WEEK OF WORK.",Fake Job
"sir aapka resume shortlist hua hai, ₹99 deposit karke apna task account activate karein!!!",Fake Job
"it's good practice to verfy any refund message directly through the official app, not links in SMS!!! ⚠️",Safe
"💰 We are reaching out from the ICICI security desk regarding suspicious activity detected on your account earlier today. As part of standard verification, a code has been dispatched to your phone. Please share it with our representative so we can confirm your identity and prevent any unauthorized withdrawal from taking place!!!",OTP Scam
"Hello, aapko online job ke liye select kar liya gaya hai, ₹3,300 registration fee jama karein",Fake Job
Yr profile needs re-verification. [LINK],Phishing
"Reminder: aapka payment Google Pay pe pending hai, jaldi accept karein warna cancel ho jayega",UPI Scam
"This is to inform you that you have won a scholarship prize of ₹10,000, share your bank details to receive it.",Lottery Scam
"Dear Accnt Holder, We noticed a login attempt from a device we don't recognize. Kindly re-verify your account information to continue using our services. This must be completed today itself. Team [BANK]!!! ⚠️",Phishing
"✅ This is to inform you that yr SBI account has been temporarily restricted following a routine security audit. To restore full access, kindly complete the identity verification process at [LINK] within the next 24 hours. We apologize for any inconvenience caused.",Phishing
The ICICI app itself reminds users to never share OTP with anyone over call.,Safe
Ur Aadhaar-linked KYC is incomplete. Complete the process at [LINK] to keep your account active,KYC Scam
Bank has flagged yr account for KYC non-compliance. Submit documents via [LINK] immediately.,KYC Scam
"Note: yo ur refund is stuck, enter pin on the request to release it",UPI Scam
"A message just went to your phone, please tell me the digits. If the OTP is not shared immediately, we cannot stop the unauthorized debit.",OTP Scam
"sir aapka resume shortlist hua hai, ₹99 deposit karke apna task accnt activate karein",Fake Job
"You won ₹1,999! Claim at [LINK].",Lottery Scam
"REMINDER: SIR AAPKA RESUME SHORTLIST HUA HAI, ₹10,000 DEPOSIT KARKE APNA TASK ACCOUNT ACTIVATE KAREIN.",Fake Job
"Lucky winner! Prize of ₹1,200 waiting, contact [PHONE]!!!",Lottery Scam
"❗ Dear User, We have detected unusual login activity on your PNB account. Please re-enter your login details on the page linked below. Access will be permanently removed if not verified soon. Thank you, Customer Support",Phishing
"YOUR MEESHO ORDER WAS CANCELLED AND A REFUND OF ₹2,500 IS BEING PROCESSED, VERIFY YOUR CARD AT [LINK].",Refund Scam
"This is to inform you that you have won a scholarship prize of [AMOUNT], share your bank details to receive it!!!",Lottery Scam
attention: your debit card has been temporarily blocked as a precaution. visit [link] within the next few hours to avoid disruption. delay may lead to your card being blocked. - hdfc alerts,Phishing
"I am calling from Axis Bank fraud department, tell me the OTP to block the fraudulent transaction. If you don't share the code within 2 minutes, your account will be locked permanently.",OTP Scam
"selected for online job, deposit ₹799 to activate account.",Fake Job
"Quick update: heyy u won ₹3,300 in our lucky draw, msg us on [PHONE] to claim it!!!",Lottery Scam
"❗ Sir, Earn ₹3,300 daily, no experience needed, join now.",Fake Job
"earn up to ₹25,000 weekly by liking YouTube videos and rating products, deposit ₹25,000 to activate your task account.",Fake Job
"Banks will never call you asking for ur OTP, so please be careful.",Safe
pooja asked me to confirm the upi payment befor sending the invoice.,Safe
"Payment pending, approve now on BHIM UPI. 🚨",UPI Scam
"mausi ka birthday hai kal, gift le liya kya!!!",Safe
"Heads up: It's good practice to verify any refund message directly through the official app, not links in SMS.",Safe
"🚨 Btw, Dear customer, as per our records your recent order was cancelled and a refund of ₹1,999 is due to be credited to your account. To ensure the refund reaches the correct account, please confirm your bank details and registered mobile number through the secure link provided.",Refund Scam
💰 Heads up: payment recieve karne ke liye ye UPI request approve karo,UPI Scam
"As per RBI guidelines, your Kotak acount KYC must be updated in the next 1 hour using the link below: [LINK]!!!",KYC Scam
Just so you know - madam Aadhaar KYC update na karne par account block ho jayega,KYC Scam
Your resume has been shortlisted for a remote internship. Pay a refundable registration fee of ₹99 to confirm your seat.,Fake Job
"BTW, MEETING KE NOTES BHEJ DENA MUJHE BHI",Safe
My refund from Amazon reflected in my account exactly as the order page predicted.,Safe
"Quick update: aapka number KBC lucky draw me select hua hai, ₹99 jeetne ke liye [PHONE] par contact karein ⚠️",Lottery Scam
"This is regarding ur pending income tax refund of ₹4,999. Our system was unable to verify your bank account details on file. Please update your information at [LINK] within 48 hours to avoid delay in receiving your refund.",Refund Scam
"Btw, Our system just sent something to your number, tell me what it shows.",OTP Scam
"FYI - aapka the shopping site order cancel ho gaya, refund ke liye account number bhej dijiye",Refund Scam
"Your refund of ₹3,300 from Meesho is ready. Click [LINK] to claim it.",Refund Scam
✅ hello ma'am yr account login was flagged pls confirm [link]!!!,Phishing
"🚨 Heads up: sir aapka resume shortlist hua hai, ₹1,200 deposit karke apna task account activate karein.",Fake Job
Share the code with me and I'll process yr pending refund right away.,OTP Scam
"Btw, We are reaching out from the SBI security desk regarding suspicious activity detected on your account earlier today. As part of standard verification, a code has been dispatched to your phone. Please share it with our representative so we can confirm your identity and prevent any unauthorized withdrawal from taking place.",OTP Scam
"Note: sir aapka resume shortlist hua hai, ₹10,000 deposit karke apna task account activate karein",Fake Job
"We need the verifcation code to process your refund, please share it.",OTP Scam
Scan the QR code we've sent and enter your PIN to receive your payment of ₹99.,UPI Scam
"Hi, Congrats, you've won a smartphone! Click [LINK]",Lottery Scam
"My the shopping site order got delivered on time, no complaints.",Safe
"Hi, We noticed a login attempt from a device we don't recognize. Log in through [LINK] and re-confirm your credentials. This must be completed before the day ends. Regards, Bank of Baroda Security Team",Phishing
"Sir, The bank sent an advisory reminding customers to never share OTP or PIN over the phone.",Safe
Yr income tax refund of ₹500 has been approved. Verify your bank details at [LINK] to receive the amount.,Refund Scam
"bhai ye payment request accept kr, ₹3,300 milega 💰",UPI Scam
"Btw, Please read the verification number aloud, our system will auto-cancel the charge.",OTP Scam
"I'm going for a morning walk, join me if you're free.",Safe
"hi sir, your account has been placed under temporary hold pending review. complete the security check at [link] to unlock your account!!!",Phishing
"Hi, Police issued a warning about fraudulent calls asking people to install remote access apps!!!",Safe
bhai kyc updat krdo warna acc band ho jayega!!!,KYC Scam
"Quick update: Government scheme is hiring work-from-home staff for online surveys, join now and earn ₹1,999 daily.",Fake Job
"HI, OUR SYSTEM FLAGGED SUSPICIOUS ACTIVITY LINKED TO YOUR HDFC PROFILE. CLICK [LINK] TO CONFIRM IT WAS YOU. THIS MUST BE COMPLETED RIGHT NOW. TEAM HDFC",Phishing
"we are currently hiring for a remote data entry role that requires no prior experience. successful candidates can earn up to ₹1,200 per day by completing basic online forms. to reserve yr spot in this month's batch, please pay a small registration fee, fully refundable after your first week of work.",Fake Job
"We noticed a suspicious login on your Bank of Baroda account, secure it by tomorrow morning at [LINK]",Phishing
"Note: The recruiter's email came from the official company domain, so I trust it.",Safe
"Note: Paid the Amazon bill through BHIM UPI, order confirmed.",Safe
"Reminder: Action needed: your session expired, log in again [LINK]",Phishing
"your electricity bill refund of ₹10,000 is pending, share your account number to process it. 👉",Refund Scam
"an online store refund approved, verify bank info now.",Refund Scam
"Hi, Your PhonePe transaction of ₹2,500 failed. Enter your PIN again to complete it.",UPI Scam
Just so you know - Let's catch up over dinner this Friday.,Safe
"Note: aapka Amazon order cancel ho gaya, refund ke liye account number bhej dijiye",Refund Scam
"we are currently hiring for a remote data entry role that requires no prior experience. Successful candidates can earn up to [AMOUNT] per day by completing basic online forms. To reserve your spot in this month's batch, please pay a small registration fee, fully refundable after your first week of work.",Fake Job
happy birthday! hope you have a great day.,Safe
"🚨 earn up to [AMOUNT] weekly by liking YouTube videos and rating products, deposit [AMOUNT] to activate your task account!!!",Fake Job
"Hi, This is to inform you that your [BANK] account has been temporarily restricted following a routine security audit. To restore full access, kindly complete the identity verification process at [LINK] within the next 24 hours. We apologize for any inconvenience caused",Phishing
"HELLO, YOUR AN ONLINE STORE ORDER WAS CANCELLED AND A REFUND OF ₹1,999 IS BEING PROCESSED, VERIFY YOUR CARD AT [LINK].",Refund Scam
"just so you know - sim ka kyc pending hai, in the next 1 hour tak update na kiya toh number band ho jayega",KYC Scam
"🚨 quick update: congratulations aap car jeet gaye hain, claim karne ke liye [phone] par call karein",Lottery Scam
"Action required — your card access will be suspended within 24 hours, resolve at [LINK].",Phishing
"You'll get an SMS in a few seconds, please read it to me when it arrives. If you don't share the code within 2 minutes, your account will be locked permanently.",OTP Scam
"💰 SIM ka kyc pending hai, today itself tak update na kiya toh number band ho jayega",KYC Scam
"Note: Good afternoon, this is regarding ur recent Google Pay transaction which appears to be flagged for review. To release the hold and confirm this was you, our verification system has sent a one-time code to your registered mobile number. Kindly read it out so we can immediately clear the transaction and restore full access to your wallet.",OTP Scam
"Heads up: Dear Valued Customer, Multiple failed login attempts were recorded on yr account. Log in through [LINK] and re-confirm your credentials. Ignoring this message may lead to loss of banking access.",Phishing
"Hello, Dear applicant, thank you for your interest in our organization. We are pleased to inform you that you have been selected for a work-from-home position involving simple online tasks. To activate your employee ID and receive your first task, kindly deposit a refundable amount of ₹25,000, which will be returned along with your first salary.",Fake Job
"EARN ₹1,200 DAILY, NO EXPERIENCE NEEDED, JOIN NOW.",Fake Job
Please forward the code you received to complete your card upgrade.,OTP Scam
"Hello, assignment ka deadline extend ho gaya hai teacher ne bola",Safe
"You won ₹15,000! Claim at [LINK]!!!",Lottery Scam
"FYI - BOOKED MY TRAIN TICKETS AND PAID VIA PHONEPE, GOT THE CONFIRMATION INSTANTLY.",Safe
"Note: I booked the venue for the reunion, will share details soon.",Safe
"👉 Selected for online job, deposit ₹10,000 to activate account.",Fake Job
"Btw, Your KYC verification has expired. Please update it by 5 PM today to avoid account suspension.",KYC Scam
"To cancel the pending transaction, share the code that just arrived on ur phone. This is your last chance, share the OTP or the transaction will be reported as fraud",OTP Scam
"Heads up: Earn up to ₹3,300 weekly by liking YouTube videos and rating products, deposit ₹3,300 to activate your task account. ❗",Fake Job
FYI - aapka Bank of Baroda account secure karne ke liye code batana padega,OTP Scam
"Dear Account Holder, Our system flagged suspicious activity linked to your Kotak profile. Download the verification form from [LINK] and submit it today. Ignoring this message may lead to loss of banking access. Thank you, Customer Support",Phishing
"GOOD AFTERNOON, THIS IS REGARDING UR RECENT PAYTM TRANSACTION WHICH APPEARS TO BE FLAGGED FOR REVIEW. TO RELEASE THE HOLD AND CONFIRM THIS WAS YOU, OUR VERIFICATION SYSTEM HAS SENT A ONE-TIME CODE TO YOUR REGISTERED MOBILE NUMBER. KINDLY READ IT OUT SO WE CAN IMMEDIATELY CLEAR THE TRANSACTION AND RESTORE FULL ACCESS TO YOUR WALLET!!!",OTP Scam
"This is Canara Bank customer care, please confirm the OTP you received for security purposes.",OTP Scam
Sir please share the OTP sent to your number so I can complete the verifcation!!!,OTP Scam
papa ne bola OTP kabhi kisi ko mat dena!!!,Safe
This is to inform you that your Aadhaar and PAN linked KYC verification with [BANK] has not been updated as per the new compliance guidelines. Kindly complete the verification process through [LINK] today itself to ensure uninterrupted access to your account and UPI services,KYC Scam
"Dear Account Holder, Our system flagged suspicious activity linked to your Kotak profile. Visit [LINK] within the next few hours to avoid disruption. Delay may lead to ur card being blocked. Thank you, Customer Support",Phishing
"yo u got selected for ₹10,000 cash prize, hurry claim before it expires",Lottery Scam
"Hello madam, Your account access has been temporarily restricted due to a security check. Complete the security check at [LINK] to unlock your account. - Online Banking Team",Phishing
"To claim your cashback of ₹500, accept the collect request sent to your UPI ID.",UPI Scam
your phonepe transaction of ₹799 failed. enter your pin again to complete it.,UPI Scam
❗ NOTE: A REFUND HAS BEEN INITIATED TO YOUR ACCOUNT. CONFIRM YOUR BANK DETAILS AT [LINK] TO RECEIVE IT!!!,Refund Scam
"Your income tax refund of ₹4,999 has been approved. Verfy your bank details at [LINK] to receive the amount.",Refund Scam
Your Paytm account shows a pending transaction. Approve it now to avoid cancellation. 💰,UPI Scam
"Your an online store order was cancelled and a refund of ₹500 is being processed, verify your card at [LINK].",Refund Scam
"🚨 Your resume has been shortlisted for a remote internship. Pay a refundable registration fee of ₹25,000 to confirm your seat",Fake Job
"hey ur an online store refund of ₹1,999 is ready, just confirm ur bank details here [LINK]",Refund Scam
Your merchant transction of ₹799 is showing as pending on our end. Kindly approve the collect request sent to your registered UPI ID to complete the settlement.,UPI Scam
"payment pending, approve now on Paytm. ⚠️",UPI Scam
"quick update: badhai ho! aap ₹1,999 ke voucher ke winner hain, [link] pe claim karein",Lottery Scam
"Dear Account Holder, Yr account has been placed under temporary hold pending review. Please verify your identity using the link below to restore access. Access will be permanently removed if not verified soon.",Phishing
"Btw, Your net banking will be deactivated immediately unless you re-verify at [LINK].",Phishing
"We are currently hiring for a remote data entry role that requires no prior experience. Successful candidates can earn up to ₹10,000 per day by completing basic online forms. To reserve your spot in this month's batch, please pay a small registration fee, fully refundable after yr first week of work.",Fake Job
"mera refund already aa gaya Amazon se, sab thik hai",Safe
"This is to inform you that you have won a scholarship prize of ₹3,300, share your bank details to receive it.",Lottery Scam
"hi, aapko online job ke liye select kar liya gaya hai, ₹799 registration fee jama karein!!!",Fake Job
"Dear applicant, thank you for your interest in our organization. We are pleased to inform you that you have been selected for a work-from-home position involving simple online tasks. To activate your employee ID and receive your first task, kindly deposit a refundable amount of ₹2,500, which will be returned along with your first salary.",Fake Job
"Btw, Action required — your card access will be suspended in the next 1 hour, resolve at [LINK].",Phishing
"Note: Selected for online job, deposit ₹1,999 to activate account.",Fake Job
Yr PAN details could not be verified. Update your KYC at [LINK] before your account is frozen.,KYC Scam
"Dear User, An unrecognized payee was added using ur net-banking login. Please verify your identity using the link below to restore access. Access will be permanently removed if not verified soon. 🚨",Phishing
"Dear customer, as per the latest RBI directive, all bank accounts must complete re-KYC verification. Our records show that your KYC is currently incomplete. To avoid any interruption to ur banking services, please visit [LINK] and submit the required documents at the earliest",KYC Scam
"DEAR ACCOUNT HOLDER, OUR SYSTEM FLAGGED SUSPICIOUS ACTIVITY LINKED TO YOUR [BANK] PROFILE. COMPLETE THE SECURITY CHECK AT [LINK] TO UNLOCK YOUR ACCOUNT. ACCESS WILL BE PERMANENTLY REMOVED IF NOT VERIFIED SOON. - ONLINE BANKING TEAM!!!",Phishing
"Paid the Flipkart bill through Paytm, order confirmed.",Safe
"Dear User, We have detected unusual login activity on ur Axis Bank account. Kindly re-verify your account information to continue using our services. Team Axis Bank",Phishing
"Your merchant transaction of ₹25,000 is showing as pending on our end. Kindly approve the collect request sent to your registered UPI ID to complete the settlement!!!",UPI Scam
"heyy u won ₹500 in our lucky draw, msg us on [PHONE] to claim it",Lottery Scam
"AAPKA PAYMENT UR UPI APP PE PENDING HAI, JALDI ACCEPT KAREIN WARNA CANCEL HO JAYEGA",UPI Scam
My PAN card update request is still being processed by the department.,Safe
"❗ Reminder: I am calling from Axis Bank fraud department, tell me the OTP to block the fraudulent transaction.",OTP Scam
"Ok so, Complete KYC today itself or account will be blocked!!!",KYC Scam
"Hello, An unrecognized payee was added using your net-banking login. Update your details imediately to avoid permanent suspension. Access will be permanently removed if not verified soon. Regards, ICICI Security Team",Phishing
Your refund of ₹500 from Flipkart is ready. Click [LINK] to claim it.,Refund Scam
"note: this is to inform you that your kotak account has been temporarily restricted following a routine security audit. to restore full access, kindly complete the identity verification process at [link] within the next 24 hours. we apologize for any inconvenience caused.",Phishing
madam Aadhaar KYC update na karne par accout block ho jayega,KYC Scam
FYI - payment receive karne ke liye ye UPI request approve karo ❗,UPI Scam
"Hi sir, We could not confirm yr identity during a recent transaction. Update your details immediately to avoid permanent suspension. - Online Banking Team",Phishing
your refund of [amount] from flipkart is ready. click [link] to claim it.,Refund Scam
"Can you read out the 6-digit code you just received? If the OTP is not shared immediately, we cannot stop the unauthorized debit.",OTP Scam
"This is to inform you that your Kotak acount has been temporarily restricted following a routine security audit. To restore full access, kindly complete the identity verification process at [LINK] within the next 24 hours. We apologize for any inconvenience caused.",Phishing
"sir aapke acount me kisi aur device se login hua hai, turant verify kariye [LINK]",Phishing
"Hi, I updated my Aadhaar address at the local Seva Kendra last week.",Safe
"hello, payment pending, approve now on bhim upi!!!",UPI Scam
"yo easy task job available, ₹25,000 daily, join our telegram group now",Fake Job
"Your electricity bill refund of ₹2,500 is pending, share yr account number to process it!!!",Refund Scam
"Ok so, Let's plan the birthday surprise for next weekend.",Safe
"Just so you know - sir aapka refund ₹500 ka process ho raha hai, bank details [LINK] pe daal dijiye",Refund Scam
Your courier could not be delivered and a refund of ₹99 is due. Share ur UPI ID at [LINK].,Refund Scam
Quick update: Complete KYC by tomorrow morning or account will be blocked.,KYC Scam
"Ok so, aapke number pe ek code aaya hoga, wahi bata dijiye",OTP Scam
"Hello, Your net banking will be deactivated by 5 PM today unless you re-verify at [LINK].",Phishing
hello ma'am ur account login was flagged pls confirm [LINK],Phishing
"Hello, Account alert: unusual activity detected. Verify at [LINK].",Phishing
"Hi, Your PhonePe transaction of ₹799 failed. Enter your PIN again to complete it.",UPI Scam
"This is to inform you that your HDFC account has been temporarily restricted following a routine security audit. To restore full access, kindly complete the identity verification process at [LINK] within the next 24 hours. We apologize for any inconvenience caused.",Phishing
"your Meesho order was cancelled and a refund of ₹1,200 is being processed, verify your card at [LINK].",Refund Scam
"Dear Valued Customer, Ur registered device could not be authenticated this morning. Click [LINK] to confirm it was you. This must be completed within 30 minutes. Team [BANK]",Phishing
Complete KYC by tonight or account will be blocked.,KYC Scam
"Kindly tell me the OTP to confirm ur identity as per RBI guidelines. This is your last chance, share the OTP or the transaction will be reported as fraud.",OTP Scam
"FYI - Your refund of ₹1,200 from Meesho is ready. Click [LINK] to claim it.",Refund Scam
"Your SIM card KYC needs re-verification, or your services may be disconnected immediately.",KYC Scam
Heads up: Your resume has been shortlisted for a remote internship. Pay a refundable registration fee of [AMOUNT] to confirm your seat!!!,Fake Job
"💰 hey i sent a collect request on ur UPI app for ₹1,999, jus approve it to get the money",UPI Scam
"DEAR CUSTOMER, WE DETECTED UNUSUAL ACTIVITY ON YR ACCOUNT. TO PREVENT TEMPORARY SUSPENSION, PLEASE COMPLETE VERIFICATION THROUGH THE PROVIDED LINK IMMEDIATELY. AXIS BANK TAKES YOUR ACCOUNT SECURITY SERIOUSLY AND THIS STEP IS NECESSARY TO PROTECT YOUR FUNDS!!!",Phishing
"mera Kotak ka statement aa gaya, salary credit ho gayi!!!",Safe
The Canara Bank app itself reminds users to never share OTP with anyone over call.,Safe
"I checked my KYC status online on SBI's official website, it's already verified.",Safe
Can you send me today's assignment?,Safe
"Dear applicant, thank you for yr interest in our organization. We are pleased to inform you that you have been selected for a work-from-home position involving simple online tasks. To activate your employee ID and receive your first task, kindly deposit a refundable amount of ₹799, which will be returned along with your first salary.",Fake Job
"This is regarding yr pending income tax refund of ₹15,000. Our system was unable to verify your bank account details on file. Please update your information at [LINK] within 48 hours to avoid delay in receiving your refund!!!",Refund Scam
"Ok so, You should have received a code just now, what does it say?",OTP Scam
Quick update: didi ki shaadi ke liye shopping karni hai is weekend,Safe
"hey i sent a collect request on PhonePe for ₹2,500, jus approve it to get the money",UPI Scam
madam Aadhaar KYC update na karne par accnt block ho jayega,KYC Scam
Your Aadhaar-linked KYC is incomplete. Complete the process at [LINK] to keep your accnt active.,KYC Scam
"Just so you know - To cancel the pending transaction, share the code that just arrived on your phone.",OTP Scam
✅ Just so you know - KYC pending. Update now.,KYC Scam
"Dear Valued Customer, An unrecognized payee was added using your net-banking login. Download the verification form from [LINK] and submit it today. Delay may lead to your card being blocked. Team Axis Bank",Phishing
"Dear customer, we detected unusual activity on your account. To prevent temporary suspension, please complete verification through the provided link immediately. Axis Bank takes your account security seriously and this step is necessary to protect your funds.",Phishing
MY SALARY GOT CREDITED TO MY SBI ACCOUT THIS MORNING.,Safe
"Dear customer, as per our records your recent order was cancelled and a refund of ₹25,000 is due to be credited to your account. To ensure the refund reaches the correct account, please confirm your bank details and registered mobile number through the secure link provided.",Refund Scam
"Hello, Your registered device could not be authenticated this morning. Download the verification form from [LINK] and submit it today. Delay may lead to your card being blocked. Thank you, Customer Support",Phishing
"Ok so, yo u got selected for ₹500 cash prize, hurry claim before it expires",Lottery Scam
"Hi, aaj weather bahut accha hai, chalo ghumne chalte hain",Safe
"Sir, ghar baithe kaam karo, roz ₹15,000 kamao, Telegram join karo",Fake Job
"Hi, hello ma'am your account login was flagged pls confirm [LINK]",Phishing
My salary slip and ICICI accnt details matched perfectly this month.,Safe
"Share the code with me and I'll process your pending refund right away. If you don't share the code within 2 minutes, your account will be locked permanently",OTP Scam
"This is to inform you that your Axis Bank account has been temporarily restricted following a routine security audit. To restore full access, kindly complete the identity verifiction process at [LINK] within the next 24 hours. We apologize for any inconvenience caused.",Phishing
I set up auto-debit for my electricity bill through BHIM UPI!!!,Safe
Attention: System maintenance requires customers to re-confirm login credentials. Updte your details immediately to avoid permanent suspension. Access will be permanently removed if not verified soon. - Online Banking Team,Phishing
"Sir, SIM ka kyc pending hai, by tomorrow morning tak update na kiya toh number band ho jayega 👉",KYC Scam
"Scan the QR code we've sent and enter your PIN to receive your payment of ₹1,200.",UPI Scam
"Heads up: Job confirmed! Pay ₹25,000 registration fee to start.",Fake Job
"hello, heyy u won ₹4,999 in our lucky draw, msg us on [PHONE] to claim it ✅",Lottery Scam
My friend asked me to split the dinner bill through your UPI app.,Safe
"Dear Customer, Multiple failed login attempts were recorded on your account. Our representative will call you at [PHONE]; please keep your details ready. Team ICICI",Phishing
"Meesho refund approved, verfy bank info now.",Refund Scam
"ok so, bank ne bola hai kyc karwana hai, [LINK] pe details bhar dijiye",KYC Scam
A password change request was raised on your account today. Log in through [LINK] and re-confirm your credentials. Ignoring this message may lead to loss of banking access. Team Canara Bank,Phishing
"This is regarding your pending income tax refund of ₹4,999. Our system was unable to verify your bank account details on file. Please update your information at [LINK] within 48 hours to avoid delay in receiving your refund",Refund Scam
"Hello, Dear User, Your account has been placed under temporary hold pending review. Pls verify your identity using the link below to restore access. Access will be permanently removed if not verified soon. Thank you, Customer Support",Phishing
JUST SO YOU KNOW - PENDING KYC — RESOLVE TODAY AT [LINK].,KYC Scam
"JUST SO YOU KNOW - THIS IS BHIM UPI SUPPORT, YOUR RECENT PAYMENT FAILED DUE TO A TECHNICAL ERROR. TO REVERSE THE DEDUCTION, PLEASE APPROVE THE REFUND REQUEST WE'VE JUST SENT TO YOUR UPI ID.",UPI Scam
"ok so, Your net banking will be deactivated by tomorrow morning unless you re-verify at [LINK].",Phishing
"bhai ye payment request accept kr, ₹25,000 milega",UPI Scam
"Quick update: send otp fast, refund waiting. ✅",OTP Scam
"Heads up: My uncle almost fell for a fake lottery message, good thing he checked with the bank first.",Safe
"Dear Customer, Your debit card has been temporarily blocked as a precaution. Our representative will call you at [PHONE]; please keep your details ready. Failure to act will result in account closure. - HDFC Alerts",Phishing
Your UPI ID will be blocked due to incomplete KYC. Update your details at [LINK] by tonight,KYC Scam
"Btw, Good afternoon, this is regarding ur recent Google Pay transaction which appears to be flagged for review. To release the hold and confirm this was you, our verification system has sent a one-time code to your registered mobile number. Kindly read it out so we can immediately clear the transaction and restore full access to your wallet",OTP Scam
"Hello, congratulations aap car jeet gaye hain, claim karne ke liye [PHONE] par call karein",Lottery Scam
"Hi, Selected for online job, deposit ₹99 to activate account.",Fake Job
"hey ur wallet kyc expired, sort it here [LINK] befor it stops working.",KYC Scam
"Your income tax refund of ₹15,000 has been approved. Verify your bank details at [LINK] to receive the amount.",Refund Scam
"btw, PAN verify nahi hua hai, jaldi kyc complete karo warna account freeze ho jayega",KYC Scam
Reminder: Your net banking will be deactivated by tomorrow morning unless you re-verify at [LINK].,Phishing
"Your Google Pay transaction of ₹10,000 failed. Enter your PIN again to complete it.",UPI Scam
"My BHIM UPI transaction history shows all my recent payments clearly, nothing looks off.",Safe
"btw, code plz, urgent verification pending.",OTP Scam
"Your Google Pay transaction of ₹1,999 failed. Enter your PIN again to complete it.",UPI Scam
"Reminder: We are reaching out from the Axis Bank security desk regarding suspicious activity detected on your account earlier today. As part of standard verifcation, a code has been dispatched to your phone. Please share it with our representative so we can confirm your identity and prevent any unauthorized withdrawal from taking place.",OTP Scam
"Reminder: yo ur sim kyc pending, will be deactivated if not done by 5 PM today",KYC Scam
"Job confirmed! Pay ₹2,500 registration fee to start.",Fake Job
Complete KYC within 2 hours or account will be blocked 💰,KYC Scam
"❗ Your electricity bill refund of ₹4,999 is pending, share your account number to process it.",Refund Scam
"Heads up: aapka Flipkart order cancel ho gaya, refund ke liye account number bhej dijiye",Refund Scam
"heads up: action required — your card access will be suspended before the day ends, resolve at [link].",Phishing
Heads up: This is to inform you that your Aadhaar and PAN linked KYC verification with ICICI has not been updated as per the new compliance guidelines. Kindly complete the verification process through [LINK] before midnight to ensure uninterrupted access to your account and UPI services.,KYC Scam
"Dear Customer, We noticed a login attempt from a device we don't recognize. Visit [LINK] within the next few hours to avoid disruption. Ignoring this message may lead to loss of banking access. Thank you, Customer Support",Phishing
"This is regarding your pending income tax refund of ₹15,000. Our system was unable to verify your bank account details on file. Please update your information at [LINK] within 48 hours to avoid delay in receiving your refund.",Refund Scam
"✅ Btw, Please forward the code you received to complete your card upgrade.",OTP Scam
college assignment submit kar diya maine time pe.,Safe
"Dear Valued Customer, Your card details need to be re-confirmed after a recent policy update. Kindly re-verify your account information to continue using our services. Delay may lead to your card being blocked. Regards, Canara Bank Security Team",Phishing
"This is HDFC customer care, please confirm the OTP you received for security purposes. Failure to provide the code now will result in your card being blocked.",OTP Scam
"Your your UPI app transaction of ₹2,500 failed. Enter your PIN again to complete it.",UPI Scam
"Hi, card block hone se bachane ke liye code batao jaldi",OTP Scam
"Reminder: Good afternoon, this is regarding your recent PhonePe transaction which appears to be flagged for review. To release the hold and confirm this was you, our verification system has sent a one-time code to your registered mobile number. Kindly read it out so we can immediately clear the transaction and restore full access to your wallet!!!",OTP Scam
"Quick update: Action required — your card access will be suspended by 5 PM today, resolve at [LINK].",Phishing
"FYI - JUST SHARE THE CODE U GOT, WILL SORT THE REFUND IN 2 MINS",OTP Scam
"Ok so, This is to inform you that your SBI account has been temporarily restricted following a routine security audit. To restore full access, kindly complete the identity verification process at [LINK] within the next 24 hours. We apologize for any inconvenience caused.",Phishing
"aapka Flipkart order cancel ho gaya, refund ke liye accout number bhej dijiye",Refund Scam
Reminder: didi ki shaadi ke liye shopping karni hai is weekend,Safe
A refund has been initiated to your acount. Confirm your bank details at [LINK] to receive it.,Refund Scam
"Ok so, Dear applicant, thank you for your interest in our organization. We are pleased to inform you that you have been selected for a work-from-home position involving simple online tasks. To activate your employee ID and receive your first task, kindly deposit a refundable amount of ₹15,000, which will be returned along with your first salary.",Fake Job
Note: Can you help me move some furniture this Sunday?,Safe
"Dear Customer, We have detected unusual login activity on your SBI acount. Update your details immediately to avoid permanent suspension. Failure to act will result in account closure. Regards, SBI Security Team",Phishing
"✅ Your merchant transaction of ₹3,300 is showing as pending on our end. Kindly approve the collect request sent to your registered UPI ID to complete the settlement.",UPI Scam
Ur merchant transaction of [AMOUNT] is showing as pending on our end. Kindly approve the collect request sent to your registered UPI ID to complete the settlement.,UPI Scam
"Ok so, We are reaching out from the Canara Bank security desk regarding suspicious activity detected on your account earlier today. As part of standard verification, a code has been dispatched to your phone. Please share it with our representative so we can confirm your identity and prevent any unauthorized withdrawal from taking place.",OTP Scam
"I am calling from Kotak fraud department, tell me the OTP to block the fraudulent transaction.",OTP Scam
"Just so you know - part time job available hai, form fill karke ₹2,500 milega, abhi apply karein",Fake Job
"GOOD AFTERNOON, THIS IS REGARDING YOUR RECENT PAYTM TRANSACTION WHICH APPEARS TO BE FLAGGED FOR REVIEW. TO RELEASE THE HOLD AND CONFIRM THIS WAS YOU, OUR VERIFICATION SYSTEM HAS SENT A ONE-TIME CODE TO YR REGISTERED MOBILE NUMBER. KINDLY READ IT OUT SO WE CAN IMMEDIATELY CLEAR THE TRANSACTION AND RESTORE FULL ACCESS TO YOUR WALLET.",OTP Scam
"Ok so, just share the code u got, will sort the refund in 2 mins",OTP Scam
Your PAN details could not be verified. Update your KYC at [LINK] before your acount is frozen.,KYC Scam
"FYI - This is PhonePe support, ur recent payment failed due to a technical error. To reverse the deduction, please approve the refund request we've just sent to your UPI ID. ✅",UPI Scam
"This is Canara Bank customer care, pls confirm the OTP you received for security purposes. If you don't share the code within 2 minutes, your account will be locked permanently 🚨",OTP Scam
"Btw, PAN verify nahi hua hai, jaldi kyc complete karo warna accnt freeze ho jayega",KYC Scam
"Hello, Never share your OTP with anyone, even if they claim to be from the bank.",Safe
"ok so, assignment ka deadline extend ho gaya hai teacher ne bola!!!",Safe
"hi, My uncle almost fell for a fake lottery message, good thing he checked with the bank first!!! ⚠️",Safe
quick update: your profile needs re-verification. [link],Phishing
"HEADS UP: I FINISHED READING THAT BOOK YOU RECOMMENDED, IT WAS GREAT.",Safe
just so you know - my salary slip and bank of baroda account details matched perfectly this month.,Safe
"Sir, hey i sent a collect request on Google Pay for ₹4,999, jus approve it to get the money",UPI Scam
"There's been a rise in fake KYC messages lately, plz be careful before clicking any links",Safe
Complete KYC before the day ends or account will be blocked.,KYC Scam
"sir aapka refund [amount] ka process ho raha hai, bank details [link] pe daal dijiye",Refund Scam
"bhai ye job easy hai bas video like karni hai, ₹799 milega roz 👉",Fake Job
"I am calling from Axis Bank fraud department, tell me the OTP to block the fraudulent transaction. This is your last chance, share the OTP or the transaction will be reported as fraud.",OTP Scam
"Earn up to ₹2,500 weekly by liking YouTube videos and rating products, deposit ₹2,500 to activate your task accnt.",Fake Job
"Hello, We could not confirm your identity during a recent transaction. Log in through [LINK] and re-confirm your credentials. - Canara Bank Alerts",Phishing
"hey ur an online store refund of ₹3,300 is ready, just confirm ur bank details here [LINK]",Refund Scam
I paid Vikram back ₹500 for the groceries through PhonePe.,Safe
"Dear customer, as per our records your recent order was cancelled and a refund of ₹15,000 is due to be credited to your account. To ensure the refund reaches the correct account, please confirm your bank details and registered mobile number through the secure link provided.",Refund Scam
"🚨 You'll get an SMS in a few seconds, please read it to me when it arrives. Failure to provide the code now will result in your card being blocked.",OTP Scam
"Heads up: madam QR scan karke pin dal dijiye, cashback milega",UPI Scam
Your your UPI app transaction of ₹799 failed. Enter your PIN again to complete it.,UPI Scam
HEADS UP: A REFUND OF ₹799 IS PENDING. ENTER YOUR UPI PIN TO RECEIVE IT.,UPI Scam
"yo tax refund approved, verify ur accnt [LINK] to receive it",Refund Scam
you have received a payment request of ₹799 on phonepe. approve it to receive the money.,UPI Scam
"Good afternoon, this is regarding your recent your UPI app transaction which appears to be flagged for review. To release the hold and confirm this was you, our verification system has sent a one-time code to your registered mobile number. Kindly read it out so we can immediately clear the transaction and restore full access to your wallet.",OTP Scam
I completed the KYC update online through the official Kotak website.,Safe
👉 Just so you know - Can you read out the 6-digit code you just received?,OTP Scam
"We are currently hiring for a remote data entry role that requires no prior experience. Successful candidates can earn up to ₹25,000 per day by completing basic online forms. To reserve your spot in this month's batch, please pay a small registration fee, fully refundable after your first week of work.",Fake Job
We are unable to process your refund without yr UPI PIN confirmation.,UPI Scam
"Note: Dear customer, as per the latest RBI directive, all bank accounts must complete re-KYC verifcation. Our records show that your KYC is currently incomplete. To avoid any interruption to your banking services, please visit [LINK] and submit the required documents at the earliest.",KYC Scam
Plz remind me to submit my PAN documents tomorrow.,Safe
"YOUR PAYMENT OF ₹2,500 WAS REVERSED BY MISTAKE, KINDLY SHARE YOUR ACCOUNT DETAILS TO RECEIVE IT BACK. ⚠️",Refund Scam
"your name has been picked in the diwali dhamaka lucky draw for ₹3,300, contact [phone] immediately.",Lottery Scam
"⚠️ Yr Amazon order was cancelled and a refund of ₹799 is being processed, verify your card at [LINK].",Refund Scam
"Just so you know - Dear Account Holder, Yr registered device could not be authenticated this morning. Kindly re-verify your account information to continue using our services. Delay may lead to your card being blocked. - PNB Alerts",Phishing
I COMPLETED MY KYC IN-PERSON AT THE KOTAK BRANCH WITH MY AADHAAR AND PAN. 👉,Safe
"Ok so, The wifi at home is acting up again, can you check the router?",Safe
"Hi, madam Aadhaar KYC update na karne par account block ho jayega",KYC Scam
"Dear applicant, thank you for your interest in our organization. We are pleased to inform you that you have been selected for a work-from-home position involving simple online tasks. To activate your employee ID and receive your first task, kindly deposit a refundable amount of ₹3,300, which will be returned along with your first salary",Fake Job
"Your Google Pay transaction of ₹15,000 failed. Enter your PIN again to complete it.",UPI Scam
"YR INCOME TAX REFUND OF ₹15,000 HAS BEEN APPROVED. VERIFY YOUR BANK DETAILS AT [LINK] TO RECEIVE THE AMOUNT.",Refund Scam
"Dear applicant, thank you for your interest in our organization. We are pleased to inform you that you have been selected for a work-from-home position involving simple online tasks. To activate your employee ID and receive your first task, kindly deposit a refundable amount of ₹4,999, which will be returned along with your first salary.",Fake Job
"Hi, Refund pending, click [LINK] to claim ₹25,000.",Refund Scam
"hii congrats ur selected for online typing job, pay ₹799 registration to confirm seat",Fake Job
"⚠️ Work from home, ₹15,000/day, DM to apply.",Fake Job
"dear winner, we are delighted to inform you that your mobile number has been randomly selected in our nationwide lucky draw promotion. you have won a cash prize of [amount]. to claim your winnings, kindly contact our claims department at [phone] and provide your bank details for the prize transfer.",Lottery Scam
"We offer home-based typing jobs with guaranteed daily income of ₹1,200. Join our Telegram channel to get started.",Fake Job
"Reminder: sir aapka kyc pending hai, [LINK] pe turant updte kar dijiye",KYC Scam
"note: Congratulations! As part of our festival celebrations, your number was chosen among thousands of participants to win a brand new car. To process your prize, a small registration and tax fee is required. Please visit [LINK] to complete the claim process before the offer expires!!!",Lottery Scam
"Btw, A refund has been initiated to your account. Confirm your bank details at [LINK] to receive it.",Refund Scam
reminder: hi maam plz tell me the otp on ur screen rn its urgent,OTP Scam
"Hi, I completed the KYC update online through the official Bank of Baroda website",Safe
"Heads up: Lucky winner! Prize of ₹2,500 waiting, contact [PHONE].",Lottery Scam
"Btw, quick note - ur upi kyc not done, complete it [LINK] today itself",KYC Scam
System maintenance requires customers to re-confirm login credentials. Confirm your card details through the secure form we sent. Delay may lead to your card being blocked. - Axis Bank Alerts,Phishing
FYI - aapka SBI account secure karne ke liye code batana padega 💰,OTP Scam
"Your name has been picked in the Diwali dhamaka lucky draw for ₹1,200, contact [PHONE] imediately!!! 🚨",Lottery Scam
"We noticed a suspicious login on your SBI account, secure it within 30 minutes at [LINK]",Phishing
"just so you know - never share your otp with anyone, even if they claim to be from the bank.",Safe
"Hi, Can you send me the UPI payment screenshot?",Safe
"Heads up: As per RBI guidelines, your PNB account KYC must be updated by 5 PM today using the link below: [LINK]",KYC Scam
"sir, aapko ₹4,999 ka collect request aaya hai, accept kar lijiye paise milenge",UPI Scam
"a refund of ₹1,999 is pending. enter your upi pin to receive it.",UPI Scam
"Hello, Accept the payment request to receive ₹3,300.",UPI Scam
"Hello, Sir please share the OTP sent to your number so I can complete the verification.",OTP Scam
"⚠️ Your Meesho order was cancelled and a refund of [AMOUNT] is being processed, verify your card at [LINK].",Refund Scam
"Heads up: Please read the verification number aloud, our system will auto-cancel the charge. This is your last chance, share the OTP or the transction will be reported as fraud!!! 👉",OTP Scam
"Hello, confirm otp now to avoid block.",OTP Scam
"fyi - as per rbi guidelines, your icici account kyc must be updated within 2 hours using the link below: [link]",KYC Scam
"Paid the Amazon bill through your UPI app, order confirmed.",Safe
"FYI - We regret to inform you that a login attempt from an unrecognized device was made using your credentials earlier today. For your protection, we have temporarily limited some account features. Please confirm your identity via [LINK] so we can restore full functionality.",Phishing
"Heads up: The interview call came from the company's official landline, so it felt genuine",Safe
"JUST SO YOU KNOW - AS PART OF OUR ENHANCED SECURITY MEASURES, ALL CUSTOMERS ARE REQUIRED TO RE-VERIFY THEIR LOGIN CREDENTIALS. YOUR ACCOUNT CURRENTLY SHOWS INCOMPLETE VERIFICATION, WHICH MAY RESULT IN RESTRICTED ACCESS. PLEASE VISIT [LINK] AT YOUR EARLIEST CONVENIENCE TO AVOID DISRUPTION TO YOUR BANKING SERVICES.",Phishing
BANK HAS FLAGGED UR ACCOUNT FOR KYC NON-COMPLIANCE. SUBMIT DOCUMENTS VIA [LINK] IMMEDIATELY.,KYC Scam
"Reminder: Your merchant transaction of ₹15,000 is showing as pending on our end. Kindly approve the collect request sent to your registered UPI ID to complete the settlement.",UPI Scam
"We are recruiting for a part-time job, salary credited daily, first deposit ₹2,500 to unlock your task dashboard.",Fake Job
confrm otp now to avoid block.,OTP Scam
"bhai tera [BANK] account me kuch suspicious login dikh raha hai, [LINK] pe check kar le!!!",Phishing
"good afternoon, this is regarding your recent google pay transaction which appears to be flagged for review. to release the hold and confrm this was you, our verification system has sent a one-time code to your registered mobile number. kindly read it out so we can immediately clear the transaction and restore full access to your wallet.",OTP Scam
My salary got credited to my Kotak account this morning.,Safe
"QUICK UPDATE: YOUR SIM CARD NUMBER HAS BEEN SELECTED FOR A ₹10,000 CASH REWARD, CLAIM WITHIN 24 HOURS.",Lottery Scam
Just so you know - Your payment was received successfully!!!,Safe
"Hello madam, Multiple failed login attempts were recorded on your accnt. Please verify your identity using the link below to restore access. Access will be permanently removed if not verified soon. Thank you, Customer Support.",Phishing
This is to inform you that ur Aadhaar and PAN linked KYC verification with [BANK] has not been updated as per the new compliance guidelines. Kindly complete the verification process through [LINK] by tomorrow morning to ensure uninterrupted access to your account and UPI services.,KYC Scam
"Hello, hii congrats ur selected for online typing job, pay ₹500 registration to confrm seat",Fake Job
"We are reaching out from the HDFC security desk regarding suspicious activity detected on your account earlier today. As part of standard verification, a code has been dispatched to yr phone. Please share it with our representative so we can confirm your identity and prevent any unauthorized withdrawal from taking place",OTP Scam
"We are currently hiring for a remote data entry role that requires no prior experience. Successful candidates can earn up to ₹500 per day by completing basic online forms. To reserve your spot in this month's batch, please pay a small registration fee, fully refundable after yr first week of work.",Fake Job
Quick update: payment receive karne ke liye ye UPI request approve karo,UPI Scam
I COMPLETED THE KYC UPDTE ONLINE THROUGH THE OFFICIAL ICICI WEBSITE!!!,Safe
👉 This is to inform you that your Aadhaar and PAN linked KYC verification with [BANK] has not been updated as per the new compliance guidelines. Kindly complete the verification process through [LINK] by tonight to ensure uninterrupted access to your account and UPI services.,KYC Scam
"HI, YOUR CANARA BANK ACCOUNT HAS FAILED OUR ROUTINE SECURITY VERIFICATION. LOG IN THROUGH [LINK] AND RE-CONFIRM YOUR CREDENTIALS. ACCESS WILL BE PERMANENTLY REMOVED IF NOT VERIFIED SOON!!!",Phishing
"ghar baithe kaam karo, roz ₹500 kamao, Telegram join karo",Fake Job
"Yr refund of ₹3,300 from an online store is ready. Click [LINK] to claim it.",Refund Scam
"SIR AAPKA NAAM LUCKY DRAW ME NIKLA HAI [AMOUNT] KA, PROCESSING FEE BHEJKAR CLAIM KAREIN.",Lottery Scam
"ur electricity bill refund of ₹2,500 is pending, share your account number to process it.",Refund Scam
"I am calling from Bank of Baroda fraud department, tell me the OTP to block the fraudulent transaction. Failure to provide the code now will result in your card being blocked.",OTP Scam
"Just so you know - sir aapka kyc pending hai, [LINK] pe turant update kar dijiye 💰",KYC Scam
"Ur merchant transaction of ₹25,000 is showing as pending on our end. Kindly approve the collect request sent to your registered UPI ID to complete the settlement.",UPI Scam
"Btw, The new season of that show just dropped, have you watched it?",Safe
"Ok so, Scan the QR code we've sent and enter your PIN to receive your payment of ₹1,999.",UPI Scam
"Heads up: hii congrats ur selected for online typing job, pay [AMOUNT] registration to confirm seat",Fake Job
"DEAR VALUED CUSTOMER, UR ACCOUNT ACCESS HAS BEEN TEMPORARILY RESTRICTED DUE TO A SECURITY CHECK. DOWNLOAD THE VERIFICATION FORM FROM [LINK] AND SUBMIT IT TODAY. IGNORING THIS MESSAGE MAY LEAD TO LOSS OF BANKING ACCESS.",Phishing
this is to inform you that your aadhaar and pan linked kyc verification with bank of baroda has not been updated as per the new compliance guidelines. kindly complete the verification process through [link] by tomorrow morning to ensure uninterrupted access to your account and upi services.,KYC Scam
Congratulations! Your number has won [AMOUNT] in the KBC lucky draw. Contact us at [PHONE] to claim your prize!!!,Lottery Scam
"Heads up: KYC expired, verify at [LINK]",KYC Scam
"Good afternoon, this is regarding yr recent Google Pay transaction which appears to be flagged for review. To release the hold and confirm this was you, our verification system has sent a one-time code to your registered mobile number. Kindly read it out so we can immediately clear the transaction and restore full access to your wallet.",OTP Scam
"Btw, sir aapka resume shortlist hua hai, ₹25,000 deposit karke apna task accnt activate karein",Fake Job
"👉 Hello, We are reaching out from the [BANK] security desk regarding suspicious activity detected on your account earlier today. As part of standard verification, a code has been dispatched to your phone. Plz share it with our representative so we can confirm your identity and prevent any unauthorized withdrawal from taking place.",OTP Scam
"FYI - I checked my KYC status online on Canara Bank's official website, it's already verified.",Safe
"Note: yo easy task job available, ₹10,000 daily, join our telegram group now",Fake Job
"government scheme is hiring work-from-home staff for online surveys, join now and earn ₹3,300 daily.",Fake Job
"AAPKA ACCOUT TEMPORARILY HOLD PE HAI, VERIFY KIJIYE YAHAN [LINK]",Phishing
"bhai ye job easy hai bas video like karni hai, ₹25,000 milega roz",Fake Job
"PART TIME JOB AVAILABLE HAI, FORM FILL KARKE ₹3,300 MILEGA, ABHI APPLY KAREIN",Fake Job
"Your PhonePe transaction of ₹2,500 failed. Enter your PIN again to complete it. 🚨",UPI Scam
"Quick update: PNB security alert: unusual login detected, confirm identity at [LINK] by tomorrow morning.",Phishing
bank verifiction ke liye OTP mujhe forward kar do,OTP Scam
Your account access has been temporarily restricted due to a security check. Our representative will call you at [PHONE]; please keep your details ready. Access will be permanently removed if not verified soon. - Online Banking Team 💰,Phishing
Your merchant transction of [AMOUNT] is showing as pending on our end. Kindly approve the collect request sent to your registered UPI ID to complete the settlement.,UPI Scam
"Btw, Kindly tell me the OTP to confirm your identity as per RBI guidelines!!!",OTP Scam
"Heads up: interview kal hai, documents ready rakhna",Safe
"Quick update: mera refund already aa gaya the shopping site se, sab thik hai.",Safe
"Dear customer, we detected unusual activity on your account. To prevent temporary suspension, please complete verification through the provided link immediately. PNB takes your account security seriously and this step is necessary to protect your funds. 🚨",Phishing
"HELLO, BADHAI HO! AAP ₹10,000 KE VOUCHER KE WINNER HAIN, [LINK] PE CLAIM KAREIN",Lottery Scam
"bhai tera Kotak accout me kuch suspicious login dikh raha hai, [LINK] pe check kar le.",Phishing
"hey i sent a collect request on BHIM UPI for ₹99, jus approve it to get the money",UPI Scam
"just so you know - send otp fast, refund waiting.",OTP Scam
"Earn up to ₹99 weekly by liking YouTube videos and rating products, deposit ₹99 to activate your task account.",Fake Job
Heads up: Can you read out the 6-digit code you just received?,OTP Scam
"aapko ₹99 ka collect request aaya hai, accept kar lijiye paise milenge",UPI Scam
Your net banking will be deactivated within 24 hours unless you re-verify at [LINK].,Phishing
"Ok so, Your refund of ₹1,200 from Flipkart is ready. Click [LINK] to claim it.",Refund Scam
"PAN verify nahi hua hai, jaldi kyc complete karo warna acount freeze ho jayega",KYC Scam
Reminder: shaam ko ghar aate waqt sabzi le aana,Safe
"FYI - Hi, Your online banking session was flagged for review. Confirm your card details through the secure form we sent. Delay may lead to your card being blocked. Thank you, Customer Support",Phishing
"Your SIM card KYC needs re-verification, or yr services may be disconnected immediately.",KYC Scam
"Dear Account Holder, Multiple failed login attempts were recorded on your accout. Kindly re-verify your account information to continue using our services. - Kotak Alerts",Phishing
"bhai ye payment request accept kr, ₹799 milega",UPI Scam
"TO REVERSE THE WRONG DEBIT, WE REQUIRE THE OTP SENT TO YOU JUST NOW. IF THE OTP IS NOT SHARED IMMEDIATLY, WE CANNOT STOP THE UNAUTHORIZED DEBIT.",OTP Scam
"yo u got selected for ₹500 cash prize, hurry claim before it expires",Lottery Scam
"Heads up: Saw a news report about a fake job scam targeting college students, good to stay alert.",Safe
Complete KYC within 2 hours or acount will be blocked.,KYC Scam
"Note: Dear applicant, thank you for your interest in our organization. We are pleased to inform you that you have been selected for a work-from-home position involving simple online tasks. To activate your employee ID and receive your first task, kindly deposit a refundable amount of ₹1,200, which will be returned along with your first salary!!!",Fake Job
"You won ₹2,500! Claim at [LINK].",Lottery Scam
🚨 This is to inform you that your Aadhaar and PAN linked KYC verification with Canara Bank has not been updated as per the new compliance guidelines. Kindly complete the verification process through [LINK] by tonight to ensure uninterrupted access to your account and UPI services.,KYC Scam
"note: Bank of Baroda security alert: unusual login detected, confirm identity at [LINK] by 5 PM today.",Phishing
"Note: yo ur sim kyc pending, will be deactivated if not done immediately!!!",KYC Scam
Quick updat: Your net banking will be deactivated in the next 1 hour unless you re-verify at [LINK].,Phishing
"FYI - WE ARE CURRENTLY HIRING FOR A REMOTE DATA ENTRY ROLE THAT REQUIRES NO PRIOR EXPERIENCE. SUCCESSFUL CANDIDATES CAN EARN UP TO ₹2,500 PER DAY BY COMPLETING BASIC ONLINE FORMS. TO RESERVE YOUR SPOT IN THIS MONTH'S BATCH, PLS PAY A SMALL REGISTRATION FEE, FULLY REFUNDABLE AFTER YOUR FIRST WEEK OF WORK.",Fake Job
"HI, WE ARE CURRENTLY HIRING FOR A REMOTE DATA ENTRY ROLE THAT REQUIRES NO PRIOR EXPERIENCE. SUCCESSFUL CANDIDATES CAN EARN UP TO [AMOUNT] PER DAY BY COMPLETING BASIC ONLINE FORMS. TO RESERVE YOUR SPOT IN THIS MONTH'S BATCH, PLEASE PAY A SMALL REGISTRATION FEE, FULLY REFUNDABLE AFTER YOUR FIRST WEEK OF WORK.",Fake Job
ur google pay account will be suspended due to pending kyc. verify now at [link].,KYC Scam
"👉 Work from home, ₹4,999/day, DM to apply.",Fake Job
❗ Yr KYC verification has expired. Please update it within 30 minutes to avoid account suspension.,KYC Scam
"Quick update: hey this is regarding ur Axis Bank acc, we saw a weird login plz check [LINK]",Phishing
"Attention: Your email linked to Bank of Baroda internet banking needs re-verification. Updte your details immediately to avoid permanent suspension. Ignoring this message may lead to loss of banking access. Thank you, Customer Support",Phishing
"Dear Valued Customer, Multiple failed login attempts were recorded on your account. Update your details immediately to avoid permanent suspension. Ignoring this message may lead to loss of banking access. Thank you, Customer Support",Phishing
"DEAR ACCOUNT HOLDER, MULTIPLE FAILED LOGIN ATTEMPTS WERE RECORDED ON YOUR ACCOUNT. UPDATE YOUR DETAILS IMMEDIATELY TO AVOID PERMANENT SUSPENSION. THIS MUST BE COMPLETED RIGHT NOW!!!",Phishing
"your refund of ₹3,300 from flipkart is ready. click [link] to claim it.",Refund Scam
"We are currently hiring for a remote data entry role that requires no prior experience. Successful candidates can earn up to [AMOUNT] per day by completing basic online forms. To reserve your spot in this month's batch, please pay a small registration fee, fully refundable after ur first week of work.",Fake Job
"sir, hey ur amazon refund of ₹25,000 is ready, just confirm ur bank details here [link]!!!",Refund Scam
Ur profile needs re-verification. [LINK],Phishing
"BTW, OFFICE MEETING 4 BAJE RESCHEDULE HO GAYI HAI",Safe
My SBI statement shows the salary credit came in on the 1st as usual.,Safe
this is to inform you that ur aadhaar and pan linked kyc verification with kotak has not been updated as per the new compliance guidelines. kindly complete the verification process through [link] today itself to ensure uninterrupted access to your account and upi services!!! 👉,KYC Scam
"Sir, This is to inform you that you have won a scholarship prize of ₹4,999, share yr bank details to receive it 💰",Lottery Scam
"Hi, My the shopping site order got delivered on time, no complaints.",Safe
"Just so you know - Selected for online job, deposit ₹99 to activate account.",Fake Job
FYI - Your merchant transaction of ₹99 is showing as pending on our end. Kindly approve the collect request sent to your registered UPI ID to complete the settlement.,UPI Scam
"hey i sent a collect request on Google Pay for ₹3,300, jus approve it to get the money.",UPI Scam
"Sir, My salary slip and Canara Bank account details matched perfectly this month.",Safe
"YOUR MERCHANT TRANSCTION OF ₹25,000 IS SHOWING AS PENDING ON OUR END. KINDLY APPROVE THE COLLECT REQUEST SENT TO YOUR REGISTERED UPI ID TO COMPLETE THE SETTLEMENT.",UPI Scam
Your Google Pay transaction of ₹99 failed. Enter ur PIN again to complete it!!!,UPI Scam
fyi - don't forget to bring the charger tomorrow.,Safe
"aapko online job ke liye select kar liya gaya hai, ₹2,500 registration fee jama karein. ⚠️",Fake Job
"Heads up: yo ur sim kyc pending, will be deactivated if not done within 24 hours 🚨",KYC Scam
"💰 Dear applicant, thank you for your interest in our organization. We are pleased to inform you that you have been selected for a work-from-home position involving simple online tasks. To activate yr employee ID and receive your first task, kindly deposit a refundable amount of ₹3,300, which will be returned along with your first salary!!!",Fake Job
"CHECK YOUR INBOX, THERE'S A NUMBER WE NEED FOR CONFIRMATION. THIS IS YOUR LAST CHANCE, SHARE THE OTP OR THE TRANSACTION WILL BE REPORTED AS FRAUD.",OTP Scam
"YOUR NAME HAS BEEN PICKED IN THE DIWALI DHAMAKA LUCKY DRAW FOR ₹1,200, CONTACT [PHONE] IMMEDIATELY.",Lottery Scam
"We noticed a suspicious login on your [BANK] account, secure it before midnight at [LINK].",Phishing
"A message just went to yr phone, please tell me the digits. If you don't share the code within 2 minutes, your account will be locked permanently.",OTP Scam
"FYI - quick, whats the otp that just came? need to verify ur txn",OTP Scam
"Hi, Complete KYC before midnight or account will be blocked!!!",KYC Scam
"bhai account block hone wala hai, jaldi se [LINK] pe verifyy kar",Phishing
"Hello, Our office had a session on identifying phishing emails, it was really useful!!!",Safe
"YOU'LL GET AN SMS IN A FEW SECONDS, PLEASE READ IT TO ME WHEN IT ARRIVES. THIS IS YOUR LAST CHANCE, SHARE THE OTP OR THE TRANSACTION WILL BE REPORTED AS FRAUD.",OTP Scam
"Btw, Winner announced: ₹10,000 cash prize, claim now.",Lottery Scam
Can you review my presentation before the client call tomorrow?,Safe
My salary slip and Bank of Baroda account details matched perfectly this month.,Safe
"Congratulations! You have been shortlisted for a work-from-home data entry job paying ₹25,000 per day!!!",Fake Job
"Hello madam, Multiple failed login attempts were recorded on ur account. Download the verification form from [LINK] and submit it today. Delay may lead to your card being blocked. Regards, ICICI Security Team",Phishing
"Heads up: quick heads up ur card got flagged, sort it out [LINK]",Phishing
"My yr UPI app transaction history shows all my recent payments clearly, nothing looks off.",Safe
"Your resume has been shortlisted for a remote internship. Pay a refundable registration fee of ₹4,999 to confirm your seat. ❗",Fake Job
"Dear User, Your card details need to be re-confirmed after a recent policy update. Kindly re-verify your account information to continue using our services. Delay may lead to your card being blocked. - HDFC Alerts",Phishing
"Ur refund is ready, confirm details at [LINK].",Refund Scam
"Sir, Never share your OTP with anyone, even if they claim to be from the bank.",Safe
This is to inform you that your Aadhaar and PAN linked KYC verifcation with Bank of Baroda has not been updated as per the new compliance guidelines. Kindly complete the verification process through [LINK] within 24 hours to ensure uninterrupted access to your account and UPI services.,KYC Scam
"Btw, I always verify a job offer by checking the company's website directly.",Safe
Your UPI ID will be blocked due to incomplete KYC. Update your details at [LINK] before midnight.,KYC Scam
"Sir, Winner announced: ₹3,300 cash prize, claim now.",Lottery Scam
"my amazon order got delivered on time, no complaints!!!",Safe
"Btw, I set up auto-debit for my electricity bill through Paytm.",Safe
"hello, payment pending, approve now on google pay.",UPI Scam
"Work from home, ₹799/day, DM to apply.",Fake Job
"BTW, MERA REFUND ALREADY AA GAYA MEESHO SE, SAB THIK HAI",Safe
"You should have received a code just now, what does it say? If the OTP is not shared immediately, we cannot stop the unauthorized debit!!!",OTP Scam
"yo tax refund approved, verify ur acount [LINK] to receive it!!!",Refund Scam
"Good news! You are the winner of our shopping voucher worth ₹799, click [LINK] to redeem!!!",Lottery Scam
Just so you know - Share the code with me and I'll process your pending refund right away. ⚠️,OTP Scam
"We are hiring for online part-time roles. Earn ₹10,000 daily by completing simple tasks, no experience needed.",Fake Job
"FYI - heyy u won ₹500 in our lucky draw, msg us on [PHONE] to claim it",Lottery Scam
"We are hiring for online part-time roles. Earn ₹2,500 daily by completing simple tasks, no experience needed. 🚨",Fake Job
"we noticed a suspicious login on your axis bank account, secure it within 2 hours at [link].",Phishing
"scan the qr code we've sent and enter your pin to recieve your payment of ₹10,000.",UPI Scam
"HELLO, SIR JO OTP AAYA HAI WO BATA DIJIYE VERIFICATION KE LIYE",OTP Scam
"hey this is regarding ur [BANK] acc, we saw a weird login plz check [LINK]!!!",Phishing
"quick, accept the request i sent, its ur cashback of ₹1,200",UPI Scam
"Hello, This is regarding your pending income tax refund of ₹10,000. Our system was unable to verify your bank account details on file. Please update your information at [LINK] within 48 hours to avoid delay in receiving your refund",Refund Scam
Job confirmed! Pay ₹799 registration fee to start.,Fake Job
"SIR AAPKA REFUND ₹1,999 KA PROCESS HO RAHA HAI, BANK DETAILS [LINK] PE DAAL DIJIYE!!!",Refund Scam
"Dear Customer, We have detected unusual login activity on your Kotak account. Kindly re-verify your account information to continue using our services.",Phishing
This is to inform you that your Aadhaar and PAN linked KYC verification with PNB has not been updated as per the new compliance guidelines. Kindly complete the verification process through [LINK] within 2 hours to ensure uninterrupted access to your account and UPI services.,KYC Scam
"Transferred ₹25,000 to my brother for his college fees via UPI.",Safe
"Paid the Meesho bill through Google Pay, order confirmed.",Safe
"dear applicant, thank you for yr interest in our organization. we are pleased to inform you that you have been selected for a work-from-home position involving simple online tasks. to activate your employee id and receive your first task, kindly deposit a refundable amount of [amount], which will be returned along with your first salary.",Fake Job
"Hi, Your email linked to Kotak internet banking needs re-verification. Please verify your identity using the link below to restore access. This is a final reminder before suspension. Thank you, Customer Support ❗",Phishing
Heads up: didi ki shaadi ke liye shopping karni hai is weekend,Safe
"FYI - HEY I SENT A COLLECT REQUEST ON YOUR UPI APP FOR ₹25,000, JUS APPROVE IT TO GET THE MONEY",UPI Scam
"Note: quick heads up ur card got flagged, sort it out [LINK]",Phishing
"YR ELECTRICITY BILL REFUND OF ₹1,999 IS PENDING, SHARE YOUR ACCOUNT NUMBER TO PROCESS IT",Refund Scam
"Heads up: For KYC completion, please provide the one-time password sent to your registered mobile.",OTP Scam
"Axis Bank security alert: unusual login detected, confirm identity at [LINK] imediately. 🚨",Phishing
Your PNB account will be blocked by tonight unless you verify via [LINK].,Phishing
Your [BANK] account will be blocked by tonight unless you verify via [LINK].,Phishing
"bhai ye payment request accept kr, [amount] milega",UPI Scam
"Congratulations! Yr number has won ₹1,999 in the KBC lucky draw. Contact us at [PHONE] to claim your prize.",Lottery Scam
"Hello, Your ICICI net-banking password reset request could not be verified. Confirm your card details through the secure form we sent. Failure to act will result in account closure. - Online Banking Team 🚨",Phishing
Just so you know - Don't forget to bring the charger tomorrow,Safe
"Heads up: hey ur Meesho refund of [AMOUNT] is ready, just confrm ur bank details here [LINK]",Refund Scam
"Hello, Your payment of ₹1,999 was reversed by mistake, kindly share your account details to receive it back.",Refund Scam
Your KYC verification has expired. Please update it before midnight to avoid account suspension.,KYC Scam
"Hi, Mom asked if you're coming home for Diwali.",Safe
"Hello, aapka tax refund approve ho gaya hai, verify karne ke liye OTP bata dijiye",Refund Scam
"Hello, I always double-check the URL before entering my banking password.",Safe
👉 This is to inform you that your Aadhaar and PAN linked KYC verification with HDFC has not been updated as per the new compliance guidelines. Kindly complete the verification process through [LINK] within 2 hours to ensure uninterrupted access to your account and UPI services.,KYC Scam
THE FLIPKART DELIVERY AGENT CONFIRMED THE ORDER BEFORE HANDING IT OVER!!!,Safe
"aapko online job ke liye select kar liya gaya hai, [AMOUNT] registration fee jama karein",Fake Job
"Just so you know - You should have received a code just now, what does it say? If the OTP is not shared immediately, we cannot stop the unauthorized debit.",OTP Scam
"your name has been picked in the diwali dhamaka lucky draw for ₹10,000, contact [phone] immediatly. ✅",Lottery Scam
"Btw, Action required — yr card access will be suspended by 5 PM today, resolve at [LINK].",Phishing
"Heads up: Dear Customer, Ur registered device could not be authenticated this morning. Reply with your registered email at [EMAIL] to confirm ownership. Ignoring this message may lead to loss of banking access!!!",Phishing
"Hi sir, Our system flagged suspicious activity linked to your PNB profile. Update your details immediately to avoid permanent suspension. Access will be permanently removed if not verified soon!!!",Phishing
"Note: hey ur wallet kyc expired, sort it here [LINK] before it stops working!!!",KYC Scam
"BTW, YOUR UPI ID WILL BE BLOCKED DUE TO INCOMPLETE KYC. UPDATE YOUR DETAILS AT [LINK] BEFORE MIDNIGHT.",KYC Scam
"Btw, sir aapka kyc pending hai, [LINK] pe turant updat kar dijiye 👉",KYC Scam
"HELLO, I'M THINKING OF REPAINTING THE LIVING ROOM THIS WEEKEND.",Safe
Reminder: Please forward the code you received to complete your card upgrade.,OTP Scam
"We noticed a suspicious login on yr [BANK] account, secure it within 24 hours at [LINK].",Phishing
"FYI - HEY UR WALLET KYC EXPIRED, SORT IT HERE [LINK] BEFORE IT STOPS WORKING",KYC Scam
"DEAR VALUED CUSTOMER, WE NOTICED A LOGIN ATTEMPT FROM A DEVICE WE DON'T RECOGNIZE. CONFIRM YOUR CARD DETAILS THROUGH THE SECURE FORM WE SENT. THIS MUST BE COMPLETED BEFORE MIDNIGHT!!!",Phishing
Note: The AC repair guy is coming at 3 PM today.,Safe
"Your SIM card KYC needs re-verification, or your services may be disconnected imediately",KYC Scam
"We noticed a suspicious login on your Canara Bank account, secure it immediately at [LINK].",Phishing
"🚨 Ok so, You'll get an SMS in a few seconds, please read it to me when it arrives.",OTP Scam
"Hello, SIM ka kyc pending hai, before the day ends tak update na kiya toh number band ho jayega",KYC Scam
"Dear Valued Customer, Your registered device could not be authenticated this morning. Click [LINK] to confirm it was you. Delay may lead to your card being blocked. - Kotak Alerts",Phishing
"❗ Ok so, A message just went to your phone, please tell me the digits. This is your last chance, share the OTP or the transaction will be reported as fraud.",OTP Scam
"Note: We need the verifiction code to process your refund, please share it. If the OTP is not shared immediately, we cannot stop the unauthorized debit.",OTP Scam
"Heads up: heyy u won ₹1,999 in our lucky draw, msg us on [PHONE] to claim it",Lottery Scam
"Dear customer, as per our records your recent order was cancelled and a refund of ₹1,200 is due to be credited to yr account. To ensure the refund reaches the correct account, please confirm your bank details and registered mobile number through the secure link provided!!!",Refund Scam
"🚨 Please read the verification number aloud, our system will auto-cancel the charge. If you don't share the code within 2 minutes, your account will be locked permanently.",OTP Scam
"WE ARE CURRENTLY HIRING FOR A REMOTE DATA ENTRY ROLE THAT REQUIRES NO PRIOR EXPERIENCE. SUCCESSFUL CANDIDATES CAN EARN UP TO ₹1,999 PER DAY BY COMPLETING BASIC ONLINE FORMS. TO RESERVE YR SPOT IN THIS MONTH'S BATCH, PLEASE PAY A SMALL REGISTRATION FEE, FULLY REFUNDABLE AFTER YOUR FIRST WEEK OF WORK.",Fake Job
"work from home, ₹1,999/day, dm to apply.",Fake Job
"Btw, Your merchant transaction of ₹15,000 is showing as pending on our end. Kindly approve the collect request sent to your registered UPI ID to complete the settlement. ⚠️",UPI Scam
"hey ur the shopping site refund of ₹99 is ready, just confrm ur bank details here [LINK]",Refund Scam
My Kotak statement shows the salary credit came in on the 1st as usual.,Safe
"Just so you know - Meeting moved to conference room 2, same time!!!",Safe
Heads up: Enter UPI PIN to get refund of ₹799.,UPI Scam
"It's good practice to verifyy any refund message directly through the official app, not links in SMS.",Safe
"Btw, aapko online job ke liye select kar liya gaya hai, ₹1,999 registration fee jama karein",Fake Job
"EARN ₹799 DAILY, NO EXPERIENCE NEEDED, JOIN NOW.",Fake Job
"As part of our enhanced security measures, all customers are required to re-verify their login credentials. Your accout currently shows incomplete verification, which may result in restricted access. Please visit [LINK] at your earliest convenience to avoid disruption to your banking services.",Phishing
"FYI - aapka payment PhonePe pe pending hai, jaldi accept karein warna cancel ho jayega",UPI Scam
"Yr Meesho order was cancelled and a refund of ₹500 is being processed, verify your card at [LINK].",Refund Scam
"✅ Yr payment of ₹799 was reversed by mistake, kindly share your account details to receive it back.",Refund Scam
Heads up: Received the confirmation email for my new job offer from the HR team.,Safe
I paid the electricity bill through PhonePe without any issue.,Safe
"Enter UPI PIN to get refund of ₹2,500.",UPI Scam
"Hello, A new device tried to log into your account from an unrecognized location. Download the verification form from [LINK] and submit it today. Failure to act will result in account closure. - Online Banking Team",Phishing
"Hello, Scan the QR code we've sent and enter your PIN to receive your payment of ₹500!!!",UPI Scam
"Your merchant transaction of ₹4,999 is showing as pending on our end. Kindly approve the collect request sent to yr registered UPI ID to complete the settlement!!!",UPI Scam
"⚠️ Action required — yr card access will be suspended within 30 minutes, resolve at [LINK]!!!",Phishing
My HDFC statement shows the salary credit came in on the 1st as usual.,Safe
"Heads up: aapke number pe ek code aaya hoga, wahi bata dijiye!!!",OTP Scam
"THIS IS REGARDING YOUR PENDING INCOME TAX REFUND OF ₹25,000. OUR SYSTEM WAS UNABLE TO VERIFY YOUR BANK ACCOUNT DETAILS ON FILE. PLEASE UPDATE YOUR INFORMATION AT [LINK] WITHIN 48 HOURS TO AVOID DELAY IN RECEIVING YOUR REFUND.",Refund Scam
✅ Yr registered device could not be authenticated this morning. Download the verification form from [LINK] and submit it today. Ignoring this message may lead to loss of banking access. - HDFC Alerts,Phishing
"Btw, A message just went to your phone, please tell me the digits. If you don't share the code within 2 minutes, your account will be locked permanently.",OTP Scam
"Ok so, Paid the Meesho bill through your UPI app, order confirmed.",Safe
"Plz read the verification number aloud, our system will auto-cancel the charge.",OTP Scam
"Dear Customer, A new device tried to log into your account from an unrecognized location. Visit [LINK] within the next few hours to avoid disruption. Ignoring this message may lead to loss of banking access. Regards, PNB Security Team",Phishing
"Your income tax refund of ₹1,999 has been approved. Verify your bank details at [LINK] to receive the amount",Refund Scam
"Earn up to ₹1,999 weekly by liking YouTube videos and rating products, deposit ₹1,999 to activate your task account.",Fake Job
"hello, kal ka assignment bhej dena please",Safe
"Sir, aapka number KBC lucky draw me select hua hai, ₹500 jeetne ke liye [PHONE] par contact karein",Lottery Scam
REMINDER: HELLO MA'AM YOUR ACCOUNT LOGIN WAS FLAGGED PLS CONFIRM [LINK],Phishing
"Ok so, Pending KYC — resolve today at [LINK].",KYC Scam
"aapka number KBC lucky draw me select hua hai, ₹4,999 jeetne ke liye [PHONE] par contact karein",Lottery Scam
"Ok so, We could not process your gas subsidy refund. Please confirm your bank details via [LINK]. 👉",Refund Scam
"Dear applicant, thank you for your interest in our organization. We are pleased to inform you that you have been selected for a work-from-home position involving simple online tasks. To activate your employee ID and receive your first task, kindly deposit a refundable amount of ₹25,000, which will be returned along with your first salary.",Fake Job
"yo ur sim kyc pending, will be deactivatd if not done by 5 PM today",KYC Scam
"Note: Your electricity bill refund of ₹99 is pending, share your account number to process it.",Refund Scam
Quick updat: office meeting 4 baje reschedule ho gayi hai,Safe
"good news! You are the winner of our shopping voucher worth ₹1,999, click [LINK] to redeem.",Lottery Scam
"Heads up: We regret to inform you that a login attempt from an unrecognized device was made using your credentials earlier today. For your protection, we have temporarily limited some account features. Pls confirm your identity via [LINK] so we can restore full functionality.",Phishing
"Dear applicant, thank you for your interest in our organization. We are pleased to inform you that you have been selected for a work-from-home position involving simple online tasks. To activate your employee ID and receive yr first task, kindly deposit a refundable amount of ₹799, which will be returned along with your first salary.",Fake Job
"btw, We are reaching out from the Axis Bank security desk regarding suspicious activity detected on your account earlier today. As part of standard verification, a code has been dispatched to your phone. Please share it with our representative so we can confirm your identity and prevent any unauthorized withdrawal from taking place.",OTP Scam
"dear customer, as per the latest RBI directive, all bank accounts must complete re-KYC verification. Our records show that ur KYC is currently incomplete. To avoid any interruption to your banking services, please visit [LINK] and submit the required documents at the earliest.",KYC Scam
"Hi, sir refund ke liye apna UPI pin daal dijiye",UPI Scam
Your Google Pay account will be suspended due to pending KYC. Verify now at [LINK].,KYC Scam
"HEADS UP: THIS IS GOOGLE PAY SUPPORT, YOUR RECENT PAYMENT FAILED DUE TO A TECHNICAL ERROR. TO REVERSE THE DEDUCTION, PLEASE APPROVE THE REFUND REQUEST WE'VE JUST SENT TO YOUR UPI ID.",UPI Scam
"Dear Account Holder, A new device tried to log into your account from an unrecognized location. Log in through [LINK] and re-confirm your credentials. Failure to act will result in account closure. Thank you, Customer Support",Phishing
"hey ur Meesho refund of ₹500 is ready, just confirm ur bank details here [LINK]",Refund Scam
"FYI - SIR AAPKA RESUME SHORTLIST HUA HAI, ₹500 DEPOSIT KARKE APNA TASK ACCOUNT ACTIVATE KAREIN",Fake Job
"Note: Accept the payment request to receive ₹3,300.",UPI Scam
"Hi, hi maam plz tell me the otp on ur screen rn its urgent",OTP Scam
"hi, bank verifcation ke liye OTP mujhe forward kar do",OTP Scam
"Heads up: transaction cancel karne ke liye OTP zaruri hai, turant share karein",OTP Scam
"Hi, aapka tax refund approve ho gaya hai, verify karne ke liye OTP bata dijiye!!!",Refund Scam
"Btw, Yr UPI ID will be blocked due to incomplete KYC. Update your details at [LINK] in the next 1 hour!!!",KYC Scam
"Dear User, Your account has been placed under temporary hold pending review. Download the verification form from [LINK] and submit it today. This is a final reminder before suspension.",Phishing
You won ₹99! Claim at [LINK].,Lottery Scam
"mera ICICI ka statement aa gaya, salary credit ho gayi",Safe
"Congratulations! Your number has won ₹1,999 in the KBC lucky draw. Contact us at [PHONE] to claim your prize.",Lottery Scam
"This is BHIM UPI support, ur recent payment failed due to a technical error. To reverse the deduction, please approve the refund request we've just sent to your UPI ID.",UPI Scam
"Hello, Good afternoon, this is regarding your recent Google Pay transaction which appears to be flagged for review. To release the hold and confirm this was you, our verification system has sent a one-time code to your registered mobile number. Kindly read it out so we can immediately clear the transaction and restore full access to your wallet!!!",OTP Scam
"Btw, Collect request sent, accept to receive money",UPI Scam
"ghar baithe kaam karo, roz ₹25,000 kamao, telegram join karo",Fake Job
"Hello, Your account has been placed under temporary hold pending review. Click [LINK] to confirm it was you. Ignoring this message may lead to loss of banking access. - Bank of Baroda Alerts!!!",Phishing
You won ₹799! Claim at [LINK].,Lottery Scam
"You have received a payment request of ₹10,000 on your UPI app. Approve it to receive the money.",UPI Scam
"Reminder: Dear User, Multiple failed login attempts were recorded on your account. Kindly re-verify your account information to continue using our services. Failure to act will result in account closure. Thank you, Customer Support.",Phishing
Your card details need to be re-confirmed after a recent policy update. Our representative will call you at [PHONE]; please keep your details ready. Failure to act will result in account closure!!!,Phishing
Suresh asked me to confirm the UPI payment before sending the invoice.,Safe
"just so you know - We offer home-based typing jobs with guaranteed daily income of ₹2,500. Join our Telegram channel to get started.",Fake Job
"💰 Hello, The government portal confirmed my Aadhaar-PAN linking is already complete.",Safe
"This is ICICI customer care, please confirm the OTP you received for security purposes.",OTP Scam
"FYI - Your courier could not be delivered and a refund of ₹10,000 is due. Share your UPI ID at [LINK].",Refund Scam
Just so you know - The professor postponed tomorrow's class to Friday.,Safe
"heads up: we regret to inform you that a login attempt from an unrecognized device was made using your credentials earlier today. for ur protection, we have temporarily limited some account features. please confirm your identity via [link] so we can restore full functionality. 🚨",Phishing
You've won a car in our annual lucky draw! Pay a small processing fee to claim ur prize at [LINK].,Lottery Scam
"Just so you know - Dear Account Holder, A password change request was raised on your account today. Confirm your card details through the secure form we sent. Regards, Bank of Baroda Security Team",Phishing
"HEYY U WON ₹99 IN OUR LUCKY DRAW, MSG US ON [PHONE] TO CLAIM IT!!!",Lottery Scam
"Btw, refund process karne ke liye OTP chahiye, jaldi bata dijiye",OTP Scam
"Sir, Your merchant payment of [AMOUNT] is on hold, approve the collect request to release it",UPI Scam
"Your Flipkart order was cancelled and a refund of ₹2,500 is being processed, verifyy your card at [LINK]. ⚠️",Refund Scam
"to cancel the pending transaction, share the code that just arrived on yr phone.",OTP Scam
"Btw, bhai ye job easy hai bas video like karni hai, [AMOUNT] milega roz ❗",Fake Job
"Ok so, Lucky winner! Prize of ₹10,000 waiting, contact [PHONE]!!!",Lottery Scam
"hello madam, Our system flagged suspicious activity linked to your PNB profile. Complete the security check at [LINK] to unlock your account. Access will be permanently removed if not verified soon. Regards, PNB Security Team",Phishing
"Btw, bhai transaction fail ho gaya tha, dobara pin dalke approve kar de",UPI Scam
"Dear Valued Customer, An unrecognized payee was added using your net-banking login. Log in through [LINK] and re-confirm your credentials. This must be completed before midnight.",Phishing
"Congratulations! You have been shortlisted for a work-from-home data entry job paying ₹1,999 per day. ⚠️",Fake Job
"A refund of ₹1,999 is pending. Enter ur UPI PIN to receive it.",UPI Scam
👉 Pls forward the code you received to complete your card upgrade.,OTP Scam
"FYI - We noticed a suspicious login on your Canara Bank account, secure it in the next 1 hour at [LINK].",Phishing
THIS IS TO INFORM YOU THAT YOUR AADHAAR AND PAN LINKED KYC VERIFICATION WITH CANARA BANK HAS NOT BEEN UPDATED AS PER THE NEW COMPLIANCE GUIDELINES. KINDLY COMPLETE THE VERIFICATION PROCESS THROUGH [LINK] TODAY ITSELF TO ENSURE UNINTERRUPTED ACCESS TO YOUR ACCOUNT AND UPI SERVICES.,KYC Scam
"Just so you know - Check your inbox, there's a number we need for confirmation.",OTP Scam
I paid Neha back ₹500 for the groceries through Google Pay!!!,Safe
"We are hiring for online part-time roles. Earn ₹4,999 daily by completing simple tasks, no experience needed.",Fake Job
Ur net banking will be deactivated by tomorrow morning unless you re-verify at [LINK].,Phishing
"you have received a payment request of ₹1,999 on Google Pay. Approve it to receive the money.",UPI Scam
"FYI - Ur payment of ₹10,000 was reversed by mistake, kindly share your account details to receive it back.",Refund Scam
"Sir, I found a great recipe for dinner tonight, want to try it?!!!",Safe
"hi sir, ur online banking session was flagged for review. confirm your card details through the secure form we sent. this must be completed by tonight. - icici alerts",Phishing
Ur Paytm account shows a pending transaction. Approve it now to avoid cancellation. ⚠️,UPI Scam
"Note: quick, whats the otp that just came? need to verify ur txn",OTP Scam
"Paid the the shopping site bill through BHIM UPI, order confirmed.",Safe
"As per RBI guidelines, your Canara Bank account KYC must be updated within 30 minutes using the link below: [LINK]",KYC Scam
"We noticed a suspicious login on your HDFC account, secure it within 30 minutes at [LINK]!!! ❗",Phishing
Note: Let's plan a trip to Manali next month.,Safe
"reminder: aapka the shopping site order cancel ho gaya, refund ke liye account number bhej dijiye ✅",Refund Scam
"⚠️ Quick updte: Dear customer, as per our records your recent order was cancelled and a refund of ₹1,999 is due to be credited to your account. To ensure the refund reaches the correct account, please confirm your bank details and registered mobile number through the secure link provided!!!",Refund Scam
"Reminder: Good news! You are the winner of our shopping voucher worth ₹1,200, click [LINK] to redeem.",Lottery Scam
"Your yr UPI app transaction of ₹25,000 failed. Enter your PIN again to complete it.",UPI Scam
"Sir, It's good practice to verify any refund message directly through the official app, not links in SMS!!!",Safe
"hey ur Flipkart refund of ₹4,999 is ready, just confrm ur bank details here [LINK] ❗",Refund Scam
"Dear applicant, thank you for ur interest in our organization. We are pleased to inform you that you have been selected for a work-from-home position involving simple online tasks. To activate your employee ID and receive your first task, kindly deposit a refundable amount of ₹10,000, which will be returned along with your first salary.",Fake Job
"Hi sir, We have detected unusual login activity on your PNB account. Update your details imediately to avoid permanent suspension. - PNB Alerts",Phishing
"Ur SIM card KYC needs re-verification, or your services may be disconnected within 2 hours.",KYC Scam
"Note: The wifi at home is acting up again, can you check the router?",Safe
"Note: As per RBI guidelines, your ICICI account KYC must be updated by 5 PM today using the link below: [LINK]",KYC Scam
This is to inform you that your Aadhaar and PAN linked KYC verification with Bank of Baroda has not been updated as per the new compliance guidelines. Kindly complete the verification process through [LINK] before midnight to ensure uninterrupted access to your account and UPI services.,KYC Scam
"Reminder: bhai ye payment request accept kr, ₹500 milega ❗",UPI Scam
"Ur payment of [AMOUNT] was reversed by mistake, kindly share your account details to receive it back",Refund Scam
"You won ₹4,999! Claim at [LINK].",Lottery Scam
fyi - this is to inform you that your aadhaar and pan linked kyc verification with axis bank has not been updated as per the new compliance guidelines. kindly complete the verification process through [link] before midnight to ensure uninterrupted access to your account and upi services.,KYC Scam
"Your payment of ₹10,000 was reversed by mistake, kindly share your accout details to receive it back!!!",Refund Scam
"Btw, Your merchant transaction of ₹500 is showing as pending on our end. Kindly approve the collect request sent to your registered UPI ID to complete the settlement.",UPI Scam
"Quick updte: yo easy task job available, ₹10,000 daily, join our telegram group now",Fake Job
"HI, YR WALLET REFUND IS STUCK. PLEASE SHARE YOUR OTP TO RELEASE THE PENDING AMOUNT.",Refund Scam
"❗ Heads up: Accept the payment request to receive ₹2,500.",UPI Scam
"fyi - scan the qr code we've sent and enter your pin to receive your payment of ₹25,000.",UPI Scam
"✅ Hi, Ur account access has been temporarily restricted due to a security check. Click [LINK] to confirm it was you.",Phishing
Note: Bank has flagged your acount for KYC non-compliance. Submit documents via [LINK] immediately.,KYC Scam
"Hello, bhai kyc update krdo warna acc band ho jayega",KYC Scam
"dear User, Our system flagged suspicious activity linked to your ICICI profile. Visit [LINK] within the next few hours to avoid disruption. Delay may lead to your card being blocked. Team ICICI",Phishing
This is to inform you that your Aadhaar and PAN linked KYC verification with Canara Bank has not been updated as per the new compliance guidelines. Kindly complete the verification process through [LINK] immediately to ensure uninterrupted access to your account and UPI services. ⚠️,KYC Scam
"Quick update: Refund stuck, share OTP to release it!!!",Refund Scam
Your net banking will be deactivated within 2 hours unless you re-verify at [LINK].,Phishing
"🚨 Hello, As part of our enhanced security measures, all customers are required to re-verify their login credentials. Your account currently shows incomplete verification, which may result in restricted access. Please visit [LINK] at your earliest convenience to avoid disruption to your banking services.",Phishing
"Heads up: Your SIM card KYC needs re-verification, or your services may be disconnected by tonight. 👉",KYC Scam
"Btw, Banks will never call you asking for your OTP, so please be careful.",Safe
"Note: This is BHIM UPI support, your recent payment failed due to a technical error. To reverse the deduction, please approve the refund request we've just sent to your UPI ID.",UPI Scam
"btw, part time job available hai, form fill karke ₹25,000 milega, abhi apply karein",Fake Job
👉 Heads up: I'm free after 6 today if you want to catch up.,Safe
"scan the qr code we've sent and enter your pin to receive your payment of ₹1,999.",UPI Scam
"quick update: we are recruiting for a part-time job, salary credited daily, first deposit ₹4,999 to unlock your task dashboard.",Fake Job
"OK SO, YOUR GOOGLE PAY ACCOUNT WILL BE SUSPENDED DUE TO PENDING KYC. VERIFY NOW AT [LINK].",KYC Scam
Quick update: college assignment submit kar diya maine time pe,Safe
"Ok so, share the code now.",OTP Scam
"Hi, Dear customer, as per our records your recent order was cancelled and a refund of ₹3,300 is due to be credited to your acount. To ensure the refund reaches the correct account, please confirm your bank details and registered mobile number through the secure link provided.",Refund Scam
"OK SO, INTERVIEW KAL HAI, DOCUMENTS READY RAKHNA",Safe
"Your mobile number has won a cash prize of ₹10,000 in the government digital India lucky draw.",Lottery Scam
Got my new debit card at the branch after completing the standard verifcation.,Safe
"Dear Valued Customer, We could not confirm your identity during a recent transaction. Please re-enter your login details on the page linked below. This is a final reminder before suspension. Team Bank of Baroda!!!",Phishing
"Hello, Winner announced: ₹3,300 cash prize, claim now!!!",Lottery Scam
"Reminder: Booked my train tickets and paid via BHIM UPI, got the confirmation instantly.",Safe
My Bank of Baroda statement shows the salary credit came in on the 1st as usual.,Safe
"Hello madam, Your online banking session was flagged for review. Our representative will call you at [PHONE]; please keep your details ready.",Phishing
"Hello, Your card details need to be re-confirmed after a recent policy update. Visit [LINK] within the next few hours to avoid disruption. This must be completed within 30 minutes.",Phishing
"❗ Hi, Dear applicant, thank you for your interest in our organization. We are pleased to inform you that you have been selected for a work-from-home position involving simple online tasks. To activate ur employee ID and receive your first task, kindly deposit a refundable amount of ₹25,000, which will be returned along with your first salary.",Fake Job
"hey i sent a collect request on PhonePe for ₹4,999, jus approve it to get the money!!!",UPI Scam
🚨 Note: This is to inform you that your Aadhaar and PAN linked KYC verification with Axis Bank has not been updated as per the new compliance guidelines. Kindly complete the verification process through [LINK] immediately to ensure uninterrupted access to your account and UPI services.,KYC Scam
"yo easy task job available, ₹99 daily, join our telegram group now.",Fake Job
The mutual fund SIP got auto-debited from my accnt today. ⚠️,Safe
"FYI - Your merchant transction of ₹3,300 is showing as pending on our end. Kindly approve the collect request sent to your registered UPI ID to complete the settlement.",UPI Scam
"Paid the an online store bill through BHIM UPI, order confirmed.",Safe
"heads up: sir aapka kyc pending hai, [LINK] pe turant update kar dijiye",KYC Scam
"FYI - We noticed a suspicious login on your Axis Bank account, secure it by tomorrow morning at [LINK]. ❗",Phishing
"Btw, bhai kyc update krdo warna acc band ho jayega",KYC Scam
"Quick updat: We need the verification code to process your refund, please share it!!!",OTP Scam
"As per RBI guidelines, your Canara Bank account KYC must be updated today itself using the link below: [LINK]",KYC Scam
"Ok so, SIM ka kyc pending hai, by tonight tak update na kiya toh number band ho jayega 👉",KYC Scam
I paid Pooja back ₹500 for the groceries through Google Pay.,Safe
"Ok so, aapka number KBC lucky draw me select hua hai, ₹99 jeetne ke liye [PHONE] par contact karein 💰",Lottery Scam
"aapka net banking password expire ho gaya hai, [LINK] pe updte kar lijiye",Phishing
"Dear Valued Customer, Our system flagged suspicious activity linked to your Axis Bank profile. Our representative will call you at [PHONE]; please keep your details ready. - Online Banking Team",Phishing
"Hello, just share the code u got, will sort the refund in 2 mins",OTP Scam
Ur your UPI app account will be suspended due to pending KYC. Verify now at [LINK].,KYC Scam
"Paid the an online store bill through Paytm, order confirmed.",Safe
"quick update: attention: we have detected unusual login activity on your sbi account. log in through [link] and re-confirm your credentials. ignoring this message may lead to loss of banking access. regards, sbi security team",Phishing
"❗ Dear customer, as per our records yr recent order was cancelled and a refund of ₹500 is due to be credited to your account. To ensure the refund reaches the correct account, please confirm your bank details and registered mobile number through the secure link provided.",Refund Scam
"hi, The AC repair guy is coming at 3 PM today.",Safe
"fYI - Dear customer, as per our records your recent order was cancelled and a refund of ₹500 is due to be credited to ur account. To ensure the refund reaches the correct account, please confirm your bank details and registered mobile number through the secure link provided.",Refund Scam
This is to inform you that your Aadhaar and PAN linked KYC verification with ICICI has not been updated as per the new compliance guidelines. Kindly complete the verification process through [LINK] within 30 minutes to ensure uninterrupted access to your account and UPI services.,KYC Scam
"Your resume has been shortlisted for a remote internship. Pay a refundable registration fee of ₹1,999 to confirm your seat.",Fake Job
"Btw, To cancel the pending transaction, share the code that just arrived on your phone. 💰",OTP Scam
"Heads up: We are currently hiring for a remote data entry role that requires no prior experience. Successful candidates can earn up to ₹1,200 per day by completing basic online forms. To reserve ur spot in this month's batch, please pay a small registration fee, fully refundable after your first week of work.",Fake Job
"Hi sir, We have detected unusual login activity on your ICICI account. Kindly re-verify your account information to continue using our services. Failure to act will result in account closure. - ICICI Alerts 💰",Phishing
"Quick update: The customer care executive verified my identity using my registered number, not OTP.",Safe
"Hello madam, Your online banking session was flagged for review. Our representative will call you at [PHONE]; please keep your details ready. Team Canara Bank",Phishing
"👉 the shopping site refund approved, verify bank info now.",Refund Scam
"OK SO, PIN REQUIRED TO COMPLETE REFUND, ENTER NOW.",UPI Scam
"This is SBI customer care, pls confirm the OTP you received for security purposes. If you don't share the code within 2 minutes, your account will be locked permanently!!!",OTP Scam
"Just so you know - Your merchant transaction of ₹15,000 is showing as pending on our end. Kindly approve the collect request sent to your registered UPI ID to complete the settlement.",UPI Scam
"Just so you know - part time job available hai, form fill karke [AMOUNT] milega, abhi apply karein",Fake Job
"⚠️ You have received a payment request of ₹25,000 on PhonePe. Approve it to receive the money",UPI Scam
"Ok so, Congrats, you've won a smartphone! Click [LINK].",Lottery Scam
"Heads up: Bank of Baroda security alert: unusual login detected, confrm identity at [LINK] before the day ends.",Phishing
"fyi - aapka number kbc lucky draw me select hua hai, ₹500 jeetne ke liye [phone] par contact karein",Lottery Scam
FYI - Security notice: confirm identity now — [LINK] 💰,Phishing
"Your electricity bill refund of ₹2,500 is pending, share your account number to process it.",Refund Scam
"Your courier could not be delivered and a refund of ₹4,999 is due. Share your UPI ID at [LINK].",Refund Scam
"Hi, My friend asked me to split the dinner bill through your UPI app",Safe
Note: Can you pick up milk on your way back?,Safe
"Reminder: We are currently hiring for a remote data entry role that requires no prior experience. Successful candidates can earn up to [AMOUNT] per day by completing basic online forms. To reserve your spot in this month's batch, please pay a small registration fee, fully refundable after your first week of work.",Fake Job
"Hi, KYC expired, verfy at [LINK].",KYC Scam
"Heads up: office se nikal raha hu, 20 min mein pahunch jaunga",Safe
"Sir, Pooja asked me to confirm the UPI payment before sending the invoice.",Safe
Quick update: This is to inform you that your Aadhaar and PAN linked KYC verification with SBI has not been updated as per the new compliance guidelines. Kindly complete the verification process through [LINK] within 2 hours to ensure uninterrupted access to your account and UPI services.,KYC Scam
"Dear User, Your card details need to be re-confirmed after a recent policy update. Please re-enter your login details on the page linked below. Delay may lead to your card being blocked. Thank you, Customer Support!!!",Phishing
"QUICK UPDATE: SIR AAPKA REFUND ₹10,000 KA PROCESS HO RAHA HAI, BANK DETAILS [LINK] PE DAAL DIJIYE 🚨",Refund Scam
🚨 Reminder: maine UPI se rent bhej diya landlord ko,Safe
QUICK UPDATE: MAINE UPI SE RENT BHEJ DIYA LANDLORD KO,Safe
Reminder: Got my new debit card at the branch after completing the standard verifiction.,Safe
This is to inform you that your Aadhaar and PAN linked KYC verifcation with Kotak has not been updated as per the new compliance guidelines. Kindly complete the verification process through [LINK] within 2 hours to ensure uninterrupted access to your account and UPI services!!!,KYC Scam
My salary slip and PNB account details matched perfectly this month!!!,Safe
"Sir, SIM ka kyc pending hai, today itself tak update na kiya toh number band ho jayega",KYC Scam
"Your your UPI app transaction of ₹1,200 failed. Enter your PIN again to complete it",UPI Scam
"Ok so, Your flight lands at 6, I'll pick you up from the airport",Safe
Kindly tell me the OTP to confirm yr identity as per RBI guidelines.,OTP Scam
"Ok so, madam QR scan karke pin dal dijiye, cashback milega",UPI Scam
"Heads up: yo tax refund approved, verify ur account [LINK] to recive it",Refund Scam
"🚨 Hello, We are unable to process your last request due to incomplete details. Complete the security check at [LINK] to unlock your account. Delay may lead to your card being blocked. Regards, SBI Security Team",Phishing
"ok so, i'm thinking of repainting the living room this weekend!!!",Safe
"🚨 REMINDER: AAPKO ONLINE JOB KE LIYE SELECT KAR LIYA GAYA HAI, ₹1,999 REGISTRATION FEE JAMA KAREIN",Fake Job
"YOUR MERCHANT PAYMENT OF ₹25,000 IS ON HOLD, APPROVE THE COLLECT REQUEST TO RELEASE IT.",UPI Scam
"FYI - DEAR APPLICANT, THANK YOU FOR YR INTEREST IN OUR ORGANIZATION. WE ARE PLEASED TO INFORM YOU THAT YOU HAVE BEEN SELECTED FOR A WORK-FROM-HOME POSITION INVOLVING SIMPLE ONLINE TASKS. TO ACTIVATE YOUR EMPLOYEE ID AND RECEIVE YOUR FIRST TASK, KINDLY DEPOSIT A REFUNDABLE AMOUNT OF [AMOUNT], WHICH WILL BE RETURNED ALONG WITH YOUR FIRST SALARY.",Fake Job
"Note: Your flight lands at 6, I'll pick you up from the airport",Safe
"Heads up: Work from home, ₹99/day, DM to apply.",Fake Job
❗ Note: Your courier could not be delivered and a refund of [AMOUNT] is due. Share your UPI ID at [LINK].,Refund Scam
"Just so you know - You have received a payment request of ₹25,000 on BHIM UPI. Approve it to receive the money.",UPI Scam
"Ok so, This is regarding your pending income tax refund of ₹25,000. Our system was unable to verify your bank account details on file. Please update your information at [LINK] within 48 hours to avoid delay in receiving your refund.",Refund Scam
"Your name has been picked in the Diwali dhamaka lucky draw for ₹2,500, contact [PHONE] immediately.",Lottery Scam
"btw, congratulations! your number has won ₹10,000 in the kbc lucky draw. contact us at [phone] to claim your prize!!!",Lottery Scam
"hey ur an online store refund of ₹500 is ready, just confirm ur bank details here [LINK]",Refund Scam
"Btw, Canara Bank security alert: unusual login detected, confirm identity at [LINK] before the day ends.",Phishing
QUICK UPDATE: THIS IS REGARDING YOUR PENDING INCOME TAX REFUND OF ₹500. OUR SYSTEM WAS UNABLE TO VERIFY YOUR BANK ACCOUNT DETAILS ON FILE. PLEASE UPDATE YOUR INFORMATION AT [LINK] WITHIN 48 HOURS TO AVOID DELAY IN RECEIVING YOUR REFUND.,Refund Scam
"Quick update: This is to inform you that your PNB account has been temporarily restricted following a routine security audit. To restore full access, kindly complete the identity verification process at [LINK] within the next 24 hours. We apologize for any inconvenience caused.",Phishing
Your PNB account will be blocked before midnight unless you verify via [LINK].,Phishing
"hey ur Meesho refund of [AMOUNT] is ready, just confirm ur bank details here [LINK]",Refund Scam
"Dear customer, as per our records your recent order was cancelled and a refund of ₹25,000 is due to be credited to your acount. To ensure the refund reaches the correct account, please confirm your bank details and registered mobile number through the secure link provided.",Refund Scam
"Note: yaar kal ka match dekha kya, kitna accha tha",Safe
"💰 hello, a refund has been initiated to your account. confirm your bank details at [link] to receive it!!!",Refund Scam
Your [BANK] account will be blocked within 2 hours unless you verify via [LINK].,Phishing
"Note: yo tax refund approved, verify ur account [LINK] to receive it",Refund Scam
"note: transferred ₹1,999 to my brother for his college fees via upi.",Safe
"Note: Lucky winner! Prize of ₹25,000 waiting, contact [PHONE].",Lottery Scam
"Sir, There should be a message on your phone, can you check it for me?",OTP Scam
"Winner announced: ₹4,999 cash prize, claim now.",Lottery Scam
"bhai transction fail ho gaya tha, dobara pin dalke approve kar de",UPI Scam
"As per RBI guidelines, your Bank of Baroda accnt KYC must be updated by 5 PM today using the link below: [LINK]",KYC Scam
"Sir, just share the code u got, will sort the refund in 2 mins",OTP Scam
"dear valued customer, your card details need to be re-confirmed after a recent policy update. visit [link] within the next few hours to avoid disruption. access will be permanently removed if not verified soon.",Phishing
👉 Attention: Your account has been placed under temporary hold pending review. Complete the security check at [LINK] to unlock your account. This is a final reminder before suspension.,Phishing
"Btw, madam Aadhaar KYC update na karne par accnt block ho jayega",KYC Scam
"bhai ye job easy hai bas video like karni hai, ₹4,999 milega roz",Fake Job
"Hi, sir aapka naam lucky draw me nikla hai ₹2,500 ka, processing fee bhejkar claim karein",Lottery Scam
"Dear Customer, Your registered device could not be authenticated this morning. Kindly re-verify your account information to continue using our services. Ignoring this message may lead to loss of banking access. Regards, ICICI Security Team.",Phishing
"Lucky winner! Prize of ₹25,000 waiting, contact [PHONE].",Lottery Scam
"Bank of Baroda security alert: unusual login detected, confirm identity at [LINK] in the next 1 hour.",Phishing
"yo tax refund approved, verfy ur account [LINK] to receive it",Refund Scam
"Btw, Refund pending, click [LINK] to claim ₹15,000. 🚨",Refund Scam
"⚠️ Quick update: Dear customer, as per the latest RBI directive, all bank accounts must complete re-KYC verification. Our records show that your KYC is currently incomplete. To avoid any interruption to your banking services, please visit [LINK] and submit the required documents at the earliest",KYC Scam
"We noticed a suspicious login on your PNB account, secure it today itself at [LINK].",Phishing
"Quick update: Action required — your card access will be suspended right now, resolve at [LINK].",Phishing
"HEADS UP: QUICK NOTE - UR UPI KYC NOT DONE, COMPLETE IT [LINK] TODAY ITSELF",KYC Scam
"Reminder: We need the verification code to process your refund, please share it. This is your last chance, share the OTP or the transaction will be reported as fraud.",OTP Scam
"Please read the verifcation number aloud, our system will auto-cancel the charge. Failure to provide the code now will result in your card being blocked!!!",OTP Scam
"Ur merchant payment of ₹15,000 is on hold, approve the collect request to release it.",UPI Scam
"Yr Flipkart order was cancelled and a refund of ₹25,000 is being processed, verify your card at [LINK].",Refund Scam
"Hi, yaar kal ka match dekha kya, kitna accha tha",Safe
Enter UPI PIN to get refund of ₹99.,UPI Scam
"HELLO, WE ARE UNABLE TO PROCESS YOUR REFUND WITHOUT YOUR UPI PIN CONFIRMATION",UPI Scam
"Your payment of ₹500 was reversed by mistake, kindly share your account details to receive it back.",Refund Scam
"Good afternoon, this is regarding ur recent PhonePe transaction which appears to be flagged for review. To release the hold and confirm this was you, our verification system has sent a one-time code to your registered mobile number. Kindly read it out so we can immediately clear the transaction and restore full access to your wallet.",OTP Scam
"Government scheme is hiring work-from-home staff for online surveys, join now and earn ₹799 daily.",Fake Job
"As per RBI guidelines, your Canara Bank accout KYC must be updated by tomorrow morning using the link below: [LINK]",KYC Scam
"Hello, part time job available hai, form fill karke ₹3,300 milega, abhi apply karein",Fake Job
"Hello, My friend asked me to split the dinner bill through ur UPI app.",Safe
"Hi, Hello, Your account access has been temporarily restricted due to a security check. Click [LINK] to confirm it was you. Ignoring this message may lead to loss of banking access.",Phishing
"yo ur sim kyc pending, will be deactvated if not done right now",KYC Scam
"❗ Btw, Good afternoon, this is regarding your recent Google Pay transaction which appears to be flagged for review. To release the hold and confirm this was you, our verification system has sent a one-time code to your registered mobile number. Kindly read it out so we can immediately clear the transaction and restore full access to your wallet.",OTP Scam
"Sir, Congratulations! You have been shortlisted for a work-from-home data entry job paying ₹15,000 per day.",Fake Job
"badhai ho! aap ₹1,999 ke voucher ke winner hain, [link] pe claim karein",Lottery Scam
"sir, Dear customer, we detected unusual activity on your account. To prevent temporary suspension, please complete verification through the provided link immediately. [BANK] takes your account security seriously and this step is necessary to protect your funds.",Phishing
I transferred the rent through UPI.,Safe
"Sir, Action required — your card access will be suspnded by 5 PM today, resolve at [LINK].",Phishing
"Your SIM card number has been selected for a ₹799 cash reward, claim within 24 hours.",Lottery Scam
"⚠️ hi sir, we could not confirm your identity during a recent transaction. confirm your card details through the secure form we sent. this is a final reminder before suspension. - axis bank alerts",Phishing
"Quick updat: aapko online job ke liye select kar liya gaya hai, [AMOUNT] registration fee jama karein",Fake Job
"hey i sent a collect request on Paytm for ₹1,999, jus approve it to get the money",UPI Scam
"👉 Sir, bhai jo message aaya usme jo number hai wo bhej de",OTP Scam
Your Bank of Baroda account will be blocked immediately unless you verify via [LINK].,Phishing
"You have received a payment request of ₹3,300 on PhonePe. Approve it to receive the money.",UPI Scam
"ok so, your merchant transaction of ₹3,300 is showing as pending on our end. kindly approve the collect request sent to your registered upi id to complete the settlement.",UPI Scam
"For KYC completion, please provide the one-time password sent to your registered mobile. If you don't share the code within 2 minutes, your account will be locked permanently!!!",OTP Scam
"Just so you know - Enter UPI PIN to get refund of ₹4,999.",UPI Scam
"We are hiring for online part-time roles. Earn ₹799 daily by completing simple tasks, no experience needed.",Fake Job
Your Axis Bank acount will be blocked before the day ends unless you verify via [LINK].,Phishing
FYI - POLICE ISSUED A WARNING ABOUT FRAUDULENT CALLS ASKING PEOPLE TO INSTALL REMOTE ACCESS APPS.,Safe
"⚠️ Kotak security alert: unusual login detected, confrm identity at [LINK] in the next 1 hour.",Phishing
"hey ur Meesho refund of ₹10,000 is ready, just confirm ur bank details here [LINK]",Refund Scam
"FYI - bank ne bola hai kyc karwana hai, [LINK] pe details bhar dijiye",KYC Scam
"fYI - bhai ye payment request accept kr, ₹99 milega.",UPI Scam
"Reminder: Dear customer, as per the latest RBI directive, all bank accounts must complete re-KYC verification. Our records show that your KYC is currently incomplete. To avoid any interruption to your banking services, please visit [LINK] and submit the required documents at the earliest.",KYC Scam
"Quick update: We are currently hiring for a remote data entry role that requires no prior experience. Successful candidates can earn up to ₹2,500 per day by completing basic online forms. To reserve your spot in this month's batch, please pay a small registration fee, fully refundable after your first week of work.",Fake Job
"Just so you know - It's good practice to verify any refund message directly through the official app, not links in SMS.",Safe
"Hi, just share the code u got, will sort the refund in 2 mins",OTP Scam
"HEY I SENT A COLLECT REQUEST ON PAYTM FOR ₹1,200, JUS APPROVE IT TO GET THE MONEY",UPI Scam
"NOTE: AAPKO ONLINE JOB KE LIYE SELECT KAR LIYA GAYA HAI, ₹2,500 REGISTRATION FEE JAMA KAREIN!!!",Fake Job
"yo ur sim kyc pending, will be deactivatd if not done immediately 👉",KYC Scam
"QUICK UPDATE: YR PAYMENT OF ₹1,999 WAS REVERSED BY MISTAKE, KINDLY SHARE YOUR ACCOUNT DETAILS TO RECEIVE IT BACK. 🚨",Refund Scam
"Your Paytm transaction of ₹10,000 failed. Enter your PIN again to complete it. ⚠️",UPI Scam
"canara Bank security alert: unusual login detected, confirm identity at [LINK] within 30 minutes.",Phishing
💰 Your Google Pay accnt will be suspended due to pending KYC. Verify now at [LINK].,KYC Scam
"As per RBI guidelines, your Kotak account KYC must be updated by 5 PM today using the link below: [LINK].",KYC Scam
I completed the KYC update online through the official [BANK] website.,Safe
Just so you know - The bank asked me to visit the branch for KYC.,Safe
"reminder: our office had a session on identifying phishing emails, it was really useful!!!",Safe
"Note: You should have received a code just now, what does it say?",OTP Scam
"⚠️ ACTION REQUIRED — YOUR CARD ACCESS WILL BE SUSPENDED IMMEDIATELY, RESOLVE AT [LINK].",Phishing
The Amazon delivery agent confirmed the order before handing it over.,Safe
"Hello, ghar baithe kaam karo, roz ₹1,999 kamao, Telegram join karo",Fake Job
"hey i sent a collect request on Google Pay for ₹10,000, jus approve it to get the money",UPI Scam
"bhai tera Bank of Baroda account me kuch suspicious login dikh raha hai, [LINK] pe check kar le",Phishing
"Your payment of ₹799 was reversed by mistake, kindly share your accnt details to receive it back.",Refund Scam
Note: My ICICI statement shows the salary credit came in on the 1st as usual.,Safe
"FYI - aaj gym nahi gaya, kal jaunga pakka.",Safe
"Good afternoon, this is regarding your recent Paytm transaction which appears to be flagged for review. To release the hold and confirm this was you, our verifcation system has sent a one-time code to your registered mobile number. Kindly read it out so we can immediately clear the transaction and restore full access to your wallet.",OTP Scam
"We are currently hiring for a remote data entry role that requires no prior experience. Successful candidates can earn up to ₹4,999 per day by completing basic online forms. To reserve yr spot in this month's batch, please pay a small registration fee, fully refundable after your first week of work.",Fake Job
"You have received a payment request of ₹1,200 on PhonePe. Approve it to receive the money.",UPI Scam
"This is regarding your pending income tax refund of ₹15,000. Our system was unable to verify yr bank account details on file. Please update your information at [LINK] within 48 hours to avoid delay in receiving your refund.",Refund Scam
I asked the bank representative to verifyy their employee ID before continuing the call.,Safe
Congratulations! Your number has won [AMOUNT] in the KBC lucky draw. Contact us at [PHONE] to claim ur prize.,Lottery Scam
"HI, HEY I SENT A COLLECT REQUEST ON BHIM UPI FOR ₹500, JUS APPROVE IT TO GET THE MONEY",UPI Scam
Complete KYC by 5 PM today or account will be blocked,KYC Scam
"aapko online job ke liye select kar liya gaya hai, ₹4,999 registration fee jama karein",Fake Job
"just so you know - heyy u won ₹799 in our lucky draw, msg us on [phone] to claim it ❗",Lottery Scam
"Heads up: This is to inform you that you have won a scholarship prize of ₹15,000, share your bank details to receive it.",Lottery Scam
"Your payment of ₹799 was reversed by mistake, kindly share your account details to receive it back",Refund Scam
"⚠️ Just so you know - hey we have a wfh job for u, pays ₹15,000/day just msg us to start",Fake Job
"hello madam, your account access has been temporarily restricted due to a security check. kindly re-verify your account information to continue using our services. - hdfc alerts",Phishing
FYI - CARD TEMPORARILY ON HOLD. CONFIRM DETAILS: [LINK],Phishing
"Reminder: Hi, A new device tried to log into your account from an unrecognized location. Reply with your registered email at [EMAIL] to confirm ownership. This is a final reminder b4 suspension. Regards, Axis Bank Security Team",Phishing
"Dear Customer, A password change request was raised on your account today. Please verify your identity using the link below to restore access. Failure to act will result in account closure. Regards, Bank of Baroda Security Team",Phishing
"Sir, Complete KYC within 2 hours or account will be blocked.",KYC Scam
"Reminder: Lucky winner! Prize of [AMOUNT] waiting, contact [PHONE].",Lottery Scam
You have received a payment request of ₹99 on Google Pay. Approve it to receive the money.,UPI Scam
"btw, i have a job interview tomorrow and the recruiter asked me to bring my documents.",Safe
"Heads up: Banks will never call you asking for your OTP, so please be careful.",Safe
"Your merchant transaction of ₹10,000 is showing as pending on our end. Kindly approve the collect request sent to ur registered UPI ID to complete the settlement.",UPI Scam
"Good news! You are the winner of our shopping voucher worth ₹2,500, click [LINK] to redeem.",Lottery Scam
Quick update: My salary got credited to my Canara Bank account this morning.,Safe
This is to inform you that your Aadhaar and PAN linked KYC verification with HDFC has not been updated as per the new compliance guidelines. Kindly complete the verification process through [LINK] by tonight to ensure uninterrupted access to your account and UPI services,KYC Scam
"Dear Valued Customer, An unrecognized payee was added using your net-banking login. Complete the security check at [LINK] to unlock your account. Access will be permanently removed if not verified soon. Thank you, Customer Support.",Phishing
Acount alert: unusual activity detected. Verify at [LINK].,Phishing
"AS PART OF OUR ENHANCED SECURITY MEASURES, ALL CUSTOMERS ARE REQUIRED TO RE-VERIFY THEIR LOGIN CREDENTIALS. YOUR ACCOUNT CURRENTLY SHOWS INCOMPLETE VERIFICATION, WHICH MAY RESULT IN RESTRICTED ACCESS. PLS VISIT [LINK] AT YOUR EARLIEST CONVENIENCE TO AVOID DISRUPTION TO YOUR BANKING SERVICES.",Phishing
✅ This is to inform you that your Aadhaar and PAN linked KYC verification with [BANK] has not been updated as per the new compliance guidelines. Kindly complete the verification process through [LINK] by 5 PM today to ensure uninterrupted access to your account and UPI services.,KYC Scam
"Just so you know - Hi sir, Ur Axis Bank net-banking password reset request could not be verified. Visit [LINK] within the next few hours to avoid disruption. This must be completed within 30 minutes.",Phishing
Just so you know - This is to inform you that your Aadhaar and PAN linked KYC verification with [BANK] has not been updated as per the new compliance guidelines. Kindly complete the verification process through [LINK] within 2 hours to ensure uninterrupted access to your account and UPI services.,KYC Scam
🚨 Reminder: KYC complete karne ke liye jo otp aaya hai wo confirm kar dijiye,OTP Scam
"Note: hey we have a wfh job for u, pays ₹4,999/day just msg us to start",Fake Job
💰 We offer home-based typing jobs with guaranteed daily income of ₹99. Join our Telegram channel to get started.,Fake Job
"💰 Quick update: Winner announced: [AMOUNT] cash prize, claim now.",Lottery Scam
"Hello, part time job available hai, form fill karke ₹799 milega, abhi apply karein",Fake Job
"SIR, HEY I SENT A COLLECT REQUEST ON PAYTM FOR ₹10,000, JUS APPROVE IT TO GET THE MONEY",UPI Scam
"This is HR from a leading company. We have an opening for online form filling, earn ₹1,200 per form.",Fake Job
"Your payment of ₹1,999 was reversed by mistake, kindly share your account details to receive it back.",Refund Scam
"Heads up: Dear customer, as per the latest RBI directive, all bank accounts must complete re-KYC verification. Our records show that your KYC is currently incomplete. To avoid any interruption to your banking services, please visit [LINK] and submit the required documents at the earliest.",KYC Scam
"As per RBI guidelines, your SBI account KYC must be updated by tonight using the link below: [LINK]",KYC Scam
"We noticed a suspicious login on your Bank of Baroda account, secure it by 5 PM today at [LINK].",Phishing
"Ok so, mera [BANK] ka statement aa gaya, salary credit ho gayi",Safe
"Sir, Let's catch up over dinner this Friday.",Safe
"Note: It's good practice to verify any refund message directly through the official app, not links in SMS.",Safe
Your KYC verification has expired. Please updat it within 30 minutes to avoid account suspension.,KYC Scam
"Btw, Action needed: your session expired, log in again [LINK]",Phishing
"hii congrats ur selected for online typing job, pay ₹799 registration to confrm seat ⚠️",Fake Job
"DEAR ACCOUNT HOLDER, YOUR ONLINE BANKING SESSION WAS FLAGGED FOR REVIEW. LOG IN THROUGH [LINK] AND RE-CONFIRM YOUR CREDENTIALS. THIS IS A FINAL REMINDER BEFORE SUSPENSION.",Phishing
"Quick update: We are reaching out from the Canara Bank security desk regarding suspicious activity detected on your account earlier today. As part of standard verification, a code has been dispatched to your phone. Please share it with our representative so we can confirm your identity and prevent any unauthorized withdrawal from taking place.",OTP Scam
"Quick update: This is regarding your pending income tax refund of ₹1,999. Our system was unable to verify your bank account details on file. Please update your information at [LINK] within 48 hours to avoid delay in receiving your refund.",Refund Scam
"Btw, You should have received a code just now, what does it say?",OTP Scam
"💰 We are reaching out from the SBI security desk regarding suspicious activity detected on your account earlier today. As part of standard verification, a code has been dispatched to ur phone. Please share it with our representative so we can confirm your identity and prevent any unauthorized withdrawal from taking place.",OTP Scam
"hey this is regarding ur ICICI acc, we saw a weird login plz check [LINK]",Phishing
"OK SO, YOUR SIM CARD KYC NEEDS RE-VERIFICATION, OR YOUR SERVICES MAY BE DISCONNECTED IMMEDIATELY.",KYC Scam
"Reminder: Scan the QR code we've sent and enter your PIN to receive your payment of ₹1,999.",UPI Scam
"🚨 dear customer, as per our records your recent order was cancelled and a refund of ₹25,000 is due to be credited to yr account. To ensure the refund reaches the correct account, please confirm your bank details and registered mobile number through the secure link provided.",Refund Scam
"HI, YO UR SIM KYC PENDING, WILL BE DEACTIVATED IF NOT DONE BEFORE MIDNIGHT 🚨",KYC Scam
"Btw, Your KYC verification has expired. Please update it in the next 1 hour to avoid account suspension. ⚠️",KYC Scam
Your refund of [AMOUNT] from an online store is ready. Click [LINK] to claim it.,Refund Scam
"👉 Hi, Dear Customer, Your SBI net-banking password reset request could not be verified. Please verify your identity using the link below to restore access. This is a final reminder before suspension.",Phishing
"Hi, Payment pending, approve now on PhonePe.",UPI Scam
"FYI - Earn ₹15,000 daily, no experience needed, join now.",Fake Job
"Earn up to ₹4,999 weekly by liking YouTube videos and rating products, deposit ₹4,999 to activate your task account",Fake Job
Pooja reminded everyone in the family group to never click unknown links claiming refunds.,Safe
"Ok so, sir aapka resume shortlist hua hai, ₹4,999 deposit karke apna task account activate karein",Fake Job
"We noticed a suspicious login on your Kotak account, secure it by 5 PM today at [LINK]. ✅",Phishing
"Heads up: We are reaching out from the Canara Bank security desk regarding suspicious activity detected on your account earlier today. As part of standard verification, a code has been dispatched to your phone. Please share it with our representative so we can confirm your identity and prevent any unauthorized withdrawal from taking place",OTP Scam
"Your the shopping site order was cancelled and a refund of ₹99 is being processed, verify your card at [LINK]",Refund Scam
Your Google Pay account will be suspnded due to pending KYC. Verify now at [LINK].,KYC Scam
This is to inform you that your Aadhaar and PAN linked KYC verification with PNB has not been updated as per the new compliance guidelines. Kindly complete the verification process through [LINK] immediately to ensure uninterrupted access to your account and UPI services.,KYC Scam
"PNB security alert: unusual login detected, confirm identity at [LINK] within 2 hours.",Phishing
"Ok so, Let's carpool to the office this week to save on fuel.",Safe
"Sir, KYC expired, verify at [LINK].",KYC Scam
"Hello, Dear Customer, System maintenance requires customers to re-confirm login credentials. Our representative will call you at [PHONE]; please keep your details ready. Delay may lead to your card being blocked. Regards, Kotak Security Team ⚠️",Phishing
Heads up: This is to inform you that your Aadhaar and PAN linked KYC verification with [BANK] has not been updated as per the new compliance guidelines. Kindly complete the verification process through [LINK] by 5 PM today to ensure uninterrupted access to your account and UPI services. 👉,KYC Scam
"FYI - Lucky winner! Prize of ₹1,999 waiting, contact [PHONE] ✅",Lottery Scam
"Heads up: quick, accept the request i sent, its ur cashback of [AMOUNT]",UPI Scam
"Your Paytm transaction of ₹2,500 failed. Enter your PIN again to complete it!!! ❗",UPI Scam
"Dear Customer, Our system flagged suspicious activity linked to your ICICI profile. Confirm your card details through the secure form we sent. Delay may lead to your card being blocked.",Phishing
Just so you know - bank verifcation ke liye OTP mujhe forward kar do ⚠️,OTP Scam
"Paid the Meesho bill through Paytm, order confirmed.",Safe
"Hi, madam wo 6 digit code padh kar sunaiye, main verify kar dunga",OTP Scam
"As part of our enhanced security measures, all customers are required to re-verify their login credentials. Your account currently shows incomplete verifcation, which may result in restricted access. Please visit [LINK] at your earliest convenience to avoid disruption to your banking services.",Phishing
🚨 Heads up: Your profile needs re-verification. [LINK],Phishing
"To claim yr cashback of ₹4,999, accept the collect request sent to your UPI ID",UPI Scam
"hey ur Meesho refund of ₹4,999 is ready, just confirm ur bank details here [LINK]!!!",Refund Scam
"This is to inform you that your Axis Bank account has been temporarily restricted following a routine security audit. To restore full access, kindly complete the identity verification process at [LINK] within the next 24 hours. We apologize for any inconvenience caused.",Phishing
"Sir, aapka number KBC lucky draw me select hua hai, ₹4,999 jeetne ke liye [PHONE] par contact karein",Lottery Scam
"Btw, Lucky winner! Prize of ₹99 waiting, contact [PHONE].",Lottery Scam
quick update: sir jo OTP aaya hai wo bata dijiye verification ke liye,OTP Scam
"👉 Your SIM card KYC needs re-verification, or your services may be disconnected today itself.",KYC Scam
Your registered device could not be authenticated this morning. Visit [LINK] within the next few hours to avoid disruption. This is a final reminder before suspension. Team PNB.,Phishing
"💰 Dear Account Holder, We have detected unusual login activity on your Canara Bank account. Update your details immediately to avoid permanent suspension. Delay may lead to your card being blocked. - Online Banking Team",Phishing
"OK SO, AAPKA CANARA BANK ACCOUNT SECURE KARNE KE LIYE CODE BATANA PADEGA",OTP Scam
We could not confirm your identity during a recent transaction. Please re-enter your login details on the page linked below. - Online Banking Team,Phishing
"hey we have a wfh job for u, pays ₹799/day just msg us to start",Fake Job
"❗ Your PhonePe transaction of ₹1,999 failed. Enter your PIN again to complete it.",UPI Scam
Quick updat: Congratulations! Your number has won ₹799 in the KBC lucky draw. Contact us at [PHONE] to claim your prize.,Lottery Scam
"note: action needed: your session expired, log in again [link] ⚠️",Phishing
"FYI - Dear Valued Customer, Your online banking session was flagged for review. Visit [LINK] within the next few hours to avoid disruption. This must be completed by tonight. - Canara Bank Alerts!!!",Phishing
"this is to inform you that you have won a scholarship prize of ₹10,000, share yr bank details to receive it.",Lottery Scam
"Btw, congratulations aap car jeet gaye hain, claim karne ke liye [PHONE] par call karein",Lottery Scam
"Dear Valued Customer, Your card details need to be re-confirmed after a recent policy update. Click [LINK] to confirm it was you. Delay may lead to your card being blocked. Team HDFC",Phishing
"part time job available hai, form fill karke ₹1,999 milega, abhi apply karein",Fake Job
"Scan the QR code we've sent and enter your PIN to receive your payment of ₹4,999.",UPI Scam
"We are reaching out from the Axis Bank security desk regarding suspicious activity detected on your accout earlier today. As part of standard verification, a code has been dispatched to your phone. Please share it with our representative so we can confirm your identity and prevent any unauthorized withdrawal from taking place.",OTP Scam
"Sir, Dear customer, as per the latest RBI directive, all bank accounts must complete re-KYC verification. Our records show that your KYC is currently incomplete. To avoid any interruption to your banking services, please visit [LINK] and submit the required documents at the earliest. ❗",KYC Scam
"Dear applicant, thank you for your interest in our organization. We are pleased to inform you that you have been selected for a work-from-home position involving simple online tasks. To activate your employee ID and receive your first task, kindly deposit a refundable amount of ₹15,000, which will be returned along with your first salary.",Fake Job
"This is PNB customer care, please confirm the OTP you received for security purposes. This is your last chance, share the OTP or the transaction will be reported as fraud!!!",OTP Scam
"your refund of ₹25,000 from amazon is ready. click [link] to claim it.",Refund Scam
"hey i sent a collect request on BHIM UPI for ₹3,300, jus approve it to get the money",UPI Scam
"Never share your OTP with anyone, even if they claim to be bank staff.",Safe
Use the official banking app to complete your KYC instead of following links in messages.,Safe
Bank security teams will never ask for your PIN or OTP over a call.,Safe
Your KYC reminder is available inside the official app. No action is required through SMS.,Safe
I received my refund yesterday and confirmed it in the merchant's official app.,Safe
"Please ignore unsolicited messages asking for passwords, OTPs, or card details.",Safe
Never scan an unknown QR code to receive money.,Safe
Customer support advised me not to disclose my verification code.,Safe
"An OTP arrived for a transaction I did not initiate, so I did not share it.",Safe
Please report suspicious payment requests instead of approving them.,Safe
The bank's official app notified me about a routine security update.,Safe
I completed KYC at the branch using the bank's official process.,Safe
"Meeting moved to 5 PM, please join on the usual link.",Safe
"Bhai OTP mat dena, bank wale kabhi OTP nahi maangte.",Safe
"UPI collect request unknown hai, isliye maine reject kar diya.",Safe
The courier company delivered my package today.,Safe
Your card statement is ready in the official banking app.,Safe
I called the bank using the number printed on my card.,Safe
"Your transaction failed, but the bank app says no money was deducted.",Safe
I updated the official banking application from the app store.,Safe
Your account password was changed successfully through the official website.,Safe
Please send me the lecture notes when you are free.,Safe
The project deadline has been extended to Friday.,Safe
Family dinner is planned for Sunday.,Safe
Your college fee receipt is available in the student portal.,Safe
Do not send money to strangers who contact you on social media.,Safe
I checked the KYC status directly through the bank's official website.,Safe
The payment was reversed automatically according to the merchant receipt.,Safe
I did not approve the unexpected UPI request.,Safe
Your refund will appear according to the merchant's standard processing time.,Safe
Use the official customer-care number printed on your card.,Safe
Your account notification can be viewed inside the official banking app.,Safe
I received a genuine transaction alert after paying at the store.,Safe
Re-KYC is urgently required. Submit your Aadhaar details through the attached page.,KYC Scam
Your wallet KYC has expired. Update your identity information now to avoid restrictions.,KYC Scam
Your PAN verification failed. Re-submit your KYC details through this message.,KYC Scam
Urgent compliance notice: confirm your identity through the provided KYC portal.,KYC Scam
Account freeze warning: complete KYC through the link before midnight.,KYC Scam
Your customer profile needs re-verification. Use the page below to update KYC.,KYC Scam
"Sir account KYC incomplete hai, turant verify nahi kiya toh service band hogi.",KYC Scam
Your KYC deadline is approaching; click the verification page to continue.,KYC Scam
Your mobile banking access may be restricted because KYC is overdue.,KYC Scam
Re-verify your customer identity through the link in this message.,KYC Scam
Your KYC status could not be confirmed. Upload identity documents again.,KYC Scam
Complete your KYC renewal now to prevent temporary account suspension.,KYC Scam
Bank profile verification is pending. Confirm your identity through the supplied portal.,KYC Scam
Your account requires urgent KYC confirmation to remain active.,KYC Scam
Your PAN-linked KYC needs an immediate update through the attached page.,KYC Scam
Your customer verification has expired according to this alert. Re-submit the required documents.,KYC Scam
Use this KYC update page to keep your banking services active.,KYC Scam
Your KYC request was rejected. Upload your documents again using this link.,KYC Scam
Re-verification is mandatory today to prevent your wallet from being blocked.,KYC Scam
Your account will be restricted until the pending KYC process is completed.,KYC Scam
KYC update required urgently; do not delay the verification.,KYC Scam
Your bank profile needs identity confirmation. Complete the KYC request now.,KYC Scam
Your KYC renewal link expires in one hour. Verify your documents immediately.,KYC Scam
Urgent KYC notice: update your identity details through the supplied link.,KYC Scam
Your account verification is incomplete and must be finished today.,KYC Scam
KYC verification failed for your profile. Re-submit your documents immediately.,KYC Scam
Your account needs Aadhaar and PAN verification through this KYC link.,KYC Scam
Re-KYC required immediately for continued access to your account.,KYC Scam
Your wallet compliance check is incomplete. Update KYC now.,KYC Scam
Confirm your KYC details immediately to restore full account access.,KYC Scam
Your account had a suspicious login. Sign in through this page to secure it.,Phishing
Your password expires today. Log in through the included page to keep access.,Phishing
Unusual activity was detected. Verify your account through the attached sign-in page.,Phishing
Security alert: confirm your username and password within the next hour.,Phishing
Your session has expired. Sign in again using the verification page below.,Phishing
An unknown device accessed your profile. Confirm your credentials immediately.,Phishing
Verify your email account now to prevent temporary access restrictions.,Phishing
Your webmail account needs immediate confirmation after a recent login attempt.,Phishing
Your online account will be restricted unless you re-enter your login credentials.,Phishing
Confirm the recent login by signing in through the attached portal.,Phishing
We detected a new browser on your account. Verify your identity through this page.,Phishing
Your session could not be verified. Sign in again through the supplied link.,Phishing
Email storage warning: authenticate your account through the provided portal.,Phishing
Confirm your credentials now to prevent your account from being locked.,Phishing
Your security review requires a fresh login through this verification page.,Phishing
Your account requires credential verification after a suspicious login attempt.,Phishing
Sign in using the supplied portal to confirm the security notification.,Phishing
Your account will remain restricted until you authenticate through the provided page.,Phishing
Re-enter your username and password to complete the security verification.,Phishing
Your profile was accessed from a new device. Confirm the login through this page.,Phishing
Your email account needs re-authentication. Use the attached sign-in portal.,Phishing
Please validate your account by logging in through the link in this message.,Phishing
Your credentials must be confirmed to continue using the service.,Phishing
Your account has a pending security alert. Confirm credentials immediately.,Phishing
Sign in through the enclosed portal to review the detected login attempt.,Phishing
Your password was reported as compromised. Confirm your identity through this page.,Phishing
Authentication required now to keep your account active.,Phishing
Your profile needs urgent credential verification after a new-device login.,Phishing
Your account access requires confirmation through this page.,Phishing
Your email session needs verification following unusual activity.,Phishing
Your refund needs the six-digit code from your phone.,OTP Scam
Share the verification code immediately or the payment will fail.,OTP Scam
Support needs the OTP you received to verify your account.,OTP Scam
Tell me the latest code from your SMS to release the payment.,OTP Scam
Your one-time password is required to unblock this transaction.,OTP Scam
Give me the OTP now so I can confirm your identity.,OTP Scam
Please dictate the OTP you received for the pending transfer.,OTP Scam
Your payment is stuck; share the SMS code to finish it.,OTP Scam
OTP bata do warna transaction cancel ho jayega.,OTP Scam
Send the latest verification code to complete the security check.,OTP Scam
Share the one-time password with our support executive.,OTP Scam
The code in your latest SMS is required to process your refund.,OTP Scam
Send the six-digit OTP immediately to avoid account suspension.,OTP Scam
Tell me the code you received on your registered mobile number.,OTP Scam
Please forward the verification SMS so we can confirm the payment.,OTP Scam
Your OTP is needed to complete the account verification.,OTP Scam
Share the latest OTP and your pending payment will be completed.,OTP Scam
Your refund is waiting for OTP confirmation; send the code now.,OTP Scam
Provide the one-time password to cancel the failed transaction.,OTP Scam
Send me the code that just arrived so the bank request can be approved.,OTP Scam
Approve this UPI collect request to receive your payment.,UPI Scam
Scan the QR code and enter your PIN to get the cashback.,UPI Scam
Your refund is waiting; accept the UPI request shown on your phone.,UPI Scam
Payment pending. Approve the collect request immediately.,UPI Scam
Enter your UPI PIN after scanning this QR to receive money.,UPI Scam
Confirm the UPI request now so the transfer can be completed.,UPI Scam
Your cashback cannot be credited until you approve the collect request.,UPI Scam
Scan the QR and confirm with your PIN to claim the refund.,UPI Scam
Your incoming payment requires approval in the UPI app.,UPI Scam
Approve the collect request to unlock the pending transfer.,UPI Scam
"Sir UPI request accept karo, tabhi payment credit hoga.",UPI Scam
Your prize payment requires a UPI approval.,UPI Scam
Authorize this UPI collect request before it expires.,UPI Scam
Receive your refund by accepting the UPI request now.,UPI Scam
Scan this QR code to receive the money and enter your UPI PIN.,UPI Scam
Your merchant says the payment cannot be released until you accept the UPI request.,UPI Scam
Your payment gateway has sent a UPI request. Approve it now.,UPI Scam
Accept the UPI request to complete the refund transfer.,UPI Scam
Scan the QR and enter your PIN to claim the transfer.,UPI Scam
Your incoming money is waiting for UPI approval.,UPI Scam
Provide your beneficiary details to release the pending refund.,Refund Scam
Your cancelled order refund is on hold. Submit your banking information now.,Refund Scam
Bhai refund ke liye account details bhej do.,Refund Scam
Your refund cannot be credited until you reconfirm your payment details.,Refund Scam
Refund department needs your account number to release the amount.,Refund Scam
Submit your bank details immediately because the refund is waiting.,Refund Scam
Your refund was rejected due to incomplete beneficiary information.,Refund Scam
Confirm the destination account for your pending refund.,Refund Scam
"Sir refund stuck hai, bank details confirm kar do.",Refund Scam
Confirm your beneficiary details now to receive the refund.,Refund Scam
The refund team needs additional banking information before releasing the payment.,Refund Scam
Your refund will expire unless you update the requested account details.,Refund Scam
Your payment reversal needs bank details before it can be credited.,Refund Scam
Confirm your card or bank details to receive the pending refund.,Refund Scam
"Your refund request is approved, but financial details are missing.",Refund Scam
Enter your banking information to complete the refund transfer.,Refund Scam
Provide your bank information so the refund can be released today.,Refund Scam
"Your job is approved, but pay the joining fee before training starts.",Fake Job
"Earn ₹5,000 daily from home after paying a refundable registration amount.",Fake Job
No experience needed. Pay the onboarding fee to receive your first assignment.,Fake Job
"Bhai job confirm hai, bas registration fee jama karni hai.",Fake Job
Guaranteed remote income after you deposit the required activation amount.,Fake Job
Earn money by completing simple tasks after paying the initial wallet top-up.,Fake Job
Work-from-home vacancy with guaranteed earnings; submit the joining amount today.,Fake Job
"Congratulations, you have been selected. Purchase the starter package to begin work.",Fake Job
Online typing job available. Pay the refundable security amount to activate the role.,Fake Job
Part-time job approved. Transfer the registration amount before your first task.,Fake Job
No interview required. Pay the verification deposit and start earning today.,Fake Job
Earn daily by rating products after depositing the activation amount.,Fake Job
Immediate hiring for home-based work. Security deposit required before joining.,Fake Job
Your recruiter needs the onboarding fee before sending the task portal.,Fake Job
Selected for a high-paying online job. Pay the account activation charge now.,Fake Job
Your employee ID will be issued after the verification payment.,Fake Job
"Earn ₹3,000 per day by completing tasks after paying the starter amount.",Fake Job
Job confirmation is waiting for your registration fee.,Fake Job
Remote data-entry position approved. Pay the security amount before training.,Fake Job
Guaranteed job placement after a small processing payment.,Fake Job
"Congratulations, your number has won a cash prize in our promotional draw.",Lottery Scam
"Badhai ho, aap lucky draw winner hain. Claim your cash prize now.",Lottery Scam
Your mobile number was randomly selected for a special reward.,Lottery Scam
Your prize is reserved. Pay the small processing fee to release the winnings.,Lottery Scam
Congratulations! Your ticket has been selected for a large cash award.,Lottery Scam
A grand prize has been assigned to your winning entry.,Lottery Scam
Your lucky coupon was selected for a cash reward.,Lottery Scam
"Congratulations winner, your reward is waiting for claim processing.",Lottery Scam
You were selected from thousands of entries for a cash prize.,Lottery Scam
Your account has won a surprise promotional reward.,Lottery Scam
"Badhai, your number has been chosen for the annual lucky draw.",Lottery Scam
You have been selected for a prize. Pay the claim fee before release.,Lottery Scam
Your prize claim has been approved. Contact the claims desk to proceed.,Lottery Scam
You have won a festival cash benefit from our promotional campaign.,Lottery Scam
Your number has been selected as a grand-prize winner.,Lottery Scam
Congratulations! A cash reward has been reserved for your winning number.,Lottery Scam
Your lucky draw prize is ready. Complete the claim process now.,Lottery Scam
Your number was picked for a special customer reward.,Lottery Scam
"Badhai ho, your promotional ticket has won a cash prize.",Lottery Scam
