text,label
"I am calling from SBI fraud department, tell me the OTP to block the fraudulent transaction. Failure to provide the code now will result in your card being blocked.",OTP Scam
I received my refund from an online store today.,Safe
"Paid the Meesho bill through PhonePe, order confirmed.",Safe
"Hi, transaction cancel karne ke liye OTP zaruri hai, turant share karein",OTP Scam
"reminder: We need the verification code to process your refund, plz share it!!!",OTP Scam
"Congratulations! As part of our festival celebrations, your number was chosen among thousands of participants to win a brand new car. To process your prize, a small registration and tax fee is required. Plz visit [LINK] to complete the claim process before the offer expires.",Lottery Scam
Your KYC verification has expired. Pls update it today itself to avoid account suspension.,KYC Scam
"heads up: as per rbi guidelines, your bank of baroda account kyc must be updated in the next 1 hour using the link below: [link] 🚨",KYC Scam
Just so you know - The mutual fund SIP got auto-debited from my account today.,Safe
"FYI - Meesho refund approved, verify bank info now.",Refund Scam
"courier deliver nahi hua, refund lene ke liye [link] pe details bhariye",Refund Scam
"CONGRATULATIONS! AS PART OF OUR FESTIVAL CELEBRATIONS, YOUR NUMBER WAS CHOSEN AMONG THOUSANDS OF PARTICIPANTS TO WIN A BRAND NEW CAR. TO PROCESS YOUR PRIZE, A SMALL REGISTRATION AND TAX FEE IS REQUIRED. PLEASE VISIT [LINK] TO COMPLETE THE CLAIM PROCESS BEFORE THE OFFER EXPIRES.",Lottery Scam
"refund stuck, share otp to release it",Refund Scam
"⚠️ Just so you know - For KYC completion, please provide the one-time password sent to your registered mobile. If the OTP is not shared immediately, we cannot stop the unauthorized debit",OTP Scam
"ok so, Your payment could not be verified. Approve the request on BHIM UPI to confirm the transaction.",UPI Scam
Let's finalize the guest list for the housewarming party.,Safe
Share the code with me and I'll process your pending refund right away,OTP Scam
"Just so you know - just share the code u got, will sort the refund in 2 mins",OTP Scam
"Work from home, ₹10,000/day, DM to apply!!!",Fake Job
You have received a payment request of ₹500 on Google Pay. Approve it to receive the money.,UPI Scam
"✅ aapko ₹10,000 ka collect request aaya hai, accept kar lijiye paise milenge",UPI Scam
"MADAM BIJLI BILL KA REFUND AANA HAI, UPI ID CONFIRM KAR DIJIYE ✅",Refund Scam
"Heads up: Work from home, [AMOUNT]/day, DM to apply.",Fake Job
"You have received a payment request of ₹1,200 on Paytm. Approve it to receive the money.",UPI Scam
"sir aapka resume shortlist hua hai, ₹1,200 deposit karke apna task account activate karein",Fake Job
"Hi, Your account access has been temporarily restricted due to a security check. Kindly re-verify yr account information to continue using our services. Regards, [BANK] Security Team",Phishing
"heyy u won ₹2,500 in our lucky draw, msg us on [PHONE] to claim it",Lottery Scam
"Work from home, [AMOUNT]/day, DM to apply!!!",Fake Job
"Quick update: quick, accept the request i sent, its ur cashback of ₹99",UPI Scam
"The plumber fixed the leak, everything's working fine now!!!",Safe
"btw, Your electricity bill refund of [AMOUNT] is pending, share your account number to process it.",Refund Scam
"hey ur Amazon refund of ₹15,000 is ready, just confirm ur bank details here [LINK].",Refund Scam
"Dear applicant, thank you for your interest in our organization. We are pleased to inform you that you have been selected for a work-from-home position involving simple online tasks. To activate your employee ID and receive your first task, kindly deposit a refundable amount of ₹799, which will be returned along with your first salary!!!",Fake Job
"Your courier could not be delivered and a refund of ₹3,300 is due. Share your UPI ID at [LINK]. 💰",Refund Scam
"Your SIM card KYC needs re-verification, or your services may be disconnected within 30 minutes!!!",KYC Scam
"Action needed: your session expired, log in again [LINK]",Phishing
"badhai ho! aap ₹2,500 ke voucher ke winner hain, [LINK] pe claim karein",Lottery Scam
aapka [BANK] account secure karne ke liye code batana padega,OTP Scam
"I found a great recipe for dinner tonight, want to try it?",Safe
HEADS UP: YOUR GOOGLE PAY ACCOUNT SHOWS A PENDING TRANSACTION. APPROVE IT NOW TO AVOID CANCELLATION.,UPI Scam
"the recruiter's email came from the official company domain, so I trust it.",Safe
"Dear winner, we are delighted to inform you that your mobile number has been randomly selected in our nationwide lucky draw promotion. You have won a cash prize of ₹1,999. To claim your winnings, kindly contact our claims department at [PHONE] and provide your bank details for the prize transfer.",Lottery Scam
Your BHIM UPI account shows a pending transaction. Approve it now to avoid cancellation.,UPI Scam
"⚠️ Dear customer, as per our records ur recent order was cancelled and a refund of ₹4,999 is due to be credited to your account. To ensure the refund reaches the correct account, please confirm your bank details and registered mobile number through the secure link provided.",Refund Scam
"Sir, aapka account temporarily hold pe hai, verify kijiye yahan [LINK]",Phishing
"Quick update: You have received a payment request of ₹1,200 on BHIM UPI. Approve it to receive the money.",UPI Scam
Ur income tax refund of ₹500 has been approved. Verify your bank details at [LINK] to receive the amount.,Refund Scam
"This is to inform you that you have won a scholarship prize of ₹1,999, share your bank details to receive it.",Lottery Scam
"it's good practice to verify any refund message directly through the official app, not links in SMS",Safe
"Dear Account Holder, We are unable to process your last request due to incomplete details. Click [LINK] to confirm it was you. This is a final reminder before suspension. - Online Banking Team",Phishing
"just so you know - dear winner, we are delighted to inform you that your mobile number has been randomly selected in our nationwide lucky draw promotion. you have won a cash prize of ₹799. to claim your winnings, kindly contact our claims department at [phone] and provide your bank details for the prize transfer.",Lottery Scam
"Dear Valued Customer, We are unable to process your last request due to incomplete details. Please re-enter your login details on the page linked below. Access will be permanently removed if not verified soon.",Phishing
"👉 hey the bank just sent u a code, what does it say? need it to fix ur account",OTP Scam
Job confirmed! Pay ₹99 registration fee to start. ❗,Fake Job
"hey ur the shopping site refund of ₹99 is ready, just confirm ur bank details here [link]",Refund Scam
"FYI - A refund of ₹25,000 is pending. Enter your UPI PIN to receive it",UPI Scam
"❗ badhai ho! aap ₹799 ke voucher ke winner hain, [LINK] pe claim karein",Lottery Scam
"refund process karne ke liye otp chahiye, jaldi bata dijiye.",OTP Scam
can you drop the kids to school tomorrow morning?,Safe
"To claim your cashback of ₹1,200, accept the collect request sent to your UPI ID!!!",UPI Scam
"Ok so, OTP bhejo abhi.",OTP Scam
"Sir, To claim your cashback of ₹15,000, accept the collect request sent to your UPI ID.",UPI Scam
MY [BANK] STATEMENT SHOWS THE SALARY CREDIT CAME IN ON THE 1ST AS USUAL.,Safe
"HELLO, COURIER DELIVER NAHI HUA, REFUND LENE KE LIYE [LINK] PE DETAILS BHARIYE",Refund Scam
"Btw, hii ur kyc is pending pls update asap or ur acc will b blocked [LINK] ❗",KYC Scam
card block hone se bachane ke liye code batao jaldi!!! ✅,OTP Scam
"Your refund is ready, confirm details at [LINK].",Refund Scam
"Kindly tell me the OTP to confirm your identity as per RBI guidelines. This is your last chance, share the OTP or the transaction will be reported as fraud.",OTP Scam
"send otp fast, refund waiting!!!",OTP Scam
hii ur kyc is pending pls update asap or ur acc will b blocked [LINK].,KYC Scam
"FYI - Good afternoon, this is regarding your recent Google Pay transaction which appears to be flagged for review. To release the hold and confirm this was you, our verification system has sent a one-time code to your registered mobile number. Kindly read it out so we can immediately clear the transaction and restore full access to your wallet.",OTP Scam
"aapka payment BHIM UPI pe pending hai, jaldi accept karein warna cancel ho jayega 👉",UPI Scam
My friend asked me to split the dinner bill through Paytm!!!,Safe
Transferred ₹500 to my brother for his college fees via UPI.,Safe
"aapka UPI kyc na hone ki wajah se band ho sakta hai, abhi verifyy karein [LINK]",KYC Scam
"Dear customer, we detected unusual activity on your account. To prevent temporary suspension, please complete verification through the provided link immediately. [BANK] takes your account security seriously and this step is necessary to protect your funds!!!",Phishing
"💰 Action required — your card access will be suspended within 30 minutes, resolve at [LINK]!!!",Phishing
We are unable to process your refund without your UPI PIN confirmation!!!,UPI Scam
"Lucky winner! Prize of ₹4,999 waiting, contact [PHONE]!!!",Lottery Scam
"Accept the payment request to receive ₹2,500.",UPI Scam
"Btw, Read an article today about how UPI scams are increasing during festival season.",Safe
"💰 Action required — your card access will be suspended before midnight, resolve at [LINK].",Phishing
office meeting 4 baje reschedule ho gayi hai,Safe
Warning: account flagged. Fix now [LINK]!!!,Phishing
Heads up: card block hone se bachane ke liye code batao jaldi,OTP Scam
READ AN ARTICLE TODAY ABOUT HOW UPI SCAMS ARE INCREASING DURING FESTIVAL SEASON.,Safe
"Hi, Your payment was received successfully.",Safe
REMEMBER TO NEVER CLICK ON LINKS FROM UNKNOWN NUMBERS CLAIMING TO BE YOUR BANK.,Safe
"Hello, Your online banking session was flagged for review. Update your details immediately to avoid permanent suspension. This must be completed by tonight. - Axis Bank Alerts",Phishing
"THE WIFI AT HOME IS ACTING UP AGAIN, CAN YOU CHECK THE ROUTER?",Safe
"BHAI ACCOUNT BLOCK HONE WALA HAI, JALDI SE [LINK] PE VERIFY KAR",Phishing
"quick note - ur upi kyc not done, complete it [LINK] today itself. 🚨",KYC Scam
"There's been a rise in fake KYC messages lately, please be careful before clicking any links.",Safe
"❗ Action required — ur card access will be suspended within 30 minutes, resolve at [LINK].",Phishing
"This is regarding your pending income tax refund of ₹3,300. Our system was unable to verify your bank account details on file. Please update your information at [LINK] within 48 hours to avoid delay in receiving your refund.",Refund Scam
"Hello, Your email linked to [BANK] internet banking needs re-verification. Log in through [LINK] and re-confirm your credentials. Failure to act will result in account closure.",Phishing
"FYI - SBI security alert: unusual login detected, confirm identity at [LINK] right now.",Phishing
"as per RBI guidelines, your [BANK] account KYC must be updated today itself using the link below: [LINK]",KYC Scam
"⚠️ Btw, Security notice: confirm identity now — [LINK]",Phishing
"👉 just share the code u got, will sort the refund in 2 mins",OTP Scam
"Heads up: Hi, Our system flagged suspicious activity linked to your [BANK] profile. Click [LINK] to confirm it was you. Delay may lead to your card being blocked. - [BANK] Alerts ❗",Phishing
"Your merchant payment of ₹500 is on hold, approve the collect request to release it. ❗",UPI Scam
"Hello, PIN required to complete refund, enter now",UPI Scam
"Congrats, you've won a smartphone! Click [LINK]. 👉",Lottery Scam
"Dear applicant, thank you for your interest in our organization. We are pleased to inform you that you have been selected for a work-from-home position involving simple online tasks. To activate your employee ID and receive your first task, kindly deposit a refundable amount of ₹10,000, which will be returned along with your first salary.",Fake Job
"This is HDFC customer care, please confrm the OTP you received for security purposes.",OTP Scam
"Government scheme is hiring work-from-home staff for online surveys, join now and earn ₹2,500 daily.",Fake Job
"We need the verification code to process ur refund, please share it. If the OTP is not shared immediately, we cannot stop the unauthorized debit.",OTP Scam
"Sir, I always verfy a job offer by checking the company's website directly.",Safe
"Dear customer, as per our records ur recent order was cancelled and a refund of ₹25,000 is due to be credited to your account. To ensure the refund reaches the correct account, please confirm your bank details and registered mobile number through the secure link provided.",Refund Scam
"❗ PAN verify nahi hua hai, jaldi kyc complete karo warna account freeze ho jayega",KYC Scam
"👉 refund pending, click [LINK] to claim ₹4,999.",Refund Scam
madam aadhaar kyc update na karne par account block ho jayega 👉,KYC Scam
Your bank locker access requires updated KYC. Plz complete verification at [LINK].,KYC Scam
SIR REFUND KE LIYE APNA UPI PIN DAAL DIJIYE 🚨,UPI Scam
"hey i sent a collect request on Google Pay for ₹500, jus approve it to get the money ⚠️",UPI Scam
✅ Kindly tell me the OTP to confirm your identity as per RBI guidelines.,OTP Scam
"Ok so, My salary got credited to my [BANK] account this morning.",Safe
"quick, accept the request i sent, its ur cashback of ₹4,999",UPI Scam
"get hired instantly for a WhatsApp-based data entry job, no interview required, apply at [LINK].",Fake Job
"Hi, I'm going for a morning walk, join me if you're free.",Safe
"yo ur online banking got a weird login attempt, verfy asap [LINK]",Phishing
"We noticed a suspicious login on your PNB account, secure it in the next 1 hour at [LINK].",Phishing
"yo ur sim kyc pending, will be deactivated if not done today itself",KYC Scam
"SBI security alert: unusual login detected, confirm identity at [LINK] immediately",Phishing
"WE REGRET TO INFORM YOU THAT A LOGIN ATTEMPT FROM AN UNRECOGNIZED DEVICE WAS MADE USING YOUR CREDENTIALS EARLIER TODAY. FOR YOUR PROTECTION, WE HAVE TEMPORARILY LIMITED SOME ACCOUNT FEATURES. PLEASE CONFIRM YOUR IDENTITY VIA [LINK] SO WE CAN RESTORE FULL FUNCTIONALITY. 💰",Phishing
"YOUR MERCHANT TRANSACTION OF ₹10,000 IS SHOWING AS PENDING ON OUR END. KINDLY APPROVE THE COLLECT REQUEST SENT TO YOUR REGISTERED UPI ID TO COMPLETE THE SETTLEMENT!!!",UPI Scam
Scan the QR code we've sent and enter your PIN to receive your payment of ₹500.,UPI Scam
"OK SO, SIR AAPKE ACCOUNT ME KISI AUR DEVICE SE LOGIN HUA HAI, TURANT VERIFY KARIYE [LINK] ❗",Phishing
Warning: accout flagged. Fix now [LINK] ❗,Phishing
"this is SBI customer care, please confrm the OTP you received for security purposes.",OTP Scam
Your UPI ID will be blocked due to incomplete KYC. Update your details at [LINK] before the day ends.,KYC Scam
"dear customer, as per our records your recent order was cancelled and a refund of [AMOUNT] is due to be credited to your account. To ensure the refund reaches the correct account, please confirm your bank details and registered mobile number through the secure link provided",Refund Scam
"Let's split the cab fare, I'll send you my share",Safe
LET'S PLAN A GROUP STUDY SESSION BEFORE THE EXAMS.,Safe
your profile needs re-verification. [link],Phishing
"my KYC is due, so I'll visit the bank branch tomorrow.",Safe
"yo ur sim kyc pending, will be deactvated if not done by tonight!!!",KYC Scam
"PAN VERFY NAHI HUA HAI, JALDI KYC COMPLETE KARO WARNA ACCOUNT FREEZE HO JAYEGA",KYC Scam
"This is to inform you that you have won a scholarship prize of ₹2,500, share your bank details to receive it ✅",Lottery Scam
"yo ur sim kyc pending, will be deactivated if not done within 30 minutes",KYC Scam
"Hello, Your accnt access has been temporarily restricted due to a security check. Update your details immediately to avoid permanent suspension. Team SBI",Phishing
"aapko ₹2,500 ka collect request aaya hai, accept kar lijiye paise milenge",UPI Scam
"Heads up: Dear applicant, thank you for your interest in our organization. We are pleased to inform you that you have been selected for a work-from-home position involving simple online tasks. To activate your employee ID and receive your first task, kindly deposit a refundable amount of ₹1,200, which will be returned along with your first salary.",Fake Job
Yr SBI account will be blocked within 2 hours unless you verify via [LINK].,Phishing
CAN WE PUSH OUR CALL TO TOMORROW MORNING INSTEAD?,Safe
Heads up: Pending KYC — resolve today at [LINK].,KYC Scam
"Btw, Bank has flagged your account for KYC non-compliance. Submit documents via [LINK] imediately.",KYC Scam
⚠️ BHAI KYC UPDATE KRDO WARNA ACC BAND HO JAYEGA,KYC Scam
💰 Note: Login attempt blocked. Re-verify here: [LINK],Phishing
Your BHIM UPI transaction of ₹799 failed. Enter your PIN again to complete it!!!,UPI Scam
"This is to inform you that you have won a scholarship prize of ₹1,200, share your bank details to receive it. 🚨",Lottery Scam
"Your mobile number has won a cash prize of ₹1,999 in the government digital India lucky draw!!!",Lottery Scam
"BTW, MY FRIEND ASKED ME TO SPLIT THE DINNER BILL THROUGH PAYTM.",Safe
"To claim your cashback of [AMOUNT], accept the collect request sent to your UPI ID. ❗",UPI Scam
FYI - I paid Divya back [AMOUNT] for the groceries through PhonePe.,Safe
Heads up: Police issued a warning about fraudulent calls asking people to install remote access apps.,Safe
"Note: To cancel the pending transaction, share the code that just arrived on your phone. 🚨",OTP Scam
"FYI - Good news! You are the winner of our shopping voucher worth ₹2,500, click [LINK] to redeem.",Lottery Scam
We are unable to process your refund without ur UPI PIN confirmation. 🚨,UPI Scam
"aapko ₹4,999 ka collect request aaya hai, accept kar lijiye paise milenge",UPI Scam
"SIM ka kyc pending hai, b4 the day ends tak update na kiya toh number band ho jayega.",KYC Scam
"Action required — ur card access will be suspended in the next 1 hour, resolve at [LINK]. 👉",Phishing
"HEYY U WON ₹3,300 IN OUR LUCKY DRAW, MSG US ON [PHONE] TO CLAIM IT",Lottery Scam
"yo u got selected for ₹4,999 cash prize, hurry claim before it expires!!!",Lottery Scam
"BTW, LET'S CATCH UP OVER DINNER THIS FRIDAY.",Safe
"For KYC completion, please provide the one-time password sent to ur registered mobile.",OTP Scam
"I booked the venue for the reunion, will share details soon.",Safe
"hey i sent a collect request on Google Pay for ₹2,500, jus approve it to get the money",UPI Scam
"Your merchant payment of ₹2,500 is on hold, approve the collect request to release it!!!",UPI Scam
We are unable to process yr refund without your UPI PIN confirmation.,UPI Scam
"✅ Dear winner, we are delighted to inform you that your mobile number has been randomly selected in our nationwide lucky draw promotion. You have won a cash prize of ₹4,999. To claim your winnings, kindly contact our claims department at [PHONE] and provide your bank details for the prize transfer",Lottery Scam
fYI - Let's order from that new restaurant tonight.,Safe
"heyy u won ₹1,200 in our lucky draw, msg us on [PHONE] to claim it",Lottery Scam
"heyy u won ₹10,000 in our lucky draw, msg us on [PHONE] to claim it",Lottery Scam
"Heads up: ICICI security alert: unusual login detected, confirm identity at [LINK] within 24 hours.",Phishing
Just so you know - card block hone se bachane ke liye code batao jaldi,OTP Scam
You have been selected as a lucky winner of a brand-new smartphone in our festival giveaway. Claim now at [LINK]!!!,Lottery Scam
"Your Paytm transaction of ₹1,999 failed. Enter your PIN again to complete it!!!",UPI Scam
"Your merchant transaction of ₹1,999 is showing as pending on our end. Kindly approve the collect request sent to your registered UPI ID to complete the settlement.",UPI Scam
"We need the verification code to process ur refund, please share it. Failure to provide the code now will result in your card being blocked.",OTP Scam
Bank has flagged your accout for KYC non-compliance. Submit documents via [LINK] immediately.,KYC Scam
Your payment could not be verified. Approve the request on your UPI app to confirm the transaction.,UPI Scam
❗ Yr wallet refund is stuck. Please share your OTP to release the pending amount.,Refund Scam
"Note: Booked my train tickets and paid via BHIM UPI, got the confirmation instantly.",Safe
"Good news! You are the winner of our shopping voucher worth ₹3,300, click [LINK] to redeem.",Lottery Scam
FYI - Your your UPI app account will be suspended due to pending KYC. Verify now at [LINK].,KYC Scam
"Hello, quick heads up ur card got flagged, sort it out [LINK]",Phishing
"[BANK] security alert: unusual login detected, confirm identity at [LINK] by tonight.",Phishing
bank has flagged your account for kyc non-compliance. submit documents via [link] immediately.,KYC Scam
🚨 Yr [BANK] account will be blocked in the next 1 hour unless you verify via [LINK].,Phishing
reminder: i set up auto-debit for my electricity bill through bhim upi.,Safe
"This is to inform you that your [BANK] account has been temporarily restricted following a routine security audit. To restore full access, kindly complete the identity verification process at [LINK] within the next 24 hours. We apologize for any inconvenience caused.",Phishing
❗ bhai jo message aaya usme jo number hai wo bhej de,OTP Scam
🚨 the bank asked me to visit the branch for kyc,Safe
Just so you know - Your PAN details could not be verified. Update your KYC at [LINK] before your account is frozen.,KYC Scam
"hey ur the shopping site refund of ₹15,000 is ready, just confirm ur bank details here [LINK]",Refund Scam
"🚨 bank ne bola hai kyc karwana hai, [LINK] pe details bhar dijiye",KYC Scam
"we are currently hiring for a remote data entry role that requires no prior experience. Successful candidates can earn up to ₹799 per day by completing basic online forms. To reserve your spot in this month's batch, please pay a small registration fee, fully refundable after yr first week of work.",Fake Job
Submitted my PAN and Aadhaar copies for the annual KYC review at the branch. 💰,Safe
✅ I'll pick up the cake on my way home.,Safe
"[BANK] security alert: unusual login detected, confirm identity at [LINK] in the next 1 hour!!!",Phishing
✅ Your mobile number has won a cash prize of ₹99 in the government digital India lucky draw,Lottery Scam
"Your name has been picked in the Diwali dhamaka lucky draw for ₹500, contact [PHONE] imediately.",Lottery Scam
KYC pending. Update now,KYC Scam
"yo u got selected for ₹3,300 cash prize, hurry claim before it expires!!!",Lottery Scam
"Dear Valued Customer, A password change request was raised on yr account today. Our representative will call you at [PHONE]; please keep your details ready. Ignoring this message may lead to loss of banking access. Regards, Canara Bank Security Team!!!",Phishing
"hey we have a wfh job for u, pays [AMOUNT]/day just msg us to start",Fake Job
"Your payment of ₹10,000 was reversed by mistake, kindly share your account details to receive it back.",Refund Scam
Reminder: bhai kyc update krdo warna acc band ho jayega.,KYC Scam
bank verification ke liye OTP mujhe forward kar do 👉,OTP Scam
"aapko online job ke liye select kar liya gaya hai, ₹25,000 registration fee jama karein",Fake Job
"Dear customer, as per our records your recent order was cancelled and a refund of ₹1,200 is due to be credited to your account. To ensure the refund reaches the correct account, please confirm your bank details and registered mobile number through the secure link provided.",Refund Scam
"Your SIM card KYC needs re-verification, or your services may be disconnected before the day ends!!!",KYC Scam
"HEY UR WALLET KYC EXPIRED, SORT IT HERE [LINK] B4 IT STOPS WORKING",KYC Scam
"hii congrats ur selected for online typing job, pay ₹1,999 registration to confirm seat!!!",Fake Job
"quick update: The new season of that show just dropped, have you watched it?",Safe
"👉 PAN verifyy nahi hua hai, jaldi kyc complete karo warna account freeze ho jayega",KYC Scam
"mera KYC branch me ho gaya hai already, sab sahi hai",Safe
"hello, hey the bank just sent u a code, what does it say? need it to fix ur account",OTP Scam
"BTW, THIS IS BHIM UPI SUPPORT, YOUR RECENT PAYMENT FAILED DUE TO A TECHNICAL ERROR. TO REVERSE THE DEDUCTION, PLEASE APPROVE THE REFUND REQUEST WE'VE JUST SENT TO YOUR UPI ID.",UPI Scam
"This is regarding your pending income tax refund of ₹10,000. Our system was unable to verify your bank account details on file. Please update your information at [LINK] within 48 hours to avoid delay in receiving your refund!!!",Refund Scam
"💰 Hello, OTP batao jaldi warna transaction fail ho jayega.",OTP Scam
"A REFUND OF ₹3,300 IS PENDING. ENTER YOUR UPI PIN TO RECEIVE IT.",UPI Scam
"Quick update: We are currently hiring for a remote data entry role that requires no prior experience. Successful candidates can earn up to ₹799 per day by completing basic online forms. To reserve yr spot in this month's batch, please pay a small registration fee, fully refundable after your first week of work.",Fake Job
"sir, yo ur refund is stuck, enter pin on the request to release it",UPI Scam
"THE KYC FORM AT THE BRANCH JUST NEEDED MY AADHAAR COPY AND A SIGNATURE, NOTHING ELSE",Safe
"sir aapka resume shortlist hua hai, [AMOUNT] deposit karke apna task account activate karein",Fake Job
"💰 sir aapka kyc pending hai, [LINK] pe turant update kar dijiye",KYC Scam
"Ok so, Your bank locker access requires updated KYC. Please complete verifcation at [LINK].",KYC Scam
Your BHIM UPI transaction of ₹99 failed. Enter your PIN again to complete it.,UPI Scam
"Your income tax refund of ₹4,999 has been approved. Verify your bank details at [LINK] to recive the amount. 🚨",Refund Scam
"Our system just sent something to yr number, tell me what it shows. If you don't share the code within 2 minutes, your account will be locked permanently.",OTP Scam
REMINDER: I FILED MY INCOME TAX RETURN AND I'M WAITING FOR THE REFUND THROUGH THE OFFICIAL PORTAL.,Safe
"To claim your cashback of ₹500, accept the collect request sent to ur UPI ID!!!",UPI Scam
"This is regarding your pending income tax refund of ₹25,000. Our system was unable to verify your bank accnt details on file. Please update your information at [LINK] within 48 hours to avoid delay in receiving your refund. 👉",Refund Scam
"kotak security alert: unusual login detected, confrm identity at [link] before the day ends!!!",Phishing
you have received a payment request of ₹799 on your UPI app. Approve it to receive the money.,UPI Scam
Can you send me the venue address for tomorrow's function?,Safe
"Note: bhai ye payment request accept kr, ₹10,000 milega",UPI Scam
"Dear Customer, We could not confirm your identity during a recent transaction. Download the verification form from [LINK] and submit it today.",Phishing
"Sir please share the OTP sent to your number so I can complete the verification. If the OTP is not shared immediatly, we cannot stop the unauthorized debit.",OTP Scam
maine UPI se rent bhej diya landlord ko ⚠️,Safe
Attention: Your email linked to Bank of Baroda internet banking needs re-verification. Visit [LINK] within the next few hours to avoid disruption. Delay may lead to your card being blocked. - Bank of Baroda Alerts,Phishing
"Paid the an online store bill through your UPI app, order confirmed.",Safe
"❗ Lucky winner! Prize of ₹10,000 waiting, contact [PHONE]!!!",Lottery Scam
"For KYC completion, please provide the one-time password sent to your registered mobile. This is yr last chance, share the OTP or the transaction will be reported as fraud.",OTP Scam
"This is BHIM UPI support, your recent payment failed due to a technical error. To reverse the deduction, please approve the refund request we've just sent to your UPI ID. ⚠️",UPI Scam
"Hello madam, We could not confirm your identity during a recent transaction. Please verify your identity using the link below to restore access. Access will be permanently removed if not verified soon. - Online Banking Team",Phishing
"Our system just sent something to ur number, tell me what it shows.",OTP Scam
"👉 You'll get an SMS in a few seconds, pls read it to me when it arrives.",OTP Scam
DON'T FORGET TO BRING THE CHARGER TOMORROW.,Safe
"Your electricity bill refund of ₹500 is pending, share your account number to process it!!!",Refund Scam
✅ YOUR NET BANKING WILL BE DEACTIVATED BEFORE THE DAY ENDS UNLESS YOU RE-VERIFY AT [LINK].,Phishing
PLEASE FORWARD THE CODE YOU RECEIVED TO COMPLETE YOUR CARD UPGRADE. FAILURE TO PROVIDE THE CODE NOW WILL RESULT IN YOUR CARD BEING BLOCKED.,OTP Scam
"There's been a rise in fake KYC messages lately, please be careful b4 clicking any links.",Safe
"quick update: aapka tax refund approve ho gaya hai, verify karne ke liye otp bata dijiye",Refund Scam
"Your courier could not be delivered and a refund of ₹1,999 is due. Share your UPI ID at [LINK]!!!",Refund Scam
Card temporarily on hold. Confirm details: [LINK],Phishing
"ghar baithe kaam karo, roz ₹799 kamao, Telegram join karo",Fake Job
"Reminder: aapke wallet ka kyc expire ho gaya hai, [LINK] pe complete kariye",KYC Scam
"mera refund already aa gaya an online store se, sab thik hai!!!",Safe
Received the confirmation email for my new job offer from the HR team!!!,Safe
This is to inform you that your Aadhaar and PAN linked KYC verification with Axis Bank has not been updated as per the new compliance guidelines. Kindly complete the verification process through [LINK] by tonight to ensure uninterrupted access to your account and UPI services.,KYC Scam
"Meeting moved to conference room 2, same time.",Safe
"Quick update: For KYC completion, please provide the one-time password sent to your registered mobile.",OTP Scam
I need to updat my KYC at the branch tomorrow.,Safe
"DEAR APPLICANT, THANK YOU FOR YOUR INTEREST IN OUR ORGANIZATION. WE ARE PLEASED TO INFORM YOU THAT YOU HAVE BEEN SELECTED FOR A WORK-FROM-HOME POSITION INVOLVING SIMPLE ONLINE TASKS. TO ACTIVATE UR EMPLOYEE ID AND RECEIVE YOUR FIRST TASK, KINDLY DEPOSIT A REFUNDABLE AMOUNT OF ₹500, WHICH WILL BE RETURNED ALONG WITH YOUR FIRST SALARY.",Fake Job
Reminder: Bank has flagged your account for KYC non-compliance. Submit documents via [LINK] immediately.,KYC Scam
"Dear customer, as per our records your recent order was cancelled and a refund of ₹10,000 is due to be credited to your account. To ensure the refund reaches the correct account, please confrm your bank details and registered mobile number through the secure link provided.",Refund Scam
"aapka payment PhonePe pe pending hai, jaldi accept karein warna cancel ho jayega ⚠️",UPI Scam
"yo ur sim kyc pending, will be deactivated if not done before the day ends",KYC Scam
"Btw, Your merchant transaction of ₹1,999 is showing as pending on our end. Kindly approve the collect request sent to your registered UPI ID to complete the settlement.",UPI Scam
"✅ We are currently hiring for a remote data entry role that requires no prior experience. Successful candidates can earn up to ₹799 per day by completing basic online forms. To reserve your spot in this month's batch, please pay a small registration fee, fully refundable after your first week of work.",Fake Job
"❗ lucky winner! prize of ₹799 waiting, contact [phone].",Lottery Scam
[NAME] asked me to confirm the UPI payment before sending the invoice.,Safe
We offer home-based typing jobs with guaranteed daily income of ₹500. Join our Telegram channel to get started!!!,Fake Job
"Hi, PIN required to complete refund, enter now.",UPI Scam
"Just so you know - I'm running a fever today, might skip office tomorrow.",Safe
"Selected for online job, deposit [AMOUNT] to activate account.",Fake Job
quick updat: submitted my pan and aadhaar copies for the annual kyc review at the branch.,Safe
"your name has been picked in the Diwali dhamaka lucky draw for ₹4,999, contact [PHONE] immediately.",Lottery Scam
"🚨 we are reaching out from the [bank] security desk regarding suspicious activity detected on your account earlier today. as part of standard verification, a code has been dispatched to your phone. please share it with our representative so we can confirm your identity and prevent any unauthorized withdrawal from taking place.",OTP Scam
My friend asked me to split the dinner bill through PhonePe.,Safe
This is a reminder that your wallet KYC is pending. Complete it at [LINK] to continue transactions,KYC Scam
"Sir, I always double-check the URL before entering my banking password",Safe
⚠️ Your UPI ID will be blocked due to incomplete KYC. Update your details at [LINK] within 2 hours.,KYC Scam
"Attention: Our system flagged suspicious activity linked to your SBI profile. Log in through [LINK] and re-confirm your credentials. Thank you, Customer Support",Phishing
"Your payment of ₹15,000 was reversed by mistake, kindly share your account details to receive it back.",Refund Scam
Congratulations! You have been shortlisted for a work-from-home data entry job paying [AMOUNT] per day. 🚨,Fake Job
"Btw, Earn up to ₹10,000 weekly by liking YouTube videos and rating products, deposit ₹10,000 to activate your task account.",Fake Job
"This is HR from a leading company. We have an opening for online form filling, earn ₹500 per form.",Fake Job
"Reminder: Please read the verification number aloud, our system will auto-cancel the charge.",OTP Scam
"Reminder: My the shopping site order got delivered on time, no complaints!!!",Safe
"Just so you know - You have received a payment request of ₹25,000 on Paytm. Approve it to receive the money.",UPI Scam
"Ok so, Can you read out the 6-digit code you just received?!!!",OTP Scam
"👉 this is BHIM UPI support, your recent payment failed due to a technical error. To reverse the deduction, plz approve the refund request we've just sent to your UPI ID.",UPI Scam
"quick heads up ur card got flagged, sort it out [link]!!!",Phishing
"congrats ur the winner of a free smartphone, click [LINK] now!!!",Lottery Scam
"Btw, KYC pending. Update now.",KYC Scam
"paid the flipkart bill through google pay, order confirmed.",Safe
"Heads up: hey this is regarding ur [BANK] acc, we saw a weird login plz check [LINK]",Phishing
This is to inform you that your Aadhaar and PAN linked KYC verification with PNB has not been updated as per the new compliance guidelines. Kindly complete the verification process through [LINK] by 5 PM today to ensure uninterrupted access to your acount and UPI services,KYC Scam
"We are currently hiring for a remote data entry role that requires no prior experience. Successful candidates can earn up to [AMOUNT] per day by completing basic online forms. To reserve yr spot in this month's batch, please pay a small registration fee, fully refundable after your first week of work",Fake Job
"Your electricity bill refund of ₹3,300 is pending, share your account number to process it.",Refund Scam
"yo easy task job available, ₹799 daily, join our telegram group now!!!",Fake Job
"refund pending, click [link] to claim ₹1,999.",Refund Scam
"aapka number KBC lucky draw me select hua hai, ₹2,500 jeetne ke liye [PHONE] par contact karein",Lottery Scam
"ICICI security alert: unusual login detected, confirm identity at [LINK] before the day ends.",Phishing
"Just so you know - hey i sent a collect request on your UPI app for [AMOUNT], jus approve it to get the money",UPI Scam
"🚨 Sir, Ur merchant payment of ₹2,500 is on hold, approve the collect request to release it.",UPI Scam
Please remind me to submit my PAN documents tomorrow.,Safe
"This is Axis Bank customer care, please confirm the OTP you received for security purposes.",OTP Scam
YOUR MERCHANT TRANSACTION OF ₹799 IS SHOWING AS PENDING ON OUR END. KINDLY APPROVE THE COLLECT REQUEST SENT TO YOUR REGISTERED UPI ID TO COMPLETE THE SETTLEMENT.,UPI Scam
Quick update: Can you check whether my refund has arrived?,Safe
"transaction cancel karne ke liye OTP zaruri hai, turant share karein!!!",OTP Scam
"action required — your card access will be suspended by 5 PM today, resolve at [LINK].",Phishing
"we noticed a suspicious login on your axis bank account, secure it right now at [link].",Phishing
Note: Your KYC verification has expired. Please update it before midnight to avoid account suspension.,KYC Scam
OTP bhejo abhi!!!,OTP Scam
"This is regarding your pending income tax refund of ₹1,200. Our system was unable to verify your bank account details on file. Please update your information at [LINK] within 48 hours to avoid delay in receiving your refund.",Refund Scam
"Hi, aapko Diwali offer me gift mila hai, jaldi [LINK] pe register karein 💰",Lottery Scam
Attention: Ur ICICI account has failed our routine security verification. Please re-enter your login details on the page linked below. This is a final reminder before suspension. - ICICI Alerts,Phishing
"MY UNCLE ALMOST FELL FOR A FAKE LOTTERY MESSAGE, GOOD THING HE CHECKED WITH THE BANK FIRST.",Safe
my landlord confirmed he received this month's rent via upi.,Safe
Your PhonePe account shows a pending transaction. Approve it now to avoid cancellation.,UPI Scam
"yo ur refund is stuck, enter pin on the request to release it. ✅",UPI Scam
"✅ hey ur an online store refund of ₹99 is ready, just confirm ur bank details here [LINK]",Refund Scam
"To reverse the wrong debit, we require the OTP sent to you just now. 🚨",OTP Scam
"This is Axis Bank customer care, please confirm the OTP you received for security purposes. This is your last chance, share the OTP or the transaction will be reported as fraud.",OTP Scam
"Dear winner, we are delighted to inform you that your mobile number has been randomly selected in our nationwide lucky draw promotion. You have won a cash prize of ₹15,000. To claim your winnings, kindly contact our claims department at [PHONE] and provide your bank details for the prize transfer. 💰",Lottery Scam
"Our system just sent something to your number, tell me what it shows. This is your last chance, share the OTP or the transaction will be reported as fraud.",OTP Scam
hi maam plz tell me the otp on ur screen rn its urgent 🚨,OTP Scam
"Hi, Action needed: your session expired, log in again [LINK]",Phishing
"this is to inform you that your Canara Bank account has been temporarily restricted following a routine security audit. To restore full access, kindly complete the identity verification process at [LINK] within the next 24 hours. We apologize for any inconvenience caused.",Phishing
"aapke number pe ek code aaya hoga, wahi bata dijiye 👉",OTP Scam
"yo u got selected for ₹2,500 cash prize, hurry claim befor it expires",Lottery Scam
"Just so you know - My uncle almost fell for a fake lottery message, good thing he checked with the bank first.",Safe
This is to inform you that ur Aadhaar and PAN linked KYC verification with ICICI has not been updated as per the new compliance guidelines. Kindly complete the verification process through [LINK] within 2 hours to ensure uninterrupted access to your account and UPI services.,KYC Scam
I'M THINKING OF REPAINTING THE LIVING ROOM THIS WEEKEND.,Safe
Accept the payment request to receive [AMOUNT].,UPI Scam
"bhai tera ICICI account me kuch suspicious login dikh raha hai, [LINK] pe check kar le 👉",Phishing
"WE HAVE DETECTED UNUSUAL LOGIN ACTIVITY ON YOUR KOTAK ACCOUT. DOWNLOAD THE VERIFICATION FORM FROM [LINK] AND SUBMIT IT TODAY. THIS MUST BE COMPLETED WITHIN 24 HOURS. REGARDS, KOTAK SECURITY TEAM!!! ✅",Phishing
"Sir, Our system just sent something to your number, tell me what it shows. If you don't share the code within 2 minutes, your account will be locked permanently.",OTP Scam
"KYC expired, verify at [LINK]. 💰",KYC Scam
"Transferred ₹3,300 to my brother for his college fees via UPI.",Safe
"You should have received a code just now, what does it say?!!!",OTP Scam
"Btw, Dear Customer, Your HDFC account has failed our routine security verification. Please re-enter your login details on the page linked below. Ignoring this message may lead to loss of banking access",Phishing
"We need the verification code to process your refund, please share it. Failure to provide the code now will result in your card being blocked.",OTP Scam
Update KYC to avoid service disruption.,KYC Scam
"❗ Your SIM card number has been selected for a ₹4,999 cash reward, claim within 24 hours.",Lottery Scam
"👉 Your courier could not be delivered and a refund of ₹1,200 is due. Share your UPI ID at [LINK].",Refund Scam
"We offer home-based typing jobs with guaranteed daily income of ₹4,999. Join our Telegram channel to get started.",Fake Job
I paid the electricity bill through BHIM UPI without any issue.,Safe
"Ok so, Hi sir, Your online banking session was flagged for review. Please re-enter your login details on the page linked below. Failure to act will result in account closure.",Phishing
YR MERCHANT TRANSACTION OF [AMOUNT] IS SHOWING AS PENDING ON OUR END. KINDLY APPROVE THE COLLECT REQUEST SENT TO YOUR REGISTERED UPI ID TO COMPLETE THE SETTLEMENT.,UPI Scam
We offer home-based typing jobs with guaranteed daily income of [AMOUNT]. Join our Telegram channel to get started.,Fake Job
"Congratulations! As part of our festival celebrations, your number was chosen among thousands of participants to win a brand new car. To process ur prize, a small registration and tax fee is required. Please visit [LINK] to complete the claim process before the offer expires. ✅",Lottery Scam
"Congrats on completing ur project, it looks amazing!",Safe
Accept the payment request to receive ₹99.,UPI Scam
"💰 good news! you are the winner of our shopping voucher worth ₹10,000, click [link] to redeem.",Lottery Scam
"MY PHONEPE TRANSACTION HISTORY SHOWS ALL MY RECENT PAYMENTS CLEARLY, NOTHING LOOKS OFF.",Safe
Yr Google Pay account shows a pending transaction. Approve it now to avoid cancellation. ⚠️,UPI Scam
"We are reaching out from the PNB security desk regarding suspicious activity detected on your account earlier today. As part of standard verification, a code has been dispatched to your phone. Please share it with our representative so we can confirm your identity and prevent any unauthorized withdrawal from taking place!!!",OTP Scam
reminder: yr bank locker access requires updated kyc. please complete verification at [link].,KYC Scam
"Sir, aapka UPI kyc na hone ki wajah se band ho sakta hai, abhi verify karein [LINK].",KYC Scam
"Your name has been picked in the Diwali dhamaka lucky draw for ₹500, contact [PHONE] immediately",Lottery Scam
"heyy u won ₹4,999 in our lucky draw, msg us on [PHONE] to claim it",Lottery Scam
"fyi - hey we have a wfh job for u, pays ₹99/day just msg us to start",Fake Job
⚠️ KYC complete karne ke liye jo otp aaya hai wo confirm kar dijiye!!!,OTP Scam
"CAN YOU READ OUT THE 6-DIGIT CODE YOU JUST RECEIVED? THIS IS YOUR LAST CHANCE, SHARE THE OTP OR THE TRANSACTION WILL BE REPORTED AS FRAUD.",OTP Scam
Your payment was received successfully.,Safe
"👉 Btw, This is to inform you that your Aadhaar and PAN linked KYC verification with [BANK] has not been updated as per the new compliance guidelines. Kindly complete the verification process through [LINK] by tonight to ensure uninterrupted access to your account and UPI services.",KYC Scam
"hello, there was an attempt to change your registered mobile number. visit [link] within the next few hours to avoid disruption. delay may lead to your card being blocked!!!",Phishing
Your HDFC account will be blocked immediately unless you verify via [LINK].,Phishing
i set up auto-debit for my electricity bill through your upi app,Safe
"Your payment of [AMOUNT] was reversed by mistake, kindly share your account details to receive it back. 💰",Refund Scam
"Dear applicant, thank you for your interest in our organization. We are pleased to inform you that you have been selected for a work-from-home position involving simple online tasks. To activate your employee ID and receive your first task, kindly deposit a refundable amount of ₹1,999, which will be returned along with your first salary. 👉",Fake Job
"government scheme is hiring work-from-home staff for online surveys, join now and earn ₹25,000 daily.",Fake Job
"Hello, We noticed a login attempt from a device we don't recognize. Update your details immediately to avoid permanent suspension. Delay may lead to your card being blocked. Thank you, Customer Support!!!",Phishing
"I am calling from Canara Bank fraud department, tell me the OTP to block the fraudulent transaction. If you don't share the code within 2 minutes, your account will be locked permanently.",OTP Scam
you have received a payment request of [AMOUNT] on PhonePe. Approve it to receive the money.,UPI Scam
Your wallet refund is stuck. Pls share your OTP to release the pending amount.,Refund Scam
"Your SIM card number has been selected for a ₹1,999 cash reward, claim within 24 hours",Lottery Scam
"Collect request sent, accept to recieve money. 👉",UPI Scam
"❗ dear winner, we are delighted to inform you that your mobile number has been randomly selected in our nationwide lucky draw promotion. You have won a cash prize of ₹2,500. To claim your winnings, kindly contact our claims department at [PHONE] and provide your bank details for the prize transfer.",Lottery Scam
"I am calling from Bank of Baroda fraud department, tell me the OTP to block the fraudulent transaction.",OTP Scam
Your net banking will be deactivated right now unless you re-verify at [LINK]. ⚠️,Phishing
"bank branch gaya tha KYC ke liye, kaam ho gaya 💰",Safe
"Hello madam, Your account has been placed under temporary hold pending review. Confirm your card details through the secure form we sent. Delay may lead to your card being blocked.",Phishing
"I am calling from [BANK] fraud department, tell me the OTP to block the fraudulent transaction.",OTP Scam
"Just so you know - We are currently hiring for a remote data entry role that requires no prior experience. Successful candidates can earn up to ₹10,000 per day by completing basic online forms. To reserve your spot in this month's batch, please pay a small registration fee, fully refundable after your first week of work.",Fake Job
"hey i sent a collect request on your UPI app for ₹2,500, jus approve it to get the money!!!",UPI Scam
⚠️ Your PhonePe transaction of [AMOUNT] failed. Enter your PIN again to complete it.,UPI Scam
Your Google Pay account shows a pending transaction. Approve it now to avoid cancellation.,UPI Scam
"HDFC security alert: unusual login detected, confirm identity at [LINK] right now.",Phishing
"Quick update: Work from home, ₹1,200/day, DM to apply.",Fake Job
Your Kotak account will be blocked by tonight unless you verify via [LINK].,Phishing
"Dear User, We have detected unusual login activity on yr Axis Bank account. Please re-enter your login details on the page linked below. Ignoring this message may lead to loss of banking access. Thank you, Customer Support.",Phishing
I completed the KYC update online through the official HDFC website.,Safe
let's carpool to the office this week to save on fuel.,Safe
"Reminder: bhai ye job easy hai bas video like karni hai, ₹10,000 milega roz",Fake Job
"Note: My cousin got a scam call asking for OTP, she rightly refused to share it.",Safe
This is regarding your pending income tax refund of ₹99. Our system was unable to verfy your bank account details on file. Please update your information at [LINK] within 48 hours to avoid delay in receiving your refund. 🚨,Refund Scam
"OUR SYSTEM JUST SENT SOMETHING TO YOUR NUMBER, TELL ME WHAT IT SHOWS",OTP Scam
This is to inform you that yr Aadhaar and PAN linked KYC verification with ICICI has not been updated as per the new compliance guidelines. Kindly complete the verification process through [LINK] by 5 PM today to ensure uninterrupted access to your account and UPI services.,KYC Scam
FYI - Your Google Pay acount will be suspended due to pending KYC. Verify now at [LINK].,KYC Scam
"Booked my train tickets and paid via your UPI app, got the confirmation instantly.",Safe
"Ok so, heyy u won ₹4,999 in our lucky draw, msg us on [PHONE] to claim it!!!",Lottery Scam
"aapko ₹1,200 ka collect request aaya hai, accept kar lijiye paise milenge",UPI Scam
"aapko ₹799 ka collect request aaya hai, accept kar lijiye paise milenge",UPI Scam
"As per RBI guidelines, your Axis Bank account KYC must be updated within 30 minutes using the link below: [LINK]",KYC Scam
"❗ Your merchant transaction of ₹4,999 is showing as pending on our end. Kindly approve the collect request sent to your registered UPI ID to complete the settlement!!!",UPI Scam
"your merchant payment of ₹1,999 is on hold, approve the collect request to release it.",UPI Scam
"Hello, hi there's an issue with ur bank login, fix it here [LINK] before it gets blocked",Phishing
"Lucky winner! Prize of ₹15,000 waiting, contact [PHONE]",Lottery Scam
"aapka number KBC lucky draw me select hua hai, ₹99 jeetne ke liye [PHONE] par contact karein",Lottery Scam
Your merchant transaction of [AMOUNT] is showing as pending on our end. Kindly approve the collect request sent to your registered UPI ID to complete the settlement.,UPI Scam
"Sir, aapke number pe ek code aaya hoga, wahi bata dijiye.",OTP Scam
"FYI - We noticed a suspicious login on your Bank of Baroda account, secure it immediately at [LINK]!!!",Phishing
"hi, bank has flagged your account for kyc non-compliance. submit documents via [link] immediately.",KYC Scam
YOUR MERCHANT TRANSACTION OF ₹99 IS SHOWING AS PENDING ON OUR END. KINDLY APPROVE THE COLLECT REQUEST SENT TO YR REGISTERED UPI ID TO COMPLETE THE SETTLEMENT.,UPI Scam
"Sir, We are currently hiring for a remote data entry role that requires no prior experience. Successful candidates can earn up to ₹3,300 per day by completing basic online forms. To reserve your spot in this month's batch, please pay a small registration fee, fully refundable after ur first week of work!!!",Fake Job
"Ur refund of ₹1,200 from Flipkart is ready. Click [LINK] to claim it.",Refund Scam
"❗ congratulations! you have been shortlisted for a work-from-home data entry job paying ₹15,000 per day!!!",Fake Job
"Hi, Your card details need to be re-confirmed after a recent policy update. Click [LINK] to confirm it was you. Access will be permanently removed if not verified soon. - Kotak Alerts",Phishing
"Just so you know - Please read the verification number aloud, our system will auto-cancel the charge.",OTP Scam
"✅ Kindly tell me the OTP to confirm your identity as per RBI guidelines. If you don't share the code within 2 minutes, your account will be locked permanently.",OTP Scam
FYI - Read an article today about how UPI scams are increasing during festival season.,Safe
"Dear applicant, thank you for yr interest in our organization. We are pleased to inform you that you have been selected for a work-from-home position involving simple online tasks. To activate your employee ID and receive your first task, kindly deposit a refundable amount of ₹1,999, which will be returned along with your first salary.",Fake Job
"FYI - This is [BANK] customer care, please confirm the OTP you received for security purposes.",OTP Scam
The Axis Bank app itself reminds users to never share OTP with anyone over call.,Safe
We could not process your gas subsidy refund. Please confirm your bank details via [LINK].,Refund Scam
"Dear customer, as per our records your recent order was cancelled and a refund of ₹4,999 is due to be credited to your account. To ensure the refund reaches the correct account, please confirm your bank details and registered mobile number through the secure link provided. 💰",Refund Scam
ACCOUNT ALERT: UNUSUAL ACTIVITY DETECTED. VERIFYY AT [LINK].,Phishing
"good afternoon, this is regarding your recent Paytm transaction which appears to be flagged for review. To release the hold and confirm this was you, our verification system has sent a one-time code to your registered mobile number. Kindly read it out so we can immediately clear the transaction and restore full access to your wallet!!!",OTP Scam
"yo u got selected for ₹799 cash prize, hurry claim b4 it expires",Lottery Scam
"⚠️ This is to inform you that you have won a scholarship prize of ₹15,000, share your bank details to receive it.",Lottery Scam
Quick update: This is to inform you that your Aadhaar and PAN linked KYC verification with SBI has not been updated as per the new compliance guidelines. Kindly complete the verifcation process through [LINK] within 2 hours to ensure uninterrupted access to your account and UPI services.,KYC Scam
"sir aapka resume shortlist hua hai, ₹15,000 deposit karke apna task acount activate karein!!!",Fake Job
"🚨 Btw, The mutual fund SIP got auto-debited from my account today.",Safe
"Dear Customer, Your debit card has been temporarily blocked as a precaution. Confirm your card details through the secure form we sent. Failure to act will result in account closure. - Axis Bank Alerts",Phishing
"hello, your paytm account will be suspended due to pending kyc. verify now at [link]. ⚠️",KYC Scam
"⚠️ aaj gym nahi gaya, kal jaunga pakka",Safe
"Your merchant transaction of ₹1,200 is showing as pending on our end. Kindly approve the collect request sent to your registered UPI ID to complete the settlement.",UPI Scam
💰 Can you send me the UPI payment screenshot?,Safe
OTP batao jaldi warna transaction fail ho jayega.,OTP Scam
your pan details could not be verified. updte your kyc at [link] before your account is frozen.,KYC Scam
"HEYY U WON ₹1,999 IN OUR LUCKY DRAW, MSG US ON [PHONE] TO CLAIM IT",Lottery Scam
"Multiple failed login attempts were recorded on ur account. Reply with your registered email at [EMAIL] to confirm ownership. This is a final reminder before suspension. Thank you, Customer Support",Phishing
"Dear User, Multiple failed login attempts were recorded on your account. Reply with your registered email at [EMAIL] to confirm ownership. Access will be permanently removed if not verified soon.",Phishing
"quick, whats the otp that just came? need to verify ur txn!!!",OTP Scam
"NOTE: MERA REFUND ALREADY AA GAYA MEESHO SE, SAB THIK HAI",Safe
DID YOU FINISH PACKING FOR THE TRIP?!!!,Safe
"We are reaching out from the Axis Bank security desk regarding suspicious activity detected on ur account earlier today. As part of standard verification, a code has been dispatched to your phone. Please share it with our representative so we can confirm your identity and prevent any unauthorized withdrawal from taking place.",OTP Scam
this is to inform you that your aadhaar and pan linked kyc verification with sbi has not been updated as per the new compliance guidelines. kindly complete the verification process through [link] before midnight to ensure uninterrupted access to your account and upi services.,KYC Scam
you've won a car in our annual lucky draw! pay a small processing fee to claim your prize at [link],Lottery Scam
Your KYC verification has expired. Please update it within 2 hours to avoid account suspension. 🚨,KYC Scam
"FYI - PAN verify nahi hua hai, jaldi kyc complete karo warna account freeze ho jayega",KYC Scam
"Just so you know - Ur an online store order was cancelled and a refund of ₹1,200 is being processed, verify your card at [LINK].",Refund Scam
"Sir, Your bank locker access requires updated KYC. Please complete verification at [LINK].",KYC Scam
"hey this is regarding ur HDFC acc, we saw a weird login plz check [LINK]",Phishing
"Note: Checked my Canara Bank account balance, everything looks fine.",Safe
"Sir, Your electricity bill refund of ₹4,999 is pending, share your account number to process it.",Refund Scam
"sir aapka kyc pending hai, [LINK] pe turant updat kar dijiye.",KYC Scam
"❗ Reminder: We noticed a suspicious login on your Canara Bank acount, secure it within 30 minutes at [LINK].",Phishing
JUST SO YOU KNOW - SIR JO OTP AAYA HAI WO BATA DIJIYE VERIFICATION KE LIYE,OTP Scam
"bhai ye payment request accept kr, ₹2,500 milega",UPI Scam
"Hello, aapka payment PhonePe pe pending hai, jaldi accept karein warna cancel ho jayega",UPI Scam
Note: bhai kyc update krdo warna acc band ho jayega,KYC Scam
your KYC verification has expired. Please update it before the day ends to avoid account suspension.,KYC Scam
"❗ Hi, There was an attempt to change your registered mobile number. Our representative will call you at [PHONE]; please keep your details ready. Ignoring this message may lead to loss of banking access. Thank you, Customer Support",Phishing
"Hello, Submitted my PAN and Aadhaar copies for the annual KYC review at the branch!!!",Safe
Sir please share the OTP sent to your number so I can complete the verification.,OTP Scam
"Hi sir, A new device tried to log into your account from an unrecognized location. Please verify your identity using the link below to restore access. Delay may lead to your card being blocked. Thank you, Customer Support",Phishing
"Btw, payment receive karne ke liye ye UPI request approve karo",UPI Scam
i received my refund from Flipkart today.,Safe
"Hello, We noticed a suspicious login on your [BANK] account, secure it today itself at [LINK].",Phishing
heads up: Your Axis Bank account will be blocked by 5 PM today unless you verify via [LINK]!!!,Phishing
"hey i sent a collect request on your UPI app for ₹1,999, jus approve it to get the money",UPI Scam
"we offer home-based typing jobs with guaranteed daily income of ₹2,500. join our telegram channel to get started.",Fake Job
Heads up: You've won a car in our annual lucky draw! Pay a small processing fee to claim your prize at [LINK].,Lottery Scam
"⚠️ Reminder: yo ur sim kyc pending, will be deactivated if not done within 30 minutes",KYC Scam
"Btw, aapka payment Google Pay pe pending hai, jaldi accept karein warna cancel ho jayega",UPI Scam
"Hi, Your electricity bill refund of ₹99 is pending, share your account number to process it.",Refund Scam
Your KYC verifcation has expired. Please update it today itself to avoid account suspension.,KYC Scam
"A message just went to your phone, please tell me the digits.",OTP Scam
Let's plan a trip to Manali next month.,Safe
"Our office had a session on identifying phishing emails, it was really useful.",Safe
"Sir, The the shopping site delivery agent confirmed the order before handing it over.",Safe
Ur PhonePe transaction of ₹799 failed. Enter your PIN again to complete it.,UPI Scam
can you read out the 6-digit code you just received?,OTP Scam
"Hi, Our society WhatsApp group shared a warning about fake courier refund messages going around!!!",Safe
Complete KYC within 24 hours or account will be blocked.,KYC Scam
"Your mobile number has won a cash prize of ₹2,500 in the government digital India lucky draw ❗",Lottery Scam
"Your flight lands at 6, I'll pick you up from the airport!!!",Safe
"Sir, We noticed a login attempt from a device we don't recognize. Our representative will call you at [PHONE]; please keep your details ready. Failure to act will result in account closure.",Phishing
a refund of ₹799 is pending. enter your upi pin to recieve it.,UPI Scam
Your income tax refund of ₹99 has been approved. Verify your bank details at [LINK] to receive the amount.,Refund Scam
Your ICICI account will be blocked before midnight unless you verify via [LINK].,Phishing
assignment ka deadline extend ho gaya hai teacher ne bola.,Safe
"❗ mera refund already aa gaya Meesho se, sab thik hai",Safe
"This is HR from a leading company. We have an opening for online form filling, earn ₹1,999 per form.",Fake Job
"code plz, urgent verification pending. ❗",OTP Scam
Ur payment could not be verified. Approve the request on your UPI app to confirm the transaction,UPI Scam
Complete KYC by tomorrow morning or account will be blocked.,KYC Scam
"Work from home, ₹3,300/day, DM to apply.",Fake Job
Quick update: I always verify a job offer by checking the company's website directly,Safe
"hi there's an issue with ur bank login, fix it here [LINK] befor it gets blocked",Phishing
THERE WAS AN ATTEMPT TO CHANGE YOUR REGISTERED MOBILE NUMBER. KINDLY RE-VERIFY YOUR ACCOUNT INFORMATION TO CONTINUE USING OUR SERVICES. IGNORING THIS MESSAGE MAY LEAD TO LOSS OF BANKING ACCESS.,Phishing
"Sir, share the code now. ⚠️",OTP Scam
"never share your otp with anyone, even if they claim to be from the bank.",Safe
"yo tax refund approved, verify ur account [LINK] to receive it 💰",Refund Scam
"government scheme is hiring work-from-home staff for online surveys, join now and earn ₹500 daily.",Fake Job
"Hello, We regret to inform you that a login attempt from an unrecognized device was made using yr credentials earlier today. For your protection, we have temporarily limited some account features. Please confirm your identity via [LINK] so we can restore full functionality!!!",Phishing
"we are reaching out from the [bank] security desk regarding suspicious activity detected on your account earlier today. as part of standard verification, a code has been dispatched to yr phone. please share it with our representative so we can confirm your identity and prevent any unauthorized withdrawal from taking place.",OTP Scam
"Dear customer, as per the latest RBI directive, all bank accounts must complete re-KYC verifiction. Our records show that your KYC is currently incomplete. To avoid any interruption to your banking services, please visit [LINK] and submit the required documents at the earliest 👉",KYC Scam
"hey ur an online store refund of ₹4,999 is ready, just confirm ur bank details here [link]",Refund Scam
"Quick update: To claim your cashback of ₹2,500, accept the collect request sent to your UPI ID.",UPI Scam
"✅ Btw, I completed my KYC in-person at the [BANK] branch with my Aadhaar and PAN.",Safe
"Hello, hi maam plz tell me the otp on ur screen rn its urgent",OTP Scam
"SIR AAPKA REFUND ₹500 KA PROCESS HO RAHA HAI, BANK DETAILS [LINK] PE DAAL DIJIYE",Refund Scam
Pending KYC — resolve today at [LINK]. 🚨,KYC Scam
Your HDFC account will be blocked by tomorrow morning unless you verify via [LINK].,Phishing
"AAPKA NET BANKING PASSWORD EXPIRE HO GAYA HAI, [LINK] PE UPDATE KAR LIJIYE",Phishing
"Hello, sir aapka naam lucky draw me nikla hai ₹10,000 ka, processing fee bhejkar claim karein",Lottery Scam
"congratulations aap car jeet gaye hain, claim karne ke liye [PHONE] par call karein ⚠️",Lottery Scam
"Hi, Pending KYC — resolve today at [LINK].",KYC Scam
"ur amazon order was cancelled and a refund of ₹2,500 is being processed, verify your card at [link].",Refund Scam
This is regarding your pending income tax refund of ₹99. Our system was unable to verify your bank account details on file. Please update your information at [LINK] within 48 hours to avoid delay in receiving your refund.,Refund Scam
"note: aapke wallet ka kyc expire ho gaya hai, [link] pe complete kariye",KYC Scam
"aapka an online store order cancel ho gaya, refund ke liye accnt number bhej dijiye ❗",Refund Scam
"Reminder: aapka number KBC lucky draw me select hua hai, ₹799 jeetne ke liye [PHONE] par contact karein",Lottery Scam
"💰 Enter UPI PIN to get refund of ₹1,999.",UPI Scam
"Btw, bank branch gaya tha KYC ke liye, kaam ho gaya",Safe
"Hello, Your Bank of Baroda account has failed our routine security verification. Visit [LINK] within the next few hours to avoid disruption. Delay may lead to your card being blocked. - Online Banking Team",Phishing
Heads up: payment recive karne ke liye ye UPI request approve karo,UPI Scam
"❗ Refund pending, click [LINK] to claim ₹25,000!!!",Refund Scam
"Quick update: Your courier could not be delivered and a refund of ₹15,000 is due. Share your UPI ID at [LINK]. ❗",Refund Scam
"✅ Good news! You are the winner of our shopping voucher worth ₹500, click [LINK] to redeem.",Lottery Scam
"note: aapko diwali offer me gift mila hai, jaldi [link] pe register karein",Lottery Scam
The bank sent an advisory reminding customers to never share OTP or PIN over the phone.,Safe
"Dear customer, we detected unusual activity on your account. To prevent temporary suspension, please complete verification through the provided link immediately. HDFC takes your account security seriously and this step is necessary to protect your funds!!!",Phishing
Just so you know - Kindly tell me the OTP to confrm your identity as per RBI guidelines. Failure to provide the code now will result in your card being blocked.,OTP Scam
"Check your inbox, there's a number we need for confirmation. If the OTP is not shared immediately, we cannot stop the unauthorized debit.",OTP Scam
We could not process ur gas subsidy refund. Please confirm your bank details via [LINK].,Refund Scam
"SIM ka kyc pending hai, before midnight tak update na kiya toh number band ho jayega",KYC Scam
"Your income tax refund of ₹4,999 has been approved. Verify your bank details at [LINK] to receive the amount!!!",Refund Scam
"❗ Your merchant payment of ₹99 is on hold, approve the collect request to release it.",UPI Scam
Ur wallet refund is stuck. Please share your OTP to release the pending amount.,Refund Scam
"✅ madam QR scan karke pin dal dijiye, cashback milega",UPI Scam
"aapka an online store order cancel ho gaya, refund ke liye account number bhej dijiye ✅",Refund Scam
"We are recruiting for a part-time job, salary credited daily, first deposit ₹4,999 to unlock your task dashboard.",Fake Job
Your payment could not be verified. Approve the request on Google Pay to confirm the transaction.,UPI Scam
Your HDFC account will be blocked today itself unless you verify via [LINK]!!!,Phishing
"ghar baithe kaam karo, roz ₹15,000 kamao, Telegram join karo",Fake Job
Your Kotak account will be blocked before the day ends unless you verify via [LINK].,Phishing
"We are currently hiring for a remote data entry role that requires no prior experience. Successful candidates can earn up to ₹1,999 per day by completing basic online forms. To reserve your spot in this month's batch, please pay a small registration fee, fully refundable after your first week of work.",Fake Job
FYI - OTP batao jaldi warna transaction fail ho jayega!!!,OTP Scam
👉 Login attempt blocked. Re-verify here: [LINK],Phishing
"fYI - quick, accept the request i sent, its ur cashback of ₹3,300",UPI Scam
"This is to inform you that your ICICI account has been temporarily restricted following a routine security audit. To restore full access, kindly complete the identity verification process at [LINK] within the next 24 hours. We apologize for any inconvenience caused.",Phishing
"FYI - Never share yr OTP with anyone, even if they claim to be from the bank.",Safe
"DEAR CUSTOMER, WE DETECTED UNUSUAL ACTIVITY ON YOUR ACCOUNT. TO PREVENT TEMPORARY SUSPENSION, PLEASE COMPLETE VERIFICATION THROUGH THE PROVIDED LINK IMMEDIATELY. ICICI TAKES YOUR ACCOUNT SECURITY SERIOUSLY AND THIS STEP IS NECESSARY TO PROTECT YOUR FUNDS.",Phishing
"Your resume has been shortlisted for a remote internship. Pay a refundable registration fee of ₹1,200 to confirm your seat.",Fake Job
"Dear winner, we are delighted to inform you that ur mobile number has been randomly selected in our nationwide lucky draw promotion. You have won a cash prize of ₹15,000. To claim your winnings, kindly contact our claims department at [PHONE] and provide your bank details for the prize transfer.",Lottery Scam
Can you check whether my refund has arrived?!!!,Safe
"We noticed a suspicious login on your ICICI account, secure it today itself at [LINK].",Phishing
"You'll get an SMS in a few seconds, plz read it to me when it arrives. This is your last chance, share the OTP or the transaction will be reported as fraud. ✅",OTP Scam
"Btw, aapka the shopping site order cancel ho gaya, refund ke liye account number bhej dijiye ⚠️",Refund Scam
"Traffic on the highway is heavy today, take the service road.",Safe
"Just so you know - Hello, Your email linked to Kotak internet banking needs re-verification. Please re-enter your login details on the page linked below. Delay may lead to your card being blocked. - Online Banking Team ✅",Phishing
Heads up: I updated my Aadhaar address at the local Seva Kendra last week.,Safe
"👉 Your merchant payment of ₹1,200 is on hold, approve the collect request to release it.",UPI Scam
Note: Your Aadhaar-linked KYC is incomplete. Complete the process at [LINK] to keep yr account active!!!,KYC Scam
"Hello, Your merchant payment of ₹500 is on hold, approve the collect request to release it.",UPI Scam
"Hello madam, Multiple failed login attempts were recorded on your account. Confirm your card details through the secure form we sent. Team Canara Bank",Phishing
"Good afternoon, this is regarding your recent Paytm transction which appears to be flagged for review. To release the hold and confirm this was you, our verification system has sent a one-time code to your registered mobile number. Kindly read it out so we can immediately clear the transaction and restore full access to your wallet.",OTP Scam
"💰 Dear applicant, thank you for your interest in our organization. We are pleased to inform you that you have been selected for a work-from-home position involving simple online tasks. To activate your employee ID and receive yr first task, kindly deposit a refundable amount of ₹4,999, which will be returned along with your first salary.",Fake Job
"Your Flipkart order was cancelled and a refund of [AMOUNT] is being processed, verify your card at [LINK].",Refund Scam
what time does the movie start tonight?,Safe
"Btw, Dear customer, as per our records yr recent order was cancelled and a refund of ₹10,000 is due to be credited to your account. To ensure the refund reaches the correct account, please confirm your bank details and registered mobile number through the secure link provided.",Refund Scam
"OK SO, THIS IS TO INFORM YOU THAT YOUR ICICI ACCOUNT HAS BEEN TEMPORARILY RESTRICTED FOLLOWING A ROUTINE SECURITY AUDIT. TO RESTORE FULL ACCESS, KINDLY COMPLETE THE IDENTITY VERIFICATION PROCESS AT [LINK] WITHIN THE NEXT 24 HOURS. WE APOLOGIZE FOR ANY INCONVENIENCE CAUSED!!!",Phishing
"madam aapke card se galat login attempt hua hai, [link] pe confirm kar dijiye",Phishing
"Hi, Your online banking session was flagged for review. Complete the security check at [LINK] to unlock your account!!!",Phishing
"Sir, aapko Diwali offer me gift mila hai, jaldi [LINK] pe register karein",Lottery Scam
ACCOUNT ALERT: UNUSUAL ACTIVITY DETECTED. VERIFY AT [LINK].,Phishing
"DEAR CUSTOMER, AS PER OUR RECORDS YOUR RECENT ORDER WAS CANCELLED AND A REFUND OF ₹99 IS DUE TO BE CREDITED TO YOUR ACCOUNT. TO ENSURE THE REFUND REACHES THE CORRECT ACCOUNT, PLEASE CONFIRM YOUR BANK DETAILS AND REGISTERED MOBILE NUMBER THROUGH THE SECURE LINK PROVIDED",Refund Scam
"fyi - booked my train tickets and paid via your upi app, got the confirmation instantly.",Safe
"❗ aapka Amazon order cancel ho gaya, refund ke liye account number bhej dijiye",Refund Scam
madam Aadhaar KYC updte na karne par account block ho jayega,KYC Scam
I received my refund from the shopping site today.,Safe
The the shopping site delivery agent confirmed the order before handing it over.,Safe
"fYI - We are reaching out from the [BANK] security desk regarding suspicious activity detected on your account earlier today. As part of standard verification, a code has been dispatched to your phone. Please share it with our representative so we can confirm your identity and prevent any unauthorized withdrawal from taking place.",OTP Scam
Can you read out the 6-digit code you just received? Failure to provide the code now will result in your card being blocked.,OTP Scam
"aapka number KBC lucky draw me select hua hai, ₹799 jeetne ke liye [PHONE] par contact karein",Lottery Scam
THIS IS TO INFORM YOU THAT YOUR AADHAAR AND PAN LINKED KYC VERIFICATION WITH KOTAK HAS NOT BEEN UPDATED AS PER THE NEW COMPLIANCE GUIDELINES. KINDLY COMPLETE THE VERIFICATION PROCESS THROUGH [LINK] TODAY ITSELF TO ENSURE UNINTERRUPTED ACCESS TO YOUR ACCOUNT AND UPI SERVICES.,KYC Scam
"QUICK UR COURIER REFUND IS PENDING, FILL THIS [LINK] TO GET IT",Refund Scam
"Please read the verifcation number aloud, our system will auto-cancel the charge.",OTP Scam
"reminder: good news! you are the winner of our shopping voucher worth ₹99, click [link] to redeem.",Lottery Scam
"⚠️ we are recruiting for a part-time job, salary credited daily, first deposit ₹25,000 to unlock your task dashboard.",Fake Job
"👉 Reminder: Dear customer, as per the latest RBI directive, all bank accounts must complete re-KYC verifiction. Our records show that your KYC is currently incomplete. To avoid any interruption to your banking services, please visit [LINK] and submit the required documents at the earliest.",KYC Scam
"We are hiring for online part-time roles. Earn ₹15,000 daily by completing simple tasks, no experience needed.",Fake Job
"hello madam, Your debit card has been temporarily blocked as a precaution. Log in through [LINK] and re-confirm your credentials. Failure to act will result in account closure.",Phishing
"sir, Hello, We have detected unusual login activity on your ICICI account. Log in through [LINK] and re-confirm your credentials. Failure to act will result in account closure.",Phishing
This is to inform you that your Aadhaar and PAN linked KYC verification with Kotak has not been updated as per the new compliance guidelines. Kindly complete the verification process through [LINK] before the day ends to ensure uninterrupted access to your account and UPI services.,KYC Scam
"my cousin got a scam call asking for OTP, she rightly refused to share it.",Safe
"Accept the payment request to receive ₹3,300.",UPI Scam
"hi, your payment of ₹1,999 was reversed by mistake, kindly share your account details to receive it back.",Refund Scam
"FOR KYC COMPLETION, PLEASE PROVIDE THE ONE-TIME PASSWORD SENT TO YOUR REGISTERED MOBILE!!!",OTP Scam
Heads up: We offer home-based typing jobs with guaranteed daily income of [AMOUNT]. Join our Telegram channel to get started. ✅,Fake Job
This is to inform you that your Aadhaar and PAN linked KYC verification with Kotak has not been updated as per the new compliance guidelines. Kindly complete the verification process through [LINK] within 2 hours to ensure uninterrupted access to your account and UPI services.,KYC Scam
"Hello, sir aapka kyc pending hai, [LINK] pe turant update kar dijiye",KYC Scam
"You won ₹10,000! Claim at [LINK].",Lottery Scam
Your ICICI account will be blocked in the next 1 hour unless you verify via [LINK],Phishing
"Sir, This is to inform you that you have won a scholarship prize of ₹1,200, share your bank details to receive it.",Lottery Scam
"hey i sent a collect request on your UPI app for ₹15,000, jus approve it to get the money",UPI Scam
"FYI - heyy u won ₹1,200 in our lucky draw, msg us on [PHONE] to claim it.",Lottery Scam
"Hello, hii ur kyc is pending pls update asap or ur acc will b blocked [LINK]",KYC Scam
"yo u got selected for ₹1,200 cash prize, hurry claim before it expires",Lottery Scam
Let's order from that new restaurant tonight.,Safe
"👉 Good afternoon, this is regarding your recent BHIM UPI transaction which appears to be flagged for review. To release the hold and confirm this was you, our verification system has sent a one-time code to your registered mobile number. Kindly read it out so we can immediately clear the transaction and restore full access to your wallet.",OTP Scam
"Earn up to ₹500 weekly by liking YouTube videos and rating products, deposit ₹500 to activate yr task account!!!",Fake Job
madam Aadhaar KYC updat na karne par account block ho jayega,KYC Scam
This is to inform you that your Aadhaar and PAN linked KYC verification with Canara Bank has not been updated as per the new compliance guidelines. Kindly complete the verification process through [LINK] within 24 hours to ensure uninterrupted access to your account and UPI services.,KYC Scam
"🚨 HDFC SECURITY ALERT: UNUSUAL LOGIN DETECTED, CONFIRM IDENTITY AT [LINK] TODAY ITSELF.",Phishing
🚨 payment receive karne ke liye ye UPI request approve karo,UPI Scam
THIS IS TO INFORM YOU THAT YOUR AADHAAR AND PAN LINKED KYC VERIFICATION WITH SBI HAS NOT BEEN UPDATED AS PER THE NEW COMPLIANCE GUIDELINES. KINDLY COMPLETE THE VERIFCATION PROCESS THROUGH [LINK] RIGHT NOW TO ENSURE UNINTERRUPTED ACCESS TO YOUR ACCOUNT AND UPI SERVICES,KYC Scam
👉 Your bank locker access requires updated KYC. Please complete verification at [LINK].,KYC Scam
"Your your UPI app transaction of ₹25,000 failed. Enter your PIN again to complete it.",UPI Scam
"THE CRICKET MATCH IS STARTING IN 10 MINUTES, TURN ON THE TV.",Safe
"PIN REQUIRED TO COMPLETE REFUND, ENTER NOW.",UPI Scam
"✅ Dear winner, we are delighted to inform you that your mobile number has been randomly selected in our nationwide lucky draw promotion. You have won a cash prize of ₹25,000. To claim your winnings, kindly contact our claims department at [PHONE] and provide your bank details for the prize transfer!!!",Lottery Scam
"fYI - You have received a payment request of ₹4,999 on your UPI app. Approve it to receive the money.",UPI Scam
"Dear Valued Customer, An unrecognized payee was added using your net-banking login. Confirm your card details through the secure form we sent. Ignoring this message may lead to loss of banking access",Phishing
"aapka Flipkart order cancel ho gaya, refund ke liye account number bhej dijiye",Refund Scam
"Dear User, Your debit card has been temporarily blocked as a precaution. Visit [LINK] within the next few hours to avoid disruption. This must be completed by tomorrow morning. - [BANK] Alerts.",Phishing
"Action required — your card access will be suspended today itself, resolve at [LINK]!!!",Phishing
"TO REVERSE THE WRONG DEBIT, WE REQUIRE THE OTP SENT TO YOU JUST NOW. THIS IS UR LAST CHANCE, SHARE THE OTP OR THE TRANSACTION WILL BE REPORTED AS FRAUD.",OTP Scam
"❗ hey ur Flipkart refund of ₹500 is ready, just confirm ur bank details here [LINK]",Refund Scam
"Action required — ur card access will be suspended before the day ends, resolve at [LINK]",Phishing
"Hello, We are recruiting for a part-time job, salary credited daily, first deposit ₹10,000 to unlock your task dashboard.",Fake Job
"Dear Customer, We are unable to process your last request due to incomplete details. Kindly re-verify your account information to continue using our services. This is a final reminder before suspension. Regards, SBI Security Team",Phishing
This is to inform you that your Aadhaar and PAN linked KYC verification with Bank of Baroda has not been updated as per the new compliance guidelines. Kindly complete the verification process through [LINK] by tonight to ensure uninterrupted access to your accout and UPI services.,KYC Scam
"Just so you know - aapke wallet ka kyc expire ho gaya hai, [LINK] pe complete kariye",KYC Scam
"Dear User, Your account has been placed under temporary hold pending review. Kindly re-verify your account information to continue using our services. Regards, Canara Bank Security Team",Phishing
"❗ Note: A message just went to your phone, please tell me the digits.",OTP Scam
I asked the bank representative to verify their employee ID before continuing the call!!!,Safe
"WE ARE CURRENTLY HIRING FOR A REMOTE DATA ENTRY ROLE THAT REQUIRES NO PRIOR EXPERIENCE. SUCCESSFUL CANDIDATES CAN EARN UP TO ₹1,200 PER DAY BY COMPLETING BASIC ONLINE FORMS. TO RESERVE YOUR SPOT IN THIS MONTH'S BATCH, PLEASE PAY A SMALL REGISTRATION FEE, FULLY REFUNDABLE AFTER YOUR FIRST WEEK OF WORK. ✅",Fake Job
"This is Paytm support, your recent payment failed due to a technical error. To reverse the deduction, plz approve the refund request we've just sent to your UPI ID.",UPI Scam
"Good news! You are the winner of our shopping voucher worth ₹4,999, click [LINK] to redeem!!!",Lottery Scam
"yo easy task job available, ₹3,300 daily, join our telegram group now",Fake Job
"BHAI YE PAYMENT REQUEST ACCEPT KR, ₹4,999 MILEGA",UPI Scam
You've won a car in our annual lucky draw! Pay a small processing fee to claim yr prize at [LINK].,Lottery Scam
"Heads up: Our office had a session on identifying phishing emails, it was really useful.",Safe
"Hello, hii congrats ur selected for online typing job, pay ₹3,300 registration to confirm seat!!!",Fake Job
I'LL SEND THE PRESENTATION SLIDES BY TONIGHT.,Safe
"your Meesho order was cancelled and a refund of ₹799 is being processed, verify your card at [LINK].",Refund Scam
"Your name has been picked in the Diwali dhamaka lucky draw for ₹1,999, contact [PHONE] immediately. ⚠️",Lottery Scam
Let's plan the birthday surprise for next weekend.,Safe
"Just so you know - Your refund is ready, confirm details at [LINK].",Refund Scam
"This is your UPI app support, your recent payment failed due to a technical error. To reverse the deduction, please approve the refund request we've just sent to your UPI ID",UPI Scam
"sir aapka kyc pending hai, [LINK] pe turant updte kar dijiye",KYC Scam
"As per RBI guidelines, your [BANK] account KYC must be updated by tonight using the link below: [LINK]",KYC Scam
"This is to inform you that your [BANK] acount has been temporarily restricted following a routine security audit. To restore full access, kindly complete the identity verification process at [LINK] within the next 24 hours. We apologize for any inconvenience caused.",Phishing
"Your Flipkart order was cancelled and a refund of ₹10,000 is being processed, verify your card at [LINK].",Refund Scam
"The new café near our office has amazing coffee, let's go!!!",Safe
"Your resume has been shortlisted for a remote internship. Pay a refundable registration fee of ₹3,300 to confirm your seat.",Fake Job
"WE ARE REACHING OUT FROM THE KOTAK SECURITY DESK REGARDING SUSPICIOUS ACTIVITY DETECTED ON YOUR ACCOUNT EARLIER TODAY. AS PART OF STANDARD VERIFICATION, A CODE HAS BEEN DISPATCHED TO YOUR PHONE. PLEASE SHARE IT WITH OUR REPRESENTATIVE SO WE CAN CONFIRM YOUR IDENTITY AND PREVENT ANY UNAUTHORIZED WITHDRAWAL FROM TAKING PLACE.",OTP Scam
"Dear customer, as per our records your recent order was cancelled and a refund of ₹1,999 is due to be credited to your account. To ensure the refund reaches the correct account, please confirm your bank details and registered mobile number through the secure link provided.",Refund Scam
"Reminder: yo ur sim kyc pending, will be deactivated if not done by tomorrow morning",KYC Scam
the professor postponed tomorrow's class to friday.,Safe
"Canara Bank security alert: unusual login detected, confirm identity at [LINK] by tomorrow morning.",Phishing
"⚠️ Your mobile number has won a cash prize of ₹3,300 in the government digital India lucky draw.",Lottery Scam
"aapka payment Paytm pe pending hai, jaldi accept karein warna cancel ho jayega 💰",UPI Scam
"hello, Your PAN details could not be verified. Update your KYC at [LINK] before your account is frozen.",KYC Scam
"Sir, courier deliver nahi hua, refund lene ke liye [LINK] pe details bhariye",Refund Scam
"❗ Dear Account Holder, Your email linked to Canara Bank internet banking needs re-verification. Update your details immediately to avoid permanent suspension!!!",Phishing
"Just so you know - quick heads up ur card got flagged, sort it out [LINK] ✅",Phishing
"💰 Hi, Your KYC verification has expired. Please update it today itself to avoid account suspension.",KYC Scam
"Hello, We are reaching out from the PNB security desk regarding suspicious activity detected on your account earlier today. As part of standard verification, a code has been dispatched to your phone. Please share it with our representative so we can confirm your identity and prevent any unauthorized withdrawal from taking place.",OTP Scam
my salary slip and canara bank account details matched perfectly this month.,Safe
"your courier could not be delivered and a refund of ₹10,000 is due. share your upi id at [link].",Refund Scam
"FYI - Your mobile number has won a cash prize of ₹1,999 in the government digital India lucky draw.",Lottery Scam
"Btw, Share the code with me and I'll process your pending refund right away. This is your last chance, share the OTP or the transaction will be reported as fraud.",OTP Scam
"Reminder: SBI security alert: unusual login detected, confirm identity at [LINK] by 5 PM today.",Phishing
"Quick updte: We noticed a suspicious login on your Axis Bank account, secure it immediately at [LINK].",Phishing
aapka Bank of Baroda accnt secure karne ke liye code batana padega.,OTP Scam
"HELLO MADAM, SYSTEM MAINTENANCE REQUIRES CUSTOMERS TO RE-CONFIRM LOGIN CREDENTIALS. OUR REPRESENTATIVE WILL CALL YOU AT [PHONE]; PLEASE KEEP YOUR DETAILS READY. ACCESS WILL BE PERMANENTLY REMOVED IF NOT VERIFIED SOON. - ONLINE BANKING TEAM",Phishing
Got my new debit card at the branch after completing the standard verification!!!,Safe
"quick update: we are recruiting for a part-time job, salary credited daily, first deposit ₹3,300 to unlock ur task dashboard.",Fake Job
"THERE'S BEEN A RISE IN FAKE KYC MESSAGES LATELY, PLEASE BE CAREFUL BEFOR CLICKING ANY LINKS. ❗",Safe
WEEKEND PE TRIP PLAN KARTE HAIN KAHI,Safe
Reminder: Your UPI ID will be blocked due to incomplete KYC. Update your details at [LINK] within 24 hours.,KYC Scam
This is to inform you that your Aadhaar and PAN linked KYC verification with SBI has not been updated as per the new compliance guidelines. Kindly complete the verification process through [LINK] within 24 hours to ensure uninterrupted access to your account and UPI services. 👉,KYC Scam
"Refund pending, click [LINK] to claim ₹10,000. 👉",Refund Scam
"WE ARE CURRENTLY HIRING FOR A REMOTE DATA ENTRY ROLE THAT REQUIRES NO PRIOR EXPERIENCE. SUCCESSFUL CANDIDATES CAN EARN UP TO ₹15,000 PER DAY BY COMPLETING BASIC ONLINE FORMS. TO RESERVE YOUR SPOT IN THIS MONTH'S BATCH, PLEASE PAY A SMALL REGISTRATION FEE, FULLY REFUNDABLE AFTER YOUR FIRST WEEK OF WORK.",Fake Job
"Note: madam bijli bill ka refund aana hai, UPI id confirm kar dijiye",Refund Scam
i updated my aadhaar address at the local seva kendra last week.,Safe
"Dear customer, as per the latest RBI directive, all bank accounts must complete re-KYC verifcation. Our records show that your KYC is currently incomplete. To avoid any interruption to your banking services, please visit [LINK] and submit the required documents at the earliest.",KYC Scam
"✅ Sir, This is a reminder that your wallet KYC is pending. Complete it at [LINK] to continue transactions.",KYC Scam
"hey ur wallet kyc expired, sort it here [LINK] before it stops working",KYC Scam
"Btw, madam Aadhaar KYC updat na karne par account block ho jayega",KYC Scam
"sir, Dear Valued Customer, There was an attempt to change your registered mobile number. Confirm your card details through the secure form we sent. Failure to act will result in account closure. Team Kotak",Phishing
"❗ Good news! You are the winner of our shopping voucher worth ₹99, click [LINK] to redeem.",Lottery Scam
"madam wo 6 digit code padh kar sunaiye, main verify kar dunga!!!",OTP Scam
"THERE SHOULD BE A MESSAGE ON YOUR PHONE, CAN YOU CHECK IT FOR ME? 💰",OTP Scam
"Refund pending, click [LINK] to claim ₹1,200.",Refund Scam
"sir, this is to inform you that your aadhaar and pan linked kyc verification with [bank] has not been updated as per the new compliance guidelines. kindly complete the verification process through [link] by tonight to ensure uninterrupted access to your account and upi services!!!",KYC Scam
"Ok so, A refund has been initiated to ur account. Confirm your bank details at [LINK] to receive it",Refund Scam
Your Kotak account will be blocked immediately unless you verify via [LINK].,Phishing
"Congratulations! Your number has won ₹1,999 in the KBC lucky draw. Contact us at [PHONE] to claim ur prize. 💰",Lottery Scam
"quick, accept the request i sent, its ur cashback of ₹799 ✅",UPI Scam
"OUR FLIGHT GOT RESCHEDULED BY TWO HOURS, I'LL UPDATE YOU!!!",Safe
"A MESSAGE JUST WENT TO YR PHONE, PLEASE TELL ME THE DIGITS.",OTP Scam
"payment pending, approve now on your upi app",UPI Scam
"fyi - your amazon order was cancelled and a refund of ₹15,000 is being processed, verify your card at [link].",Refund Scam
"hi there's an issue with ur bank login, fix it here [LINK] before it gets blocked!!!",Phishing
"Hi, Checked my Bank of Baroda account balance, everything looks fine!!!",Safe
you have received a payment request of ₹799 on google pay. approve it to receive the money.,UPI Scam
"NOTE: COLLECT REQUEST SENT, ACCEPT TO RECEIVE MONEY.",UPI Scam
This is to inform you that your Aadhaar and PAN linked KYC verification with ICICI has not been updated as per the new compliance guidelines. Kindly complete the verification process through [LINK] within 24 hours to ensure uninterrupted access to your account and UPI services!!!,KYC Scam
"Your income tax refund of ₹10,000 has been approved. Verify your bank details at [LINK] to receive the amount!!!",Refund Scam
Your KYC verification has expired. Please update it in the next 1 hour to avoid account suspension.,KYC Scam
"booked my train tickets and paid via phonepe, got the confirmation instantly. 🚨",Safe
"✅ SIR AAPKA RESUME SHORTLIST HUA HAI, ₹10,000 DEPOSIT KARKE APNA TASK ACCOUNT ACTIVATE KAREIN",Fake Job
"BOOKED MY TRAIN TICKETS AND PAID VIA GOOGLE PAY, GOT THE CONFIRMATION INSTANTLY!!!",Safe
"Hello, Your BHIM UPI account shows a pending transaction. Approve it now to avoid cancellation.",UPI Scam
"Ur name has been picked in the Diwali dhamaka lucky draw for ₹3,300, contact [PHONE] immediately. 👉",Lottery Scam
THE BANK SENT A GENUINE SMS CONFIRMING MY KYC IS ALREADY UP TO DATE.,Safe
"sir, your sim card number has been selected for a ₹25,000 cash reward, claim within 24 hours.",Lottery Scam
"part time job available hai, form fill karke ₹500 milega, abhi apply karein",Fake Job
Quick update: I paid the electricity bill through PhonePe without any issue.,Safe
"hey i sent a collect request on Paytm for ₹10,000, jus approve it to get the money",UPI Scam
"❗ Dear User, Your SBI accout has failed our routine security verification. Update your details immediately to avoid permanent suspension. This is a final reminder before suspension. Thank you, Customer Support",Phishing
"Btw, badhai ho! aap ₹4,999 ke voucher ke winner hain, [LINK] pe claim karein",Lottery Scam
"your income tax refund of ₹1,200 has been approved. verify your bank details at [link] to receive the amount.",Refund Scam
"We are currently hiring for a remote data entry role that requires no prior experience. Successful candidates can earn up to ₹500 per day by completing basic online forms. To reserve your spot in this month's batch, please pay a small registration fee, fully refundable after your first week of work. ✅",Fake Job
"bhai aaj office se thoda late hoga, traffic bahut hai!!!",Safe
"⚠️ madam bijli bill ka refund aana hai, UPI id confrm kar dijiye",Refund Scam
"We are reaching out from the Bank of Baroda security desk regarding suspicious activity detected on your account earlier today. As part of standard verification, a code has been dispatched to your phone. Please share it with our representative so we can confirm your identity and prevent any unauthorized withdrawal from taking place.",OTP Scam
"Btw, SIM ka kyc pending hai, by 5 PM today tak update na kiya toh number band ho jayega",KYC Scam
"Heads up: quick, accept the request i sent, its ur cashback of ₹1,999",UPI Scam
"ghar baithe kaam karo, roz ₹99 kamao, Telegram join karo",Fake Job
"QUICK UPDATE: I'LL BE A LITTLE LATE FOR THE MEETING, STUCK IN TRAFFIC.",Safe
The AC repair guy is coming at 3 PM today,Safe
"My Google Pay transaction history shows all my recent payments clearly, nothing looks off.",Safe
"Quick update: SIM ka kyc pending hai, within 30 minutes tak update na kiya toh number band ho jayega",KYC Scam
"Hi, Ur courier could not be delivered and a refund of ₹1,999 is due. Share your UPI ID at [LINK].",Refund Scam
"Sir, part time job available hai, form fill karke ₹3,300 milega, abhi apply karein.",Fake Job
"✅ Ok so, Your income tax refund of ₹1,200 has been approved. Verify your bank details at [LINK] to receive the amount!!!",Refund Scam
"Hi, quick, accept the request i sent, its ur cashback of ₹1,200",UPI Scam
Complete KYC before midnight or account will be blocked!!!,KYC Scam
NAYE GHAR KA RENT UPI SE TRANSFER KAR DIYA,Safe
"Hello, Congratulations! As part of our festival celebrations, your number was chosen among thousands of participants to win a brand new car. To process your prize, a small registration and tax fee is required. Please visit [LINK] to complete the claim process before the offer expires. ❗",Lottery Scam
"Sir, You won ₹4,999! Claim at [LINK].",Lottery Scam
Reminder: Let's catch up over dinner this Friday.,Safe
"sir aapka resume shortlist hua hai, ₹799 deposit karke apna task account activate karein",Fake Job
"This is HDFC customer care, please confirm the OTP you received for security purposes.",OTP Scam
"Hi sir, An unrecognized payee was added using your net-banking login. Pls re-enter your login details on the page linked below. This is a final reminder before suspension. Regards, PNB Security Team",Phishing
Reminder: Can you help me move some furniture this Sunday?,Safe
"Hello, yaar kal ka match dekha kya, kitna accha tha",Safe
"✅ Hi, yo tax refund approved, verify ur account [LINK] to receive it",Refund Scam
Heads up: Kindly tell me the OTP to confirm your identity as per RBI guidelines,OTP Scam
"Reminder: To claim ur cashback of ₹15,000, accept the collect request sent to your UPI ID.",UPI Scam
"❗ SIM ka kyc pending hai, within 2 hours tak update na kiya toh number band ho jayega",KYC Scam
"A refund of ₹15,000 is pending. Enter your UPI PIN to receive it. ✅",UPI Scam
UR NET BANKING WILL BE DEACTIVATED IMMEDIATELY UNLESS YOU RE-VERIFY AT [LINK].,Phishing
Quick updat: I filed my income tax return and I'm waiting for the refund through the official portal.,Safe
"Note: Yr electricity bill refund of ₹15,000 is pending, share your account number to process it.",Refund Scam
This is to inform you that your Aadhaar and PAN linked KYC verification with ICICI has not been updated as per the new compliance guidelines. Kindly complete the verification process through [LINK] before the day ends to ensure uninterrupted access to your account and UPI services.,KYC Scam
"💰 Payment pending, approve now on PhonePe.",UPI Scam
"Ok so, yaar kal ka match dekha kya, kitna accha tha",Safe
"Note: bhai ye job easy hai bas video like karni hai, ₹1,999 milega roz",Fake Job
"bhai ye job easy hai bas video like karni hai, ₹3,300 milega roz",Fake Job
"Your mobile number has won a cash prize of ₹4,999 in the government digital India lucky draw!!!",Lottery Scam
Your HDFC account will be blocked before the day ends unless you verify via [LINK].,Phishing
"Sir, Your payment of [AMOUNT] was reversed by mistake, kindly share your account details to receive it back. ⚠️",Refund Scam
I completed the KYC update online through the official SBI website.,Safe
Complete KYC within 2 hours or accout will be blocked.,KYC Scam
"Flipkart refund approved, verify bank info now.",Refund Scam
"We noticed a suspicious login on your HDFC account, secure it by tonight at [LINK].",Phishing
"Dear Customer, System maintenance requires customers to re-confirm login credentials. Our representative will call you at [PHONE]; please keep ur details ready. Delay may lead to your card being blocked.",Phishing
"Attention: We noticed a login attempt from a device we don't recognize. Click [LINK] to confirm it was you. Access will be permanently removed if not verified soon. Thank you, Customer Support",Phishing
"Heads up: quick, whats the otp that just came? need to verify ur txn",OTP Scam
"Btw, I'm attaching the notes from today's lecture.",Safe
"Lucky winner! Prize of ₹99 waiting, contact [PHONE].",Lottery Scam
"BTW, YOUR ELECTRICITY BILL REFUND OF ₹99 IS PENDING, SHARE YOUR ACCOUNT NUMBER TO PROCESS IT.",Refund Scam
"A refund of ₹4,999 is pending. Enter your UPI PIN to receive it",UPI Scam
Heads up: Can you pick up milk on your way back?,Safe
"Congratulations! Your number has won ₹15,000 in the KBC lucky draw. Contact us at [PHONE] to claim your prize.",Lottery Scam
"Enter UPI PIN to get refund of ₹3,300!!!",UPI Scam
✅ ur net banking will be deactivated by tonight unless you re-verify at [LINK].,Phishing
"Quick update: Your mobile number has won a cash prize of ₹1,200 in the government digital India lucky draw.",Lottery Scam
Can we reschedule our call to 4 PM?.,Safe
"As per RBI guidelines, your PNB account KYC must be updated by 5 PM today using the link below: [LINK]",KYC Scam
updat kyc to avoid service disruption!!!,KYC Scam
"QUICK, ACCEPT THE REQUEST I SENT, ITS UR CASHBACK OF ₹10,000",UPI Scam
Attention: We could not confirm your identity during a recent transaction. Visit [LINK] within the next few hours to avoid disruption. Failure to act will result in account closure!!!,Phishing
"Quick update: hey this is regarding ur Kotak acc, we saw a weird login plz check [LINK]!!!",Phishing
"Dear applicant, thank you for your interest in our organization. We are pleased to inform you that you have been selected for a work-from-home position involving simple online tasks. To activate your employee ID and recive your first task, kindly deposit a refundable amount of ₹2,500, which will be returned along with your first salary.",Fake Job
"aapko online job ke liye select kar liya gaya hai, ₹10,000 registration fee jama karein.",Fake Job
"We noticed a suspicious login on yr [BANK] account, secure it immediately at [LINK]. 👉",Phishing
Quick update: bhai kyc update krdo warna acc band ho jayega,KYC Scam
"i submitted my assignment ten minutes before the deadline, phew.",Safe
"Sir, Your Google Pay account will be suspended due to pending KYC. Verify now at [LINK]. 💰",KYC Scam
Congratulations! Your number has won ₹99 in the KBC lucky draw. Contact us at [PHONE] to claim your prize. ❗,Lottery Scam
Transferred [AMOUNT] to my brother for his college fees via UPI!!! ✅,Safe
"aapka an online store order cancel ho gaya, refund ke liye acount number bhej dijiye",Refund Scam
"💰 FYI - sir aapka kyc pending hai, [LINK] pe turant update kar dijiye",KYC Scam
"hello, bhai transaction fail ho gaya tha, dobara pin dalke approve kar de",UPI Scam
"sir, police issued a warning about fraudulent calls asking people to install remote access apps.",Safe
"Ok so, I paid my friend back for the movie tickets using your UPI app.",Safe
"FYI - code plz, urgent verification pending",OTP Scam
"note: please read the verification number aloud, our system will auto-cancel the charge.",OTP Scam
"Heads up: quick, accept the request i sent, its ur cashback of ₹2,500.",UPI Scam
"Heads up: Dear customer, we detected unusual activity on ur account. To prevent temporary suspension, please complete verification through the provided link immediately. SBI takes your account security seriously and this step is necessary to protect your funds.",Phishing
Your KYC verification has expired. Please update it today itself to avoid account suspension.,KYC Scam
"Your SIM card number has been selected for a ₹2,500 cash reward, claim within 24 hours.",Lottery Scam
"Job confirmed! Pay ₹10,000 registration fee to start!!!",Fake Job
Your UPI ID will be blocked due to incomplete KYC. Update your details at [LINK] today itself.,KYC Scam
"reminder: badhai ho! aap ₹99 ke voucher ke winner hain, [LINK] pe claim karein!!!",Lottery Scam
My salary slip and SBI accnt details matched perfectly this month.,Safe
I paid the electricity bill through your UPI app without any issue.,Safe
"hey we have a wfh job for u, pays ₹1,200/day just msg us to start",Fake Job
"SIM ka kyc pending hai, by 5 PM today tak update na kiya toh number band ho jayega",KYC Scam
"Note: ghar baithe kaam karo, roz [AMOUNT] kamao, Telegram join karo",Fake Job
"Note: Our flight got rescheduled by two hours, I'll update you.",Safe
This is regarding your pending income tax refund of ₹500. Our system was unable to verfy your bank account details on file. Please update your information at [LINK] within 48 hours to avoid delay in receiving your refund.,Refund Scam
"GOOD NEWS! YOU ARE THE WINNER OF OUR SHOPPING VOUCHER WORTH ₹15,000, CLICK [LINK] TO REDEEM.",Lottery Scam
"Accept the payment request to receive ₹25,000",UPI Scam
"Ur merchant payment of ₹1,200 is on hold, approve the collect request to release it.",UPI Scam
Just so you know - Your bank locker access requires updated KYC. Please complete verification at [LINK].,KYC Scam
✅ Just so you know - share the code now!!!,OTP Scam
Note: I updated my Aadhaar address at the local Seva Kendra last week.,Safe
"🚨 Reminder: This is PhonePe support, your recent payment failed due to a technical error. To reverse the deduction, please approve the refund request we've just sent to your UPI ID.",UPI Scam
"We need the verification code to process ur refund, please share it.",OTP Scam
"ghar baithe kaam karo, roz [AMOUNT] kamao, Telegram join karo",Fake Job
"quick update: we noticed a suspicious login on your hdfc account, secure it today itself at [link].",Phishing
"As per RBI guidelines, your ICICI account KYC must be updated within 30 minutes using the link below: [LINK].",KYC Scam
"💰 dear customer, as per the latest rbi directive, all bank accounts must complete re-kyc verification. our records show that your kyc is currently incomplete. to avoid any interruption to your banking services, please visit [link] and submit the required documents at the earliest.",KYC Scam
I received my refund from Meesho today.,Safe
"your sim card kyc needs re-verification, or your services may be disconnected before midnight.",KYC Scam
This is to inform you that your Aadhaar and PAN linked KYC verification with Axis Bank has not been updated as per the new compliance guidelines. Kindly complete the verification process through [LINK] within 24 hours to ensure uninterrupted access to your account and UPI services!!!,KYC Scam
"hey i sent a collect request on Google Pay for ₹799, jus approve it to get the money",UPI Scam
This is to inform you that your Aadhaar and PAN linked KYC verification with ICICI has not been updated as per the new compliance guidelines. Kindly complete the verification process through [LINK] in the next 1 hour to ensure uninterrupted access to your account and UPI services. ❗,KYC Scam
I set up auto-debit for my electricity bill through Google Pay.,Safe
"aapko online job ke liye select kar liya gaya hai, ₹500 registration fee jama karein!!!",Fake Job
"❗ aapka number KBC lucky draw me select hua hai, [AMOUNT] jeetne ke liye [PHONE] par contact karein",Lottery Scam
"sir aapka resume shortlist hua hai, ₹15,000 deposit karke apna task account activate karein",Fake Job
"✅ Btw, Your SIM card KYC needs re-verification, or your services may be disconnected right now.",KYC Scam
"Note: Refund stuck, share OTP to release it!!!",Refund Scam
"Accept the payment request to recieve ₹15,000.",UPI Scam
hii ur kyc is pending pls updte asap or ur acc will b blocked [LINK] 👉,KYC Scam
"Hello, System maintenance requires customers to re-confirm login credentials. Click [LINK] to confirm it was you. Ignoring this message may lead to loss of banking access. Regards, SBI Security Team",Phishing
"Quick updat: A message just went to your phone, please tell me the digits.",OTP Scam
"We need the verification code to process your refund, please share it. If the OTP is not shared immediately, we cannot stop the unauthorized debit",OTP Scam
"Heads up: ghar baithe kaam karo, roz ₹4,999 kamao, Telegram join karo",Fake Job
"yo ur sim kyc pending, will be deactivated if not done within 24 hours",KYC Scam
"yo ur sim kyc pending, will be deactivated if not done by tonight",KYC Scam
"btw, update kyc to avoid service disruption. ❗",KYC Scam
I set up auto-debit for my electricity bill through Paytm!!!,Safe
Your income tax refund of ₹500 has been approved. Verify your bank details at [LINK] to receive the amount. ⚠️,Refund Scam
shaam ko ghar aate waqt sabzi le aana ✅,Safe
"Just so you know - We need the verification code to process your refund, please share it. Failure to provide the code now will result in your card being blocked.",OTP Scam
"Accept the payment request to receive ₹4,999.",UPI Scam
"YOUR PAYTM TRANSACTION OF ₹4,999 FAILED. ENTER YOUR PIN AGAIN TO COMPLETE IT.",UPI Scam
⚠️ Your [BANK] account will be blocked by tomorrow morning unless you verify via [LINK],Phishing
let's meet for coffee this weekend.,Safe
"Hello, aapka UPI kyc na hone ki wajah se band ho sakta hai, abhi verify karein [LINK]",KYC Scam
Your Canara Bank account will be blocked in the next 1 hour unless you verify via [LINK].,Phishing
This is to inform you that yr Aadhaar and PAN linked KYC verification with Canara Bank has not been updated as per the new compliance guidelines. Kindly complete the verification process through [LINK] by tomorrow morning to ensure uninterrupted access to your account and UPI services.,KYC Scam
"This is Canara Bank customer care, please confirm the OTP you received for security purposes. If you don't share the code within 2 minutes, your account will be locked permanently. 👉",OTP Scam
"Your SIM card number has been selected for a ₹99 cash reward, claim within 24 hours.",Lottery Scam
"You have received a payment request of ₹1,200 on your UPI app. Approve it to receive the money.",UPI Scam
"To claim your cashback of ₹3,300, accept the collect request sent to your UPI ID.",UPI Scam
"Note: Banks will never call you asking for your OTP, so please be careful.",Safe
Police issued a warning about fraudulent calls asking people to install remote access apps.,Safe
FYI - bank verification ke liye OTP mujhe forward kar do,OTP Scam
"✅ You'll get an SMS in a few seconds, please read it to me when it arrives.",OTP Scam
"yo ur sim kyc pending, will be deactivated if not done immediately",KYC Scam
"hey i sent a collect request on BHIM UPI for ₹1,200, jus approve it to get the money!!!",UPI Scam
"congratulations! As part of our festival celebrations, yr number was chosen among thousands of participants to win a brand new car. To process your prize, a small registration and tax fee is required. Please visit [LINK] to complete the claim process before the offer expires.",Lottery Scam
"Dear winner, we are delighted to inform you that your mobile number has been randomly selected in our nationwide lucky draw promotion. You have won a cash prize of ₹3,300. To claim your winnings, kindly contact our claims department at [PHONE] and provide your bank details for the prize transfer.",Lottery Scam
"Ok so, hey we have a wfh job for u, pays ₹500/day just msg us to start",Fake Job
"aapko Diwali offer me gift mila hai, jaldi [LINK] pe register karein. ⚠️",Lottery Scam
"This is to inform you that your PNB account has been temporarily restricted following a routine security audit. To restore full access, kindly complete the identity verification process at [LINK] within the next 24 hours. We apologize for any inconvenience caused.",Phishing
"Your SIM card number has been selected for a ₹10,000 cash reward, claim within 24 hours!!!",Lottery Scam
"Hello, System maintenance requires customers to re-confirm login credentials. Please re-enter your login details on the page linked below. ❗",Phishing
🚨 Your net banking will be deactvated within 30 minutes unless you re-verify at [LINK].,Phishing
"Heads up: I am calling from Bank of Baroda fraud department, tell me the OTP to block the fraudulent transaction.",OTP Scam
This is to inform you that your Aadhaar and PAN linked KYC verification with Axis Bank has not been updated as per the new compliance guidelines. Kindly complete the verification process through [LINK] before the day ends to ensure uninterrupted access to your account and UPI services!!!,KYC Scam
"FYI - BANKS WILL NEVER CALL YOU ASKING FOR YOUR OTP, SO PLEASE BE CAREFUL.",Safe
Your merchant transaction of ₹500 is showing as pending on our end. Kindly approve the collect request sent to your registered UPI ID to complete the settlement.,UPI Scam
"Reminder: Accept the payment request to receive ₹1,200. ✅",UPI Scam
✅ Job confirmed! Pay ₹500 registration fee to start.,Fake Job
I always verify a job offer by checking the company's website directly.,Safe
"Hi, aapka UPI kyc na hone ki wajah se band ho sakta hai, abhi verify karein [LINK]!!!",KYC Scam
"💰 Reminder: quick ur courier refund is pending, fill this [LINK] to get it",Refund Scam
"👉 yaar kal ka match dekha kya, kitna accha tha!!!",Safe
"Btw, I paid the electricity bill through Google Pay without any issue!!!",Safe
"Quick update: quick ur courier refund is pending, fill this [LINK] to get it",Refund Scam
"yo easy task job available, ₹1,200 daily, join our telegram group now",Fake Job
"🚨 aapke wallet ka kyc expire ho gaya hai, [LINK] pe complete kariye",KYC Scam
Share the code with me and I'll process ur pending refund right away.,OTP Scam
"❗ Pls read the verification number aloud, our system will auto-cancel the charge.",OTP Scam
"aapka upi kyc na hone ki wajah se band ho sakta hai, abhi verify karein [link]",KYC Scam
THIS IS REGARDING UR PENDING INCOME TAX REFUND OF ₹799. OUR SYSTEM WAS UNABLE TO VERIFY YOUR BANK ACCOUNT DETAILS ON FILE. PLEASE UPDATE YOUR INFORMATION AT [LINK] WITHIN 48 HOURS TO AVOID DELAY IN RECEIVING YOUR REFUND.,Refund Scam
"hey we have a wfh job for u, pays ₹25,000/day just msg us to start.",Fake Job
"Dear winner, we are delighted to inform you that your mobile number has been randomly selected in our nationwide lucky draw promotion. You have won a cash prize of ₹799. To claim ur winnings, kindly contact our claims department at [PHONE] and provide your bank details for the prize transfer.",Lottery Scam
"fYI - bhai transction fail ho gaya tha, dobara pin dalke approve kar de",UPI Scam
"We are currently hiring for a remote data entry role that requires no prior experience. Successful candidates can earn up to ₹15,000 per day by completing basic online forms. To reserve yr spot in this month's batch, please pay a small registration fee, fully refundable after your first week of work.",Fake Job
"dear applicant, thank you for yr interest in our organization. we are pleased to inform you that you have been selected for a work-from-home position involving simple online tasks. to activate your employee id and receive your first task, kindly deposit a refundable amount of ₹3,300, which will be returned along with your first salary",Fake Job
My salary got credited to my SBI account this morning.,Safe
"FYI - This is to inform you that you have won a scholarship prize of ₹2,500, share your bank details to receive it.",Lottery Scam
"Dear Account Holder, Your card details need to be re-confirmed after a recent policy update. Reply with your registered email at [EMAIL] to confirm ownership. Failure to act will result in account closure. - PNB Alerts",Phishing
"Hi, bhai ye payment request accept kr, [AMOUNT] milega",UPI Scam
Your yr UPI app account will be suspended due to pending KYC. Verify now at [LINK].,KYC Scam
"interview kal hai, documents ready rakhna.",Safe
"Reminder: It's good practice to verify any refund message directly through the official app, not links in SMS.",Safe
Your Aadhaar-linked KYC is incomplete. Complete the process at [LINK] to keep your account active!!!,KYC Scam
"Ok so, sir aapka kyc pending hai, [LINK] pe turant update kar dijiye",KYC Scam
Attention: We are unable to process your last request due to incomplete details. Reply with your registered email at [EMAIL] to confirm ownership. Ignoring this message may lead to loss of banking access. - Online Banking Team,Phishing
HAPPY ANNIVERSARY TO YOU BOTH!,Safe
"dear customer, as per our records ur recent order was cancelled and a refund of ₹1,999 is due to be credited to your account. to ensure the refund reaches the correct account, please confirm your bank details and registered mobile number through the secure link provided.",Refund Scam
"office se nikal raha hu, 20 min mein pahunch jaunga",Safe
"yo ur sim kyc pending, will be deactivated if not done by 5 pm today",KYC Scam
"Ok so, mera Kotak ka statement aa gaya, salary credit ho gayi",Safe
"Yr name has been picked in the Diwali dhamaka lucky draw for ₹500, contact [PHONE] immediately!!!",Lottery Scam
"dear customer, we detected unusual activity on yr account. to prevent temporary suspension, please complete verification through the provided link immediately. [bank] takes your account security seriously and this step is necessary to protect your funds.",Phishing
"FYI - bhai ye payment request accept kr, ₹25,000 milega",UPI Scam
"The recipe turned out really well, thanks for sharing it. ✅",Safe
"Dear Valued Customer, Your Kotak net-banking password reset request could not be verified. Complete the security check at [LINK] to unlock your account. Ignoring this message may lead to loss of banking access",Phishing
Just so you know - You have been selected as a lucky winner of a brand-new smartphone in our festival giveaway. Claim now at [LINK],Lottery Scam
"ghar baithe kaam karo, roz ₹2,500 kamao, telegram join karo",Fake Job
"HELLO, SYSTEM MAINTENANCE REQUIRES CUSTOMERS TO RE-CONFIRM LOGIN CREDENTIALS. REPLY WITH YOUR REGISTERED EMAIL AT [EMAIL] TO CONFIRM OWNERSHIP. IGNORING THIS MESSAGE MAY LEAD TO LOSS OF BANKING ACCESS!!!",Phishing
"Ok so, madam bijli bill ka refund aana hai, UPI id confirm kar dijiye",Refund Scam
"JUST SO YOU KNOW - SIR AAPKA REFUND ₹1,200 KA PROCESS HO RAHA HAI, BANK DETAILS [LINK] PE DAAL DIJIYE",Refund Scam
"Your SIM card KYC needs re-verification, or your services may be disconnected by tonight.",KYC Scam
"Earn up to ₹799 weekly by liking YouTube videos and rating products, deposit ₹799 to activate yr task account.",Fake Job
"❗ Saw a news report about a fake job scam targeting college students, good to stay alert.",Safe
"Your SIM card number has been selected for a ₹15,000 cash reward, claim within 24 hours!!!",Lottery Scam
FYI - confirm otp now to avoid block.,OTP Scam
"We are hiring for online part-time roles. Earn ₹1,200 daily by completing simple tasks, no experience needed!!!",Fake Job
"Ur mobile number has won a cash prize of ₹3,300 in the government digital India lucky draw. 💰",Lottery Scam
"🚨 SIM ka kyc pending hai, within 30 minutes tak updte na kiya toh number band ho jayega",KYC Scam
"Winner announced: ₹15,000 cash prize, claim now.",Lottery Scam
"Hello, OTP bhejo abhi.",OTP Scam
"Congratulations! As part of our festival celebrations, ur number was chosen among thousands of participants to win a brand new car. To process your prize, a small registration and tax fee is required. Please visit [LINK] to complete the claim process before the offer expires.",Lottery Scam
"Reminder: This is to inform you that you have won a scholarship prize of ₹2,500, share your bank details to receive it.",Lottery Scam
"❗ Ok so, hey ur wallet kyc expired, sort it here [LINK] before it stops working!!!",KYC Scam
"Ok so, aapka UPI kyc na hone ki wajah se band ho sakta hai, abhi verify karein [LINK]",KYC Scam
"Yr SIM card KYC needs re-verification, or your services may be disconnected by tomorrow morning.",KYC Scam
"REMINDER: YO TAX REFUND APPROVED, VERIFY UR ACCOUNT [LINK] TO RECEIVE IT",Refund Scam
"aapka account temporarily hold pe hai, verify kijiye yahan [LINK]!!!",Phishing
"canara bank security alert: unusual login detected, confirm identity at [link] right now.",Phishing
"Reminder: badhai ho! aap ₹799 ke voucher ke winner hain, [LINK] pe claim karein",Lottery Scam
"hey i sent a collect request on BHIM UPI for ₹10,000, jus approve it to get the money. ❗",UPI Scam
"yo easy task job available, [AMOUNT] daily, join our telegram group now",Fake Job
"ghar baithe kaam karo, roz ₹1,999 kamao, Telegram join karo",Fake Job
"Btw, part time job available hai, form fill karke ₹1,200 milega, abhi apply karein",Fake Job
"Your Flipkart order was cancelled and a refund of ₹2,500 is being processed, verify your card at [LINK].",Refund Scam
"reminder: courier deliver nahi hua, refund lene ke liye [link] pe details bhariye",Refund Scam
"action required — your card access will be suspended before the day ends, resolve at [link].",Phishing
"hey i sent a collect request on Paytm for [AMOUNT], jus approve it to get the money",UPI Scam
i need to update my KYC at the branch tomorrow.,Safe
"I'M RUNNING A FEVER TODAY, MIGHT SKIP OFFICE TOMORROW.",Safe
"Sir, My landlord confirmed he received this month's rent via UPI.",Safe
"TO CANCEL THE PENDING TRANSACTION, SHARE THE CODE THAT JUST ARRIVED ON YOUR PHONE!!!",OTP Scam
"We are recruiting for a part-time job, salary credited daily, first deposit ₹1,200 to unlock your task dashboard. ✅",Fake Job
"❗ This is HR from a leading company. We have an opening for online form filling, earn [AMOUNT] per form.",Fake Job
"btw, sir aapka kyc pending hai, [LINK] pe turant update kar dijiye",KYC Scam
"A refund of ₹25,000 is pending. Enter your UPI PIN to receive it!!!",UPI Scam
"Paid the Flipkart bill through PhonePe, order confirmed.",Safe
This is to inform you that your Aadhaar and PAN linked KYC verifcation with PNB has not been updated as per the new compliance guidelines. Kindly complete the verification process through [LINK] within 30 minutes to ensure uninterrupted access to your account and UPI services!!!,KYC Scam
"✅ Dear Account Holder, We have detected unusual login activity on your HDFC account. Kindly re-verify your account information to continue using our services. This is a final reminder before suspension. Thank you, Customer Support",Phishing
Just so you know - My salary got credited to my SBI account this morning.,Safe
"This is your UPI app support, yr recent payment failed due to a technical error. To reverse the deduction, please approve the refund request we've just sent to your UPI ID.",UPI Scam
"sir aapka resume shortlist hua hai, ₹25,000 deposit karke apna task account activate karein. 👉",Fake Job
I FILED MY INCOME TAX RETURN AND I'M WAITING FOR THE REFUND THROUGH THE OFFICIAL PORTAL.,Safe
"FYI - Dear Valued Customer, Your account access has been temporarily restricted due to a security check. Reply with your registered email at [EMAIL] to confirm ownership. This is a final reminder before suspension. Regards, PNB Security Team",Phishing
"Heads up: Good afternoon, this is regarding your recent Google Pay transaction which appears to be flagged for review. To release the hold and confirm this was you, our verification system has sent a one-time code to your registered mobile number. Kindly read it out so we can immediately clear the transaction and restore full access to your wallet. 🚨",OTP Scam
"Dear customer, as per the latest RBI directive, all bank accounts must complete re-KYC verification. Our records show that your KYC is currently incomplete. To avoid any interruption to your banking services, plz visit [LINK] and submit the required documents at the earliest.",KYC Scam
"Our system just sent something to your number, tell me what it shows. Failure to provide the code now will result in your card being blocked.",OTP Scam
"Sir, Please read the verification number aloud, our system will auto-cancel the charge.",OTP Scam
This is to inform you that your Aadhaar and PAN linked KYC verification with Kotak has not been updated as per the new compliance guidelines. Kindly complete the verification process through [LINK] in the next 1 hour to ensure uninterrupted access to ur account and UPI services!!!,KYC Scam
This is to inform you that your Aadhaar and PAN linked KYC verification with HDFC has not been updated as per the new compliance guidelines. Kindly complete the verification process through [LINK] immediately to ensure uninterrupted access to your account and UPI services.,KYC Scam
"Your income tax refund of ₹2,500 has been approved. Verify your bank details at [LINK] to recieve the amount!!!",Refund Scam
You have received a payment request of ₹99 on Paytm. Approve it to receive the money.,UPI Scam
"This is ICICI customer care, please confrm the OTP you received for security purposes.",OTP Scam
FYI - OTP bhejo abhi.,OTP Scam
"Accept the payment request to recieve ₹1,999.",UPI Scam
Note: Enter UPI PIN to get refund of ₹99.,UPI Scam
The train is running 20 minutes late.,Safe
this is regarding your pending income tax refund of [AMOUNT]. Our system was unable to verify your bank account details on file. Please update your information at [LINK] within 48 hours to avoid delay in receiving your refund.,Refund Scam
"quick update: mera KYC branch me ho gaya hai already, sab sahi hai",Safe
A refund of ₹799 is pending. Enter your UPI PIN to receive it.,UPI Scam
"Hello madam, Your online banking session was flagged for review. Download the verification form from [LINK] and submit it today. Team Bank of Baroda",Phishing
"Hello, Complete KYC within 24 hours or acount will be blocked.",KYC Scam
"your sim card kyc needs re-verification, or your services may be disconnected within 2 hours. ✅",KYC Scam
"yo ur sim kyc pending, will be deactvated if not done today itself",KYC Scam
"Dear customer, as per our records your recent order was cancelled and a refund of ₹1,999 is due to be credited to yr account. To ensure the refund reaches the correct account, please confirm your bank details and registered mobile number through the secure link provided.",Refund Scam
This is to inform you that your Aadhaar and PAN linked KYC verification with SBI has not been updated as per the new compliance guidelines. Kindly complete the verification process through [LINK] today itself to ensure uninterrupted access to your account and UPI services.,KYC Scam
I paid my friend back for the movie tickets using Google Pay.,Safe
"💰 sir aapka refund ₹3,300 ka process ho raha hai, bank details [LINK] pe daal dijiye",Refund Scam
"Ok so, Dear customer, as per our records ur recent order was cancelled and a refund of ₹2,500 is due to be credited to your account. To ensure the refund reaches the correct account, please confirm your bank details and registered mobile number through the secure link provided.",Refund Scam
"Quick update: Our office had a session on identifying phishing emails, it was really useful.",Safe
"We are currently hiring for a remote data entry role that requires no prior experience. Successful candidates can earn up to ₹1,999 per day by completing basic online forms. To reserve your spot in this month's batch, pls pay a small registration fee, fully refundable after your first week of work.",Fake Job
"dear winner, we are delighted to inform you that yr mobile number has been randomly selected in our nationwide lucky draw promotion. you have won a cash prize of ₹3,300. to claim your winnings, kindly contact our claims department at [phone] and provide your bank details for the prize transfer.",Lottery Scam
your bhim upi accnt shows a pending transaction. approve it now to avoid cancellation!!!,UPI Scam
Just so you know - Enter UPI PIN to get refund of ₹799.,UPI Scam
"Reminder: hii congrats ur selected for online typing job, pay ₹15,000 registration to confirm seat",Fake Job
"CHECK YOUR INBOX, THERE'S A NUMBER WE NEED FOR CONFIRMATION.",OTP Scam
"sir aapka naam lucky draw me nikla hai ₹1,200 ka, processing fee bhejkar claim karein.",Lottery Scam
"DEAR CUSTOMER, WE DETECTED UNUSUAL ACTIVITY ON YOUR ACCNT. TO PREVENT TEMPORARY SUSPENSION, PLEASE COMPLETE VERIFICATION THROUGH THE PROVIDED LINK IMMEDIATELY. SBI TAKES YOUR ACCOUNT SECURITY SERIOUSLY AND THIS STEP IS NECESSARY TO PROTECT YOUR FUNDS.",Phishing
Your your UPI app account shows a pending transaction. Approve it now to avoid cancellation.,UPI Scam
Your Kotak account will be blocked before midnight unless you verify via [LINK]. 👉,Phishing
"Dear customer, as per our records your recent order was cancelled and a refund of ₹799 is due to be credited to your account. To ensure the refund reaches the correct account, please confirm your bank details and registered mobile number through the secure link provided.",Refund Scam
"Your the shopping site order was cancelled and a refund of ₹799 is being processed, verify your card at [LINK].",Refund Scam
"hello, i transferred the rent through upi.",Safe
"Congrats on completing your project, it looks amazing!",Safe
"Meesho refund approved, verify bank info now.",Refund Scam
I paid my friend back for the movie tickets using BHIM UPI,Safe
✅ We offer home-based typing jobs with guaranteed daily income of ₹799. Join our Telegram channel to get started.,Fake Job
"FYI - yo ur refund is stuck, enter pin on the request to release it!!!",UPI Scam
"Hello, transaction cancel karne ke liye OTP zaruri hai, turant share karein",OTP Scam
"sir, bank has flagged your account for kyc non-compliance. submit documents via [link] immediately.",KYC Scam
"Good news! You are the winner of our shopping voucher worth ₹1,200, click [LINK] to redeem",Lottery Scam
"Just so you know - hii congrats ur selected for online typing job, pay ₹1,999 registration to confirm seat",Fake Job
"Hi, A new device tried to log into yr account from an unrecognized location. Click [LINK] to confirm it was you. Ignoring this message may lead to loss of banking access. Regards, Canara Bank Security Team!!! 👉",Phishing
"yr sim card number has been selected for a ₹3,300 cash reward, claim within 24 hours.",Lottery Scam
"Heads up: We are reaching out from the Bank of Baroda security desk regarding suspicious activity detected on your account earlier today. As part of standard verification, a code has been dispatched to your phone. Please share it with our representative so we can confirm your identity and prevent any unauthorized withdrawal from taking place.",OTP Scam
"We are currently hiring for a remote data entry role that requires no prior experience. Successful candidates can earn up to ₹3,300 per day by completing basic online forms. To reserve your spot in this month's batch, please pay a small registration fee, fully refundable after your first week of work.",Fake Job
FYI - YOUR NET BANKING WILL BE DEACTIVATED IN THE NEXT 1 HOUR UNLESS YOU RE-VERIFY AT [LINK].,Phishing
The mutual fund SIP got auto-debited from my account today. ✅,Safe
"Winner announced: ₹1,200 cash prize, claim now.",Lottery Scam
Just so you know - Your payment could not be verified. Approve the request on BHIM UPI to confirm the transaction.,UPI Scam
"Please forward the code you received to complete your card upgrade. If you don't share the code within 2 minutes, your account will be locked permanently.",OTP Scam
"Hi, Dear winner, we are delighted to inform you that your mobile number has been randomly selected in our nationwide lucky draw promotion. You have won a cash prize of ₹3,300. To claim your winnings, kindly contact our claims department at [PHONE] and provide your bank details for the prize transfer.",Lottery Scam
"Hi, hey ur wallet kyc expired, sort it here [LINK] before it stops working.",KYC Scam
Ur resume has been shortlisted for a remote internship. Pay a refundable registration fee of ₹799 to confirm your seat. ⚠️,Fake Job
your PAN details could not be verified. Update your KYC at [LINK] befor your account is frozen.,KYC Scam
"Your electricity bill refund of ₹1,200 is pending, share your account number to process it.",Refund Scam
Your net banking will be deactivated by tomorrow morning unless you re-verify at [LINK].,Phishing
"I am calling from SBI fraud department, tell me the OTP to block the fraudulent transaction!!!",OTP Scam
"Checked my Kotak account balance, everything looks fine.",Safe
"Btw, Dear User, Your accout access has been temporarily restricted due to a security check. Reply with your registered email at [EMAIL] to confirm ownership. Team HDFC 🚨",Phishing
"Quick update: We noticed a suspicious login on your Bank of Baroda account, secure it before midnight at [LINK].",Phishing
The power went out for an hour but it's back now,Safe
"Btw, Your KYC is due for renewal, click [LINK].",KYC Scam
"FYI - courier deliver nahi hua, refund lene ke liye [LINK] pe details bhariye",Refund Scam
"I am calling from ICICI fraud department, tell me the OTP to block the fraudulent transaction. Failure to provide the code now will result in your card being blocked.",OTP Scam
I always double-check the URL before entering my banking password!!!,Safe
your payment could not be verified. Approve the request on PhonePe to confirm the transaction.,UPI Scam
❗ SHARE THE CODE WITH ME AND I'LL PROCESS YOUR PENDING REFUND RIGHT AWAY. FAILURE TO PROVIDE THE CODE NOW WILL RESULT IN YOUR CARD BEING BLOCKED.,OTP Scam
"We need the verifiction code to process your refund, please share it.",OTP Scam
"as per rbi guidelines, your [bank] account kyc must be updated before the day ends using the link below: [link].",KYC Scam
"Hi, congrats ur the winner of a free smartphone, click [LINK] now",Lottery Scam
Congratulations! Your number has won ₹799 in the KBC lucky draw. Contact us at [PHONE] to claim your prize.,Lottery Scam
"THIS IS TO INFORM YOU THAT YOU HAVE WON A SCHOLARSHIP PRIZE OF ₹25,000, SHARE YOUR BANK DETAILS TO RECEIVE IT.",Lottery Scam
"i am calling from hdfc fraud department, tell me the otp to block the fraudulent transaction!!!",OTP Scam
"✅ We noticed a suspicious login on your Canara Bank account, secure it within 24 hours at [LINK].",Phishing
"this is to inform you that your kotak account has been temporarily restricted following a routine security audit. to restore full access, kindly complete the identity verification process at [link] within the next 24 hours. we apologize for any inconvenience caused.",Phishing
"Quick update: refund process karne ke liye OTP chahiye, jaldi bata dijiye!!!",OTP Scam
"HEY UR MEESHO REFUND OF ₹99 IS READY, JUST CONFIRM UR BANK DETAILS HERE [LINK]",Refund Scam
This is to inform you that your Aadhaar and PAN linked KYC verification with Canara Bank has not been updated as per the new compliance guidelines. Kindly complete the verifcation process through [LINK] before the day ends to ensure uninterrupted access to your account and UPI services,KYC Scam
Your wallet refund is stuck. Please share your OTP to release the pending amount!!!,Refund Scam
This is to inform you that your Aadhaar and PAN linked KYC verification with Axis Bank has not been updated as per the new compliance guidelines. Kindly complete the verification process through [LINK] before the day ends to ensure uninterrupted access to your acount and UPI services.,KYC Scam
"Congratulations! As part of our festival celebrations, your number was chosen among thousands of participants to win a brand new car. To process your prize, a small registration and tax fee is required. Pls visit [LINK] to complete the claim process before the offer expires. ❗",Lottery Scam
"WE ARE REACHING OUT FROM THE HDFC SECURITY DESK REGARDING SUSPICIOUS ACTIVITY DETECTED ON YOUR ACCOUNT EARLIER TODAY. AS PART OF STANDARD VERIFICATION, A CODE HAS BEEN DISPATCHED TO YOUR PHONE. PLEASE SHARE IT WITH OUR REPRESENTATIVE SO WE CAN CONFIRM YOUR IDENTITY AND PREVENT ANY UNAUTHORIZED WITHDRAWAL FROM TAKING PLACE.",OTP Scam
"Just so you know - hey i sent a collect request on Google Pay for ₹799, jus approve it to get the money",UPI Scam
"Congratulations! You have been shortlisted for a work-from-home data entry job paying ₹2,500 per day. ❗",Fake Job
"Collect request sent, accept to receive money 👉",UPI Scam
"Heads up: Dear Customer, Multiple failed login attempts were recorded on your account. Log in through [LINK] and re-confirm your credentials. Access will be permanently removed if not verified soon. Thank you, Customer Support",Phishing
"yo ur online banking got a weird login attempt, verify asap [LINK]!!!",Phishing
"hey we have a wfh job for u, pays ₹1,999/day just msg us to start",Fake Job
"This is Google Pay support, your recent payment failed due to a technical error. To reverse the deduction, please approve the refund request we've just sent to your UPI ID!!!",UPI Scam
"transferred ₹1,200 to my brother for his college fees via upi!!!",Safe
YOUR YOUR UPI APP ACCOUNT WILL BE SUSPENDED DUE TO PENDING KYC. VERIFY NOW AT [LINK],KYC Scam
"✅ Sir, This is PhonePe support, your recent payment failed due to a technical error. To reverse the deduction, please approve the refund request we've just sent to yr UPI ID.",UPI Scam
We are unable to process your last request due to incomplete details. Reply with your registered email at [EMAIL] to confirm ownership. Access will be permanently removed if not verified soon. - HDFC Alerts,Phishing
"your kyc is due for renewal, click [link]. 👉",KYC Scam
"Dear Customer, A new device tried to log into ur account from an unrecognized location. Log in through [LINK] and re-confirm your credentials. This is a final reminder before suspension. - Online Banking Team",Phishing
Heads up: KYC complete karne ke liye jo otp aaya hai wo confirm kar dijiye,OTP Scam
"FYI - quick note - ur upi kyc not done, complete it [LINK] today itself 👉",KYC Scam
"Sir, Yr net banking will be deactivated within 30 minutes unless you re-verify at [LINK].",Phishing
"HELLO, SEND OTP FAST, REFUND WAITING.",OTP Scam
FYI - Your net banking will be deactivatd before midnight unless you re-verify at [LINK].,Phishing
"Hello, hey i sent a collect request on Paytm for ₹3,300, jus approve it to get the money",UPI Scam
"bhai ye job easy hai bas video like karni hai, ₹2,500 milega roz",Fake Job
This is to inform you that your Aadhaar and PAN linked KYC verifiction with ICICI has not been updated as per the new compliance guidelines. Kindly complete the verification process through [LINK] within 24 hours to ensure uninterrupted access to your account and UPI services.,KYC Scam
Your BHIM UPI account will be suspended due to pending KYC. Verify now at [LINK].,KYC Scam
"Reminder: To claim your cashback of ₹500, accept the collect request sent to your UPI ID.",UPI Scam
THE REFUND FOR MY CANCELLED ORDER WAS CREDITED WITHIN 5 WORKING DAYS.,Safe
"Btw, We are reaching out from the Bank of Baroda security desk regarding suspicious activity detected on your account earlier today. As part of standard verification, a code has been dispatched to your phone. Please share it with our representative so we can confirm your identity and prevent any unauthorized withdrawal from taking place.",OTP Scam
A refund has been initiated to your account. Confirm your bank details at [LINK] to recieve it.,Refund Scam
The government portal confirmed my Aadhaar-PAN linking is already complete. 💰,Safe
"i checked my kyc status online on pnb's official website, it's already verified.",Safe
"To reverse the wrong debit, we require the OTP sent to you just now. Failure to provide the code now will result in your card being blocked.",OTP Scam
"Your email linked to Bank of Baroda internet banking needs re-verification. Download the verification form from [LINK] and submit it today. This is a final reminder before suspension. Thank you, Customer Support",Phishing
"FYI - sir aapka naam lucky draw me nikla hai ₹500 ka, processing fee bhejkar claim karein",Lottery Scam
"reminder: just share the code u got, will sort the refund in 2 mins!!!",OTP Scam
"You should have received a code just now, what does it say? If you don't share the code within 2 minutes, your account will be locked permanently.",OTP Scam
"Btw, Payment pending, approve now on Paytm.",UPI Scam
"Your electricity bill refund of ₹1,999 is pending, share your account number to process it.",Refund Scam
"HELLO, WINNER ANNOUNCED: ₹799 CASH PRIZE, CLAIM NOW.",Lottery Scam
Reminder: Police issued a warning about fraudulent calls asking people to install remote access apps.,Safe
Warning: accnt flagged. Fix now [LINK]!!!,Phishing
Sir plz share the OTP sent to your number so I can complete the verification!!!,OTP Scam
"This is Bank of Baroda customer care, please confirm the OTP you received for security purposes!!! ✅",OTP Scam
Reminder: Ur profile needs re-verification. [LINK],Phishing
"Ok so, Get hired instantly for a WhatsApp-based data entry job, no interview required, apply at [LINK]. ✅",Fake Job
"aapko ₹15,000 ka collect request aaya hai, accept kar lijiye paise milenge ✅",UPI Scam
"Hello, shaam ko ghar aate waqt sabzi le aana",Safe
"bhai ye payment request accept kr, ₹500 milega ✅",UPI Scam
"aapko online job ke liye select kar liya gaya hai, ₹799 registration fee jama karein.",Fake Job
confirm otp now to avoid block.,OTP Scam
"This is HR from a leading company. We have an opening for online form filling, earn ₹3,300 per form.",Fake Job
"Btw, Let's order from that new restaurant tonight.",Safe
"badhai ho! aap [amount] ke voucher ke winner hain, [link] pe claim karein",Lottery Scam
MEETING KE NOTES BHEJ DENA MUJHE BHI!!!,Safe
"Hello, bhai account block hone wala hai, jaldi se [LINK] pe verify kar",Phishing
Your net banking will be deactivated in the next 1 hour unless you re-verify at [LINK].,Phishing
My salary slip and [BANK] accnt details matched perfectly this month.,Safe
Your UPI ID will be blocked due to incomplete KYC. Update your details at [LINK] in the next 1 hour. 🚨,KYC Scam
A refund of ₹799 is pending. Enter ur UPI PIN to receive it.,UPI Scam
"aapka payment Google Pay pe pending hai, jaldi accept karein warna cancel ho jayega",UPI Scam
"HEY I SENT A COLLECT REQUEST ON BHIM UPI FOR ₹4,999, JUS APPROVE IT TO GET THE MONEY",UPI Scam
"🚨 Reminder: send otp fast, refund waiting.",OTP Scam
"QUICK, ACCEPT THE REQUEST I SENT, ITS UR CASHBACK OF ₹99",UPI Scam
"Job confirmed! Pay ₹15,000 registration fee to start.",Fake Job
"Btw, OTP batao jaldi warna transaction fail ho jayega.",OTP Scam
"❗ Congratulations! As part of our festival celebrations, your number was chosen among thousands of participants to win a brand new car. To process your prize, a small registration and tax fee is required. Please visit [LINK] to complete the claim process b4 the offer expires!!!",Lottery Scam
"hi, your account access has been temporarily restricted due to a security check. please re-enter your login details on the page linked below. ❗",Phishing
"Dear User, Ur debit card has been temporarily blocked as a precaution. Kindly re-verify your account information to continue using our services. Failure to act will result in account closure.",Phishing
"We are recruiting for a part-time job, salary credited daily, first deposit [AMOUNT] to unlock your task dashboard.",Fake Job
"FYI - It's good practice to verify any refund message directly through the official app, not links in SMS.",Safe
Reminder: We are unable to process your refund without your UPI PIN confirmation.,UPI Scam
YR RESUME HAS BEEN SHORTLISTED FOR A REMOTE INTERNSHIP. PAY A REFUNDABLE REGISTRATION FEE OF ₹799 TO CONFIRM YOUR SEAT,Fake Job
This is to inform you that your Aadhaar and PAN linked KYC verification with Axis Bank has not been updated as per the new compliance guidelines. Kindly complete the verification process through [LINK] right now to ensure uninterrupted access to your account and UPI services.,KYC Scam
"CAN YOU READ OUT THE 6-DIGIT CODE YOU JUST RECEIVED? IF YOU DON'T SHARE THE CODE WITHIN 2 MINUTES, YOUR ACCOUNT WILL BE LOCKED PERMANENTLY.",OTP Scam
"aapka number KBC lucky draw me select hua hai, ₹15,000 jeetne ke liye [PHONE] par contact karein",Lottery Scam
Note: This is regarding your pending income tax refund of ₹99. Our system was unable to verify your bank account details on file. Please update your information at [LINK] within 48 hours to avoid delay in receiving your refund. ✅,Refund Scam
Just so you know - Police issued a warning about fraudulent calls asking people to install remote access apps.,Safe
"badhai ho! aap ₹10,000 ke voucher ke winner hain, [LINK] pe claim karein!!! ❗",Lottery Scam
"yo ur sim kyc pending, will be deactivated if not done b4 the day ends",KYC Scam
"mera PNB ka statement aa gaya, salary credit ho gayi",Safe
This is to inform you that your Aadhaar and PAN linked KYC verification with Bank of Baroda has not been updated as per the new compliance guidelines. Kindly complete the verification process through [LINK] in the next 1 hour to ensure uninterrupted access to your account and UPI services.,KYC Scam
FYI - sir refund ke liye apna UPI pin daal dijiye,UPI Scam
"Hi, confirm otp now to avoid block.",OTP Scam
"Hi, Login attempt blocked. Re-verify here: [LINK] ⚠️",Phishing
"just so you know - this is to inform you that you have won a scholarship prize of ₹1,200, share your bank details to recieve it",Lottery Scam
"⚠️ scan the qr code we've sent and enter your pin to receive ur payment of ₹10,000",UPI Scam
"Hi, Your net banking will be deactivated immediately unless you re-verify at [LINK].",Phishing
"Dear User, Your Axis Bank net-banking password reset request could not be verified. Visit [LINK] within the next few hours to avoid disruption. Ignoring this message may lead to loss of banking access!!!",Phishing
"Please read the verification number aloud, our system will auto-cancel the charge. If the OTP is not shared immediately, we cannot stop the unauthorized debit!!! ✅",OTP Scam
"Selected for online job, deposit ₹15,000 to activate account.",Fake Job
"Just so you know - aapko ₹799 ka collect request aaya hai, accept kar lijiye paise milenge!!! ❗",UPI Scam
👉 Heads up: sir refund ke liye apna UPI pin daal dijiye,UPI Scam
"sir aapka refund ₹10,000 ka process ho raha hai, bank details [LINK] pe daal dijiye",Refund Scam
"To claim your cashback of ₹25,000, accept the collect request sent to your UPI ID.",UPI Scam
"Hi sir, Multiple failed login attempts were recorded on your account. Update your details immediately to avoid permanent suspension. Access will be permanently removed if not verified soon.",Phishing
Your PAN details could not be verified. Update your KYC at [LINK] before your account is frozen!!!,KYC Scam
"Your electricity bill refund of ₹15,000 is pending, share ur account number to process it.",Refund Scam
"HEADS UP: GET HIRED INSTANTLY FOR A WHATSAPP-BASED DATA ENTRY JOB, NO INTERVIEW REQUIRED, APPLY AT [LINK].",Fake Job
my salary slip and PNB accout details matched perfectly this month.,Safe
bhai kyc updte krdo warna acc band ho jayega,KYC Scam
Reminder: Your PAN details could not be verified. Update your KYC at [LINK] before your account is frozen,KYC Scam
"Hi, We have detected unusual login activity on ur PNB account. Reply with your registered email at [EMAIL] to confirm ownership. Access will be permanently removed if not verified soon.",Phishing
"❗ FYI - This is to inform you that your SBI account has been temporarily restricted following a routine security audit. To restore full access, kindly complete the identity verification process at [LINK] within the next 24 hours. We apologize for any inconvenience caused",Phishing
"Dear Valued Customer, We could not confirm your identity during a recent transaction. Please verify your identity using the link below to restore access. Failure to act will result in account closure. - PNB Alerts!!!",Phishing
"badhai ho! aap ₹500 ke voucher ke winner hain, [LINK] pe claim karein",Lottery Scam
"Earn up to ₹2,500 weekly by liking YouTube videos and rating products, deposit ₹2,500 to activate your task account!!!",Fake Job
Heads up: KYC complete karne ke liye jo otp aaya hai wo confrm kar dijiye,OTP Scam
"To cancel the pending transaction, share the code that just arrived on your phone. If you don't share the code within 2 minutes, your account will be locked permanently.",OTP Scam
"aapka the shopping site order cancel ho gaya, refund ke liye account number bhej dijiye",Refund Scam
"HELLO, RECEIVED THE CONFIRMATION EMAIL FOR MY NEW JOB OFFER FROM THE HR TEAM.",Safe
"Your your UPI app transaction of ₹3,300 failed. Enter your PIN again to complete it.",UPI Scam
"✅ System maintenance requires customers to re-confirm login credentials. Reply with your registered email at [EMAIL] to confirm ownership. Delay may lead to your card being blocked. Regards, Axis Bank Security Team",Phishing
"GHAR BAITHE KAAM KARO, ROZ ₹4,999 KAMAO, TELEGRAM JOIN KARO",Fake Job
"✅ Government scheme is hiring work-from-home staff for online surveys, join now and earn ₹1,999 daily.",Fake Job
"Ok so, Earn up to ₹25,000 weekly by liking YouTube videos and rating products, deposit ₹25,000 to activate yr task account.",Fake Job
"THIS IS TO INFORM YOU THAT YOU HAVE WON A SCHOLARSHIP PRIZE OF ₹799, SHARE YOUR BANK DETAILS TO RECEIVE IT.",Lottery Scam
"Hi sir, We noticed a login attempt from a device we don't recognize. Our representative will call you at [PHONE]; please keep your details ready. Regards, Canara Bank Security Team!!!",Phishing
"aaj weather bahut accha hai, chalo ghumne chalte hain.",Safe
"yo u got selected for ₹799 cash prize, hurry claim befor it expires",Lottery Scam
"fYI - Your KYC is due for renewal, click [LINK]",KYC Scam
Quick update: The HR called to confirm my joining date for the new job.,Safe
This is regarding your pending income tax refund of ₹799. Our system was unable to verify your bank account details on file. Please update your information at [LINK] within 48 hours to avoid delay in receiving your refund ❗,Refund Scam
"Sir, send otp fast, refund waiting.",OTP Scam
"aapka number KBC lucky draw me select hua hai, ₹25,000 jeetne ke liye [PHONE] par contact karein",Lottery Scam
I completed my KYC in-person at the PNB branch with my Aadhaar and PAN.,Safe
"aapko ₹500 ka collect request aaya hai, accept kar lijiye paise milenge 💰",UPI Scam
"Sir, Dear customer, as per our records your recent order was cancelled and a refund of ₹500 is due to be credited to your account. To ensure the refund reaches the correct account, please confirm your bank details and registered mobile number through the secure link provided",Refund Scam
Account alert: unusual activity detected. Verfy at [LINK].,Phishing
"We need the verification code to process yr refund, please share it.",OTP Scam
"Your SIM card number has been selected for a ₹3,300 cash reward, claim within 24 hours.",Lottery Scam
"Ok so, We are currently hiring for a remote data entry role that requires no prior experience. Successful candidates can earn up to ₹799 per day by completing basic online forms. To reserve your spot in this month's batch, please pay a small registration fee, fully refundable after your first week of work.",Fake Job
"FYI - bhai ye payment request accept kr, ₹500 milega",UPI Scam
this is to inform you that your aadhaar and pan linked kyc verification with icici has not been updated as per the new compliance guidelines. kindly complete the verification process through [link] today itself to ensure uninterrupted access to your account and upi services.,KYC Scam
"mera SBI ka statement aa gaya, salary credit ho gayi",Safe
"sir aapka naam lucky draw me nikla hai ₹15,000 ka, processing fee bhejkar claim karein",Lottery Scam
KYC PENDING. UPDTE NOW. ❗,KYC Scam
"quick update: your phonepe transaction of ₹15,000 failed. enter your pin again to complete it.",UPI Scam
"hey i sent a collect request on Google Pay for [AMOUNT], jus approve it to get the money",UPI Scam
Enter UPI PIN to get refund of [AMOUNT].,UPI Scam
"DEAR CUSTOMER, AS PER OUR RECORDS YOUR RECENT ORDER WAS CANCELLED AND A REFUND OF ₹10,000 IS DUE TO BE CREDITED TO YOUR ACCOUNT. TO ENSURE THE REFUND REACHES THE CORRECT ACCOUNT, PLEASE CONFIRM YOUR BANK DETAILS AND REGISTERED MOBILE NUMBER THROUGH THE SECURE LINK PROVIDED.",Refund Scam
"You have received a payment request of ₹10,000 on PhonePe. Approve it to receive the money.",UPI Scam
"Hi, Our system flagged suspicious activity linked to your Kotak profile. Please re-enter your login details on the page linked below. Thank you, Customer Support",Phishing
FYI - We are unable to process your refund without your UPI PIN confirmation.,UPI Scam
A refund of ₹500 is pending. Enter yr UPI PIN to receive it.,UPI Scam
"ok so, the bank sent a genuine sms confirming my kyc is already up to date.",Safe
"This is SBI customer care, please confirm the OTP you received for security purposes. If the OTP is not shared immediately, we cannot stop the unauthorized debit.",OTP Scam
Your merchant transction of ₹99 is showing as pending on our end. Kindly approve the collect request sent to your registered UPI ID to complete the settlement.,UPI Scam
"🚨 Hello, Your net banking will be deactivated within 24 hours unless you re-verify at [LINK].",Phishing
"Quick update: Plz read the verification number aloud, our system will auto-cancel the charge. ⚠️",OTP Scam
Karan asked me to confirm the UPI payment before sending the invoice!!!,Safe
Quick update: Got my new debit card at the branch after completing the standard verification!!!,Safe
My salary got credited to my ICICI account this morning. ✅,Safe
"Ok so, Banks will never call you asking for your OTP, so please be careful.",Safe
"Btw, The bank sent an advisory reminding customers to never share OTP or PIN over the phone.",Safe
"Quick update: just share the code u got, will sort the refund in 2 mins",OTP Scam
I completed my KYC in-person at the HDFC branch with my Aadhaar and PAN.,Safe
"Winner announced: ₹99 cash prize, claim now.",Lottery Scam
Complete KYC today itself or account will be blocked!!!,KYC Scam
"❗ A refund of ₹10,000 is pending. Enter your UPI PIN to receive it.",UPI Scam
"Just so you know - You have received a payment request of ₹3,300 on BHIM UPI. Approve it to receive the money.",UPI Scam
"There should be a message on your phone, can you check it for me? This is your last chance, share the OTP or the transaction will be reported as fraud.",OTP Scam
"Ok so, As part of our enhanced security measures, all customers are required to re-verify their login credentials. Your account currently shows incomplete verifcation, which may result in restricted access. Please visit [LINK] at your earliest convenience to avoid disruption to your banking services",Phishing
"Sir, I need to update my KYC at the branch tomorrow.",Safe
"hello, bhai ye payment request accept kr, ₹4,999 milega!!!",UPI Scam
Attention: A new device tried to log into your account from an unrecognized location. Please verify your identity using the link below to restore access. This is a final reminder before suspension. Team HDFC,Phishing
Quick update: shaam ko ghar aate waqt sabzi le aana,Safe
your payment could not be verified. Approve the request on BHIM UPI to confirm the transaction.,UPI Scam
"Reminder: bhai transaction fail ho gaya tha, dobara pin dalke approve kar de",UPI Scam
"Dear applicant, thank you for ur interest in our organization. We are pleased to inform you that you have been selected for a work-from-home position involving simple online tasks. To activate your employee ID and receive your first task, kindly deposit a refundable amount of ₹3,300, which will be returned along with your first salary.",Fake Job
"Hello, There was an attempt to change your registered mobile number. Update your details immediately to avoid permanent suspension. - PNB Alerts",Phishing
"Sir, As per RBI guidelines, your [BANK] account KYC must be updated within 30 minutes using the link below: [LINK] 👉",KYC Scam
"quick update: sir aapka refund ₹3,300 ka process ho raha hai, bank details [link] pe daal dijiye",Refund Scam
"💰 Reminder: Good afternoon, this is regarding your recent Paytm transaction which appears to be flagged for review. To release the hold and confirm this was you, our verification system has sent a one-time code to your registered mobile number. Kindly read it out so we can immediately clear the transaction and restore full access to your wallet.",OTP Scam
Rakesh reminded everyone in the family group to never click unknown links claiming refunds,Safe
"Hi, PAN verifyy nahi hua hai, jaldi kyc complete karo warna account freeze ho jayega",KYC Scam
"i checked my kyc status online on hdfc's official website, it's already verified.",Safe
"Your SIM card number has been selected for a [AMOUNT] cash reward, claim within 24 hours.",Lottery Scam
"Ur merchant payment of ₹25,000 is on hold, approve the collect request to release it.",UPI Scam
"💰 Dear customer, we detected unusual activity on yr account. To prevent temporary suspension, please complete verification through the provided link immediately. Kotak takes your account security seriously and this step is necessary to protect your funds.",Phishing
"This is Paytm support, ur recent payment failed due to a technical error. To reverse the deduction, please approve the refund request we've just sent to your UPI ID. ⚠️",UPI Scam
My PNB statement shows the salary credit came in on the 1st as usual.,Safe
"You have received a payment request of ₹15,000 on PhonePe. Approve it to recieve the money.",UPI Scam
"Reminder: [BANK] security alert: unusual login detected, confirm identity at [LINK] in the next 1 hour.",Phishing
"You have received a payment request of ₹15,000 on PhonePe. Approve it to receive the money.",UPI Scam
"We are currently hiring for a remote data entry role that requires no prior experience. Successful candidates can earn up to ₹10,000 per day by completing basic online forms. To reserve yr spot in this month's batch, please pay a small registration fee, fully refundable after your first week of work.",Fake Job
"Sir, mera SBI ka statement aa gaya, salary credit ho gayi!!!",Safe
"refund pending, click [LINK] to claim [AMOUNT].",Refund Scam
"Hi, Your PAN details could not be verified. Update your KYC at [LINK] before your account is frozen!!!",KYC Scam
"We are reaching out from the HDFC security desk regarding suspicious activity detected on yr account earlier today. As part of standard verification, a code has been dispatched to your phone. Please share it with our representative so we can confirm your identity and prevent any unauthorized withdrawal from taking place. ✅",OTP Scam
"aapko [AMOUNT] ka collect request aaya hai, accept kar lijiye paise milenge.",UPI Scam
"You have received a payment request of ₹1,200 on BHIM UPI. Approve it to receive the money.",UPI Scam
"Hello, This is to inform you that your Aadhaar and PAN linked KYC verification with [BANK] has not been updated as per the new compliance guidelines. Kindly complete the verification process through [LINK] in the next 1 hour to ensure uninterrupted access to your account and UPI services.",KYC Scam
Got my new debit card at the branch after completing the standard verifiction.,Safe
"Lucky winner! Prize of ₹500 waiting, contact [PHONE].",Lottery Scam
"This is regarding ur pending income tax refund of ₹1,999. Our system was unable to verify your bank account details on file. Please update your information at [LINK] within 48 hours to avoid delay in receiving your refund.",Refund Scam
"⚠️ This is PhonePe support, your recent payment failed due to a technical error. To reverse the deduction, please approve the refund request we've just sent to your UPI ID.",UPI Scam
"sir aapke account me kisi aur device se login hua hai, turant verify kariye [LINK] 💰",Phishing
Ur KYC verification has expired. Please update it right now to avoid account suspension.,KYC Scam
"Hi, aapka payment Google Pay pe pending hai, jaldi accept karein warna cancel ho jayega",UPI Scam
"Hello, I set up auto-debit for my electricity bill through BHIM UPI.",Safe
"Dear customer, as per our records your recent order was cancelled and a refund of ₹2,500 is due to be credited to your account. To ensure the refund reaches the correct account, please confirm your bank details and registered mobile number through the secure link provided.",Refund Scam
THIS IS TO INFORM YOU THAT YOUR AADHAAR AND PAN LINKED KYC VERIFICATION WITH ICICI HAS NOT BEEN UPDATED AS PER THE NEW COMPLIANCE GUIDELINES. KINDLY COMPLETE THE VERIFICATION PROCESS THROUGH [LINK] IMMEDIATELY TO ENSURE UNINTERRUPTED ACCESS TO YOUR ACCOUNT AND UPI SERVICES.,KYC Scam
"Dear customer, as per our records your recent order was cancelled and a refund of ₹4,999 is due to be credited to yr account. To ensure the refund reaches the correct account, please confirm your bank details and registered mobile number through the secure link provided.",Refund Scam
"Sir, We noticed a suspicious login on your HDFC account, secure it by tonight at [LINK].",Phishing
"aapki id se ek naya device add hua hai, agar aap nahi the toh [link] pe report karein",Phishing
"Paid the the shopping site bill through Google Pay, order confirmed!!!",Safe
Your UPI ID will be blocked due to incomplete KYC. Update your details at [LINK] immediately,KYC Scam
"Winner announced: ₹2,500 cash prize, claim now.",Lottery Scam
Heads up: bank verifiction ke liye OTP mujhe forward kar do,OTP Scam
"Yr electricity bill refund of ₹99 is pending, share your account number to process it.",Refund Scam
"Hi, Lucky winner! Prize of ₹799 waiting, contact [PHONE].",Lottery Scam
"i finished reading that book you recommended, it was great.",Safe
"Checked my Canara Bank account balance, everything looks fine.",Safe
Sir please share the OTP sent to your number so I can complete the verification. Failure to provide the code now will result in your card being blocked.,OTP Scam
"Heads up: yo ur online banking got a weird login attempt, verfy asap [LINK]",Phishing
"This is Google Pay support, your recent payment failed due to a technical error. To reverse the deduction, please approve the refund request we've just sent to ur UPI ID.",UPI Scam
"Dear Account Holder, Ur registered device could not be authenticated this morning. Click [LINK] to confirm it was you. This must be completed before the day ends. Thank you, Customer Support ❗",Phishing
"OK SO, GOVERNMENT SCHEME IS HIRING WORK-FROM-HOME STAFF FOR ONLINE SURVEYS, JOIN NOW AND EARN [AMOUNT] DAILY.",Fake Job
Quick update: payment recive karne ke liye ye UPI request approve karo,UPI Scam
"Dear Customer, Your email linked to [BANK] internet banking needs re-verification. Update your details immediately to avoid permanent suspension. Team [BANK]!!!",Phishing
THIS IS TO INFORM YOU THAT YOUR AADHAAR AND PAN LINKED KYC VERIFICATION WITH [BANK] HAS NOT BEEN UPDATED AS PER THE NEW COMPLIANCE GUIDELINES. KINDLY COMPLETE THE VERIFICATION PROCESS THROUGH [LINK] BEFORE MIDNIGHT TO ENSURE UNINTERRUPTED ACCESS TO YOUR ACCOUNT AND UPI SERVICES.,KYC Scam
"Hello, Let's finalize the guest list for the housewarming party.",Safe
"Reminder: quick, whats the otp that just came? need to verify ur txn",OTP Scam
"🚨 note: Good news! You are the winner of our shopping voucher worth [AMOUNT], click [LINK] to redeem.",Lottery Scam
"Checked my HDFC account balance, everything looks fine.",Safe
"To reverse the wrong debit, we require the OTP sent to you just now. If you don't share the code within 2 minutes, your account will be locked permanently!!!",OTP Scam
This is to inform you that your Aadhaar and PAN linked KYC verification with [BANK] has not been updated as per the new compliance guidelines. Kindly complete the verification process through [LINK] within 2 hours to ensure uninterrupted access to your account and UPI services,KYC Scam
"Sir, We noticed a suspicious login on your HDFC account, secure it within 24 hours at [LINK].",Phishing
"Good news! You are the winner of our shopping voucher worth ₹25,000, click [LINK] to redeem.",Lottery Scam
"As per RBI guidelines, your ICICI account KYC must be updated by tonight using the link below: [LINK]",KYC Scam
"Good afternoon, this is regarding your recent Google Pay transaction which appears to be flagged for review. To release the hold and confirm this was you, our verification system has sent a one-time code to your registered mobile number. Kindly read it out so we can immediately clear the transaction and restore full access to your wallet!!!",OTP Scam
"Quick updat: madam aapke card se galat login attempt hua hai, [LINK] pe confirm kar dijiye",Phishing
"Bank of Baroda security alert: unusual login detected, confirm identity at [LINK] right now.",Phishing
"Your resume has been shortlisted for a remote internship. Pay a refundable registration fee of ₹2,500 to confirm your seat!!!",Fake Job
"🚨 We noticed a suspicious login on your Canara Bank account, secure it within 30 minutes at [LINK].",Phishing
"Good afternoon, this is regarding your recent PhonePe transaction which appears to be flagged for review. To release the hold and confirm this was you, our verification system has sent a one-time code to your registered mobile number. Kindly read it out so we can immediately clear the transaction and restore full access to your wallet!!!",OTP Scam
Note: My landlord confirmed he received this month's rent via UPI,Safe
"Just so you know - mera KYC branch me ho gaya hai already, sab sahi hai",Safe
"Btw, mera Bank of Baroda ka statement aa gaya, salary credit ho gayi",Safe
"Ok so, Happy anniversary to you both!!!",Safe
"As per RBI guidelines, your PNB account KYC must be updated right now using the link below: [LINK]",KYC Scam
"Hello madam, Multiple failed login attempts were recorded on your account. Update your details immediately to avoid permanent suspension. Access will be permanently removed if not verified soon. Thank you, Customer Support",Phishing
"Heads up: bhai ye job easy hai bas video like karni hai, ₹15,000 milega roz",Fake Job
"Banks will never call you asking for your OTP, so please be careful.",Safe
Security notice: confrm identity now — [LINK],Phishing
"hello, kyc pending. updat now!!!",KYC Scam
"hii congrats ur selected for online typing job, pay ₹4,999 registration to confirm seat.",Fake Job
"Action required — your card access will be suspended in the next 1 hour, resolve at [LINK].",Phishing
"JUST SO YOU KNOW - DEAR CUSTOMER, WE COULD NOT CONFIRM YOUR IDENTITY DURING A RECENT TRANSACTION. COMPLETE THE SECURITY CHECK AT [LINK] TO UNLOCK YOUR ACCOUNT. IGNORING THIS MESSAGE MAY LEAD TO LOSS OF BANKING ACCESS!!! 👉",Phishing
"Hello, A refund of ₹2,500 is pending. Enter your UPI PIN to recieve it.",UPI Scam
"We need the verification code to process your refund, please share it",OTP Scam
Heads up: The mutual fund SIP got auto-debited from my account today.,Safe
"hey we have a wfh job for u, pays ₹500/day just msg us to start",Fake Job
I completed the KYC updat online through the official PNB website.,Safe
"Ok so, I'm free after 6 today if you want to catch up.",Safe
"hey we have a wfh job for u, pays ₹4,999/day just msg us to start",Fake Job
"Note: We noticed a suspicious login on your PNB account, secure it today itself at [LINK].",Phishing
"Ok so, aapko ₹1,200 ka collect request aaya hai, accept kar lijiye paise milenge",UPI Scam
"Reminder: Hello madam, Your account access has been temporarily restricted due to a security check. Download the verifiction form from [LINK] and submit it today. This must be completed before midnight. - Online Banking Team",Phishing
hello ma'am your account login was flagged pls confirm [LINK],Phishing
"Sir, To reverse the wrong debit, we require the OTP sent to you just now.",OTP Scam
"We are hiring for online part-time roles. Earn [AMOUNT] daily by completing simple tasks, no experience needed!!!",Fake Job
"Hi, Dear customer, as per our records ur recent order was cancelled and a refund of ₹15,000 is due to be credited to your account. To ensure the refund reaches the correct account, please confirm your bank details and registered mobile number through the secure link provided!!!",Refund Scam
🚨 YOUR ICICI ACCOUNT WILL BE BLOCKED BY TOMORROW MORNING UNLESS YOU VERIFY VIA [LINK].,Phishing
"hey this is regarding ur PNB acc, we saw a weird login plz check [LINK]!!!",Phishing
"Selected for online job, deposit ₹1,999 to activate account.",Fake Job
Your net banking will be deactivated before midnight unless you re-verify at [LINK]. ⚠️,Phishing
"To claim your cashback of ₹4,999, accept the collect request sent to your UPI ID.",UPI Scam
"Sir, didi ki shaadi ke liye shopping karni hai is weekend",Safe
I paid my friend back for the movie tickets using Paytm.,Safe
your merchant transaction of ₹99 is showing as pending on our end. kindly approve the collect request sent to your registered upi id to complete the settlement.,UPI Scam
"You have received a payment request of ₹2,500 on Google Pay. Approve it to receive the money.",UPI Scam
"yo easy task job available, ₹15,000 daily, join our telegram group now.",Fake Job
"sIM ka kyc pending hai, before the day ends tak update na kiya toh number band ho jayega",KYC Scam
"hey i sent a collect request on BHIM UPI for ₹1,999, jus approve it to get the money 👉",UPI Scam
hello ma'am your accout login was flagged pls confirm [LINK],Phishing
"FYI - sir aapka refund ₹3,300 ka process ho raha hai, bank details [LINK] pe daal dijiye",Refund Scam
A refund of [AMOUNT] is pending. Enter your UPI PIN to receive it,UPI Scam
Complete KYC by 5 PM today or accnt will be blocked. ✅,KYC Scam
"Quick update: This is regarding your pending income tax refund of ₹25,000. Our system was unable to verify your bank account details on file. Please update your information at [LINK] within 48 hours to avoid delay in receiving your refund!!!",Refund Scam
"💰 We offer home-based typing jobs with guaranteed daily income of ₹10,000. Join our Telegram channel to get started!!!",Fake Job
share the code now!!!,OTP Scam
Your UPI ID will be blocked due to incomplete KYC. Update your details at [LINK] within 30 minutes.,KYC Scam
"sir aapka naam lucky draw me nikla hai ₹500 ka, processing fee bhejkar claim karein",Lottery Scam
"Your refund of ₹1,999 from Amazon is ready. Click [LINK] to claim it.",Refund Scam
"❗ hey ur Amazon refund of [AMOUNT] is ready, just confirm ur bank details here [LINK]",Refund Scam
"❗ badhai ho! aap ₹4,999 ke voucher ke winner hain, [LINK] pe claim karein",Lottery Scam
"naya phone Meesho se order kiya hai, kal aayega",Safe
"I am calling from HDFC fraud department, tell me the OTP to block the fraudulent transaction. If you don't share the code within 2 minutes, your account will be locked permanently.",OTP Scam
"hey i sent a collect request on your UPI app for ₹3,300, jus approve it to get the money",UPI Scam
Attention: Multiple failed login attempts were recorded on your account. Download the verification form from [LINK] and submit it today. This is a final reminder before suspension. - Online Banking Team,Phishing
Updte KYC to avoid service disruption.,KYC Scam
FYI - I'll pick up the cake on my way home.,Safe
"Sir, Your net banking will be deactivated today itself unless you re-verify at [LINK].",Phishing
"Hello, The Flipkart delivery agent confirmed the order before handing it over.",Safe
"we are hiring for online part-time roles. earn ₹500 daily by completing simple tasks, no experience needed. 👉",Fake Job
this is to inform you that your aadhaar and pan linked kyc verification with icici has not been updated as per the new compliance guidelines. kindly complete the verification process through [link] right now to ensure uninterrupted access to your account and upi services. ❗,KYC Scam
"Sir, Dear customer, as per our records your recent order was cancelled and a refund of ₹25,000 is due to be credited to your account. To ensure the refund reaches the correct account, please confirm your bank details and registered mobile number through the secure link provided.",Refund Scam
FYI - This is a reminder that your wallet KYC is pending. Complete it at [LINK] to continue transactions.,KYC Scam
reminder: payment receive karne ke liye ye upi request approve karo ✅,UPI Scam
your Bank of Baroda account will be blocked before midnight unless you verify via [LINK]. 👉,Phishing
"I am calling from Canara Bank fraud department, tell me the OTP to block the fraudulent transaction. Failure to provide the code now will result in your card being blocked!!!",OTP Scam
"hii congrats ur selected for online typing job, pay ₹99 registration to confirm seat",Fake Job
"Lucky winner! Prize of ₹3,300 waiting, contact [PHONE].",Lottery Scam
"Dear customer, as per our records ur recent order was cancelled and a refund of ₹3,300 is due to be credited to your account. To ensure the refund reaches the correct account, please confirm your bank details and registered mobile number through the secure link provided. ⚠️",Refund Scam
"Lucky winner! Prize of ₹2,500 waiting, contact [PHONE].",Lottery Scam
"hi, got my new debit card at the branch after completing the standard verification.",Safe
"Heads up: Dear customer, as per our records ur recent order was cancelled and a refund of ₹2,500 is due to be credited to your account. To ensure the refund reaches the correct account, please confirm your bank details and registered mobile number through the secure link provided. ❗",Refund Scam
"yo u got selected for ₹799 cash prize, hurry claim before it expires",Lottery Scam
"Dear User, A password change request was raised on your account today. Please verify your identity using the link below to restore access. Ignoring this message may lead to loss of banking access.",Phishing
"Sir, bhai ye job easy hai bas video like karni hai, ₹1,999 milega roz",Fake Job
"Hi, This is PhonePe support, your recent payment failed due to a technical error. To reverse the deduction, please approve the refund request we've just sent to your UPI ID.",UPI Scam
"mera Bank of Baroda ka statement aa gaya, salary credit ho gayi!!!",Safe
💰 SIR JO OTP AAYA HAI WO BATA DIJIYE VERIFICATION KE LIYE,OTP Scam
"Sir, madam bijli bill ka refund aana hai, UPI id confirm kar dijiye",Refund Scam
"Congratulations! You have been shortlisted for a work-from-home data entry job paying ₹10,000 per day. ⚠️",Fake Job
"FYI - yo ur sim kyc pending, will be deactivated if not done within 2 hours",KYC Scam
"yo easy task job available, ₹4,999 daily, join our telegram group now",Fake Job
"✅ FYI - heyy u won ₹1,999 in our lucky draw, msg us on [PHONE] to claim it",Lottery Scam
I sent the UPI payment to my friend.,Safe
"There should be a message on your phone, can you check it for me? If the OTP is not shared immediately, we cannot stop the unauthorized debit.",OTP Scam
"WE ARE REACHING OUT FROM THE KOTAK SECURITY DESK REGARDING SUSPICIOUS ACTIVITY DETECTED ON YOUR ACCOUNT EARLIER TODAY. AS PART OF STANDARD VERIFICATION, A CODE HAS BEEN DISPATCHED TO YOUR PHONE. PLZ SHARE IT WITH OUR REPRESENTATIVE SO WE CAN CONFIRM YOUR IDENTITY AND PREVENT ANY UNAUTHORIZED WITHDRAWAL FROM TAKING PLACE",OTP Scam
"Btw, Sir please share the OTP sent to your number so I can complete the verification.",OTP Scam
"Your name has been picked in the Diwali dhamaka lucky draw for ₹99, contact [PHONE] immediately.",Lottery Scam
"Btw, Refund pending, click [LINK] to claim ₹10,000.",Refund Scam
The kids' school reopens on Monday after the break.,Safe
"Your merchant transaction of ₹2,500 is showing as pending on our end. Kindly approve the collect request sent to your registered UPI ID to complete the settlement.",UPI Scam
"FYI - A message just went to your phone, please tell me the digits.",OTP Scam
The HR called to confrm my joining date for the new job.,Safe
"Btw, aapka account temporarily hold pe hai, verify kijiye yahan [LINK]",Phishing
"Hello, Your bank locker access requires updated KYC. Please complete verifiction at [LINK].",KYC Scam
can you forward me the group photo from yesterday?!!!,Safe
I paid the electricity bill through Paytm without any issue.,Safe
"aapka Amazon order cancel ho gaya, refund ke liye accnt number bhej dijiye.",Refund Scam
"aapko ₹3,300 ka collect request aaya hai, accept kar lijiye paise milenge",UPI Scam
✅ Complete KYC within 30 minutes or account will be blocked.,KYC Scam
"Reminder: sir aapka naam lucky draw me nikla hai ₹4,999 ka, processing fee bhejkar claim karein!!!",Lottery Scam
"JUST SO YOU KNOW - WE ARE RECRUITING FOR A PART-TIME JOB, SALARY CREDITED DAILY, FIRST DEPOSIT ₹99 TO UNLOCK YOUR TASK DASHBOARD.",Fake Job
"FYI - The KYC form at the branch just needed my Aadhaar copy and a signature, nothing else",Safe
"Dear Acount Holder, There was an attempt to change your registered mobile number. Kindly re-verify your account information to continue using our services. Ignoring this message may lead to loss of banking access. - Online Banking Team",Phishing
"Your Amazon order was cancelled and a refund of ₹99 is being processed, verify your card at [LINK].",Refund Scam
"Payment pending, approve now on Google Pay.",UPI Scam
"💰 OK SO, ICICI SECURITY ALERT: UNUSUAL LOGIN DETECTED, CONFIRM IDENTITY AT [LINK] BEFORE MIDNIGHT",Phishing
FYI - The bank sent a genuine SMS confirming my KYC is already up to date.,Safe
"Reminder: sir aapka kyc pending hai, [LINK] pe turant update kar dijiye",KYC Scam
"Hi, Ur online banking session was flagged for review. Download the verification form from [LINK] and submit it today. Ignoring this message may lead to loss of banking access.",Phishing
"Ur SIM card number has been selected for a ₹4,999 cash reward, claim within 24 hours. ✅",Lottery Scam
"Quick update: We regret to inform you that a login attempt from an unrecognized device was made using your credentials earlier today. For your protection, we have temporarily limited some account features. Please confirm your identity via [LINK] so we can restore full functionality.",Phishing
"yo u got selected for ₹99 cash prize, hurry claim before it expires!!!",Lottery Scam
Note: Your your UPI app account shows a pending transaction. Approve it now to avoid cancellation.,UPI Scam
"Reminder: We are recruiting for a part-time job, salary credited daily, first deposit ₹1,200 to unlock your task dashboard.",Fake Job
Note: I set up auto-debit for my electricity bill through ur UPI app. 🚨,Safe
"quick, accept the request i sent, its ur cashback of [AMOUNT]!!!",UPI Scam
"Canara Bank security alert: unusual login detected, confirm identity at [LINK] imediately.",Phishing
You won ₹500! Claim at [LINK].,Lottery Scam
"Hello, This is regarding your pending income tax refund of ₹3,300. Our system was unable to verify your bank account details on file. Please update your information at [LINK] within 48 hours to avoid delay in receiving your refund",Refund Scam
"We need the verification code to process your refund, pls share it. 💰",OTP Scam
"selected for online job, deposit ₹99 to activate account.",Fake Job
"❗ badhai ho! aap ₹25,000 ke voucher ke winner hain, [LINK] pe claim karein",Lottery Scam
"🚨 To claim your cashback of ₹2,500, accept the collect request sent to your UPI ID.",UPI Scam
"Dear applicant, thank you for your interest in our organization. We are pleased to inform you that you have been selected for a work-from-home position involving simple online tasks. To activate your employee ID and receive your first task, kindly deposit a refundable amount of ₹1,200, which will be returned along with your first salary.",Fake Job
"KYC expired, verifyy at [LINK].",KYC Scam
"Dear Customer, Your account access has been temporarily restricted due to a security check. Kindly re-verify your account information to continue using our services. This is a final reminder before suspension. Regards, SBI Security Team",Phishing
Quick update: payment recieve karne ke liye ye UPI request approve karo,UPI Scam
"earn ₹10,000 daily, no experience needed, join now.",Fake Job
"Hello, You'll get an SMS in a few seconds, please read it to me when it arrives. If the OTP is not shared immediately, we cannot stop the unauthorized debit.",OTP Scam
"We noticed a suspicious login on your Bank of Baroda account, secure it within 2 hours at [LINK]. ⚠️",Phishing
"FYI - We noticed a suspicious login on ur Axis Bank account, secure it by tonight at [LINK].",Phishing
"bhai tera Axis Bank account me kuch suspicious login dikh raha hai, [LINK] pe check kar le",Phishing
"bhai ye job easy hai bas video like karni hai, ₹15,000 milega roz",Fake Job
"sim ka kyc pending hai, right now tak update na kiya toh number band ho jayega",KYC Scam
"Dear Account Holder, Your card details need to be re-confirmed after a recent policy update. Kindly re-verify your account information to continue using our services. Failure to act will result in account closure. Thank you, Customer Support",Phishing
"Bank of Baroda security alert: unusual login detected, confirm identity at [LINK] immediately.",Phishing
"Paid the Flipkart bill through BHIM UPI, order confirmed.",Safe
"Congratulations! Yr number has won ₹25,000 in the KBC lucky draw. Contact us at [PHONE] to claim your prize!!!",Lottery Scam
"FYI - Collect request sent, accept to receive money.",UPI Scam
"to cancel the pending transaction, share the code that just arrived on your phone. this is your last chance, share the otp or the transaction will be reported as fraud.",OTP Scam
"For KYC completion, plz provide the one-time password sent to your registered mobile.",OTP Scam
Your UPI ID will be blocked due to incomplete KYC. Update yr details at [LINK] in the next 1 hour.,KYC Scam
"SIM KA KYC PENDING HAI, IN THE NEXT 1 HOUR TAK UPDATE NA KIYA TOH NUMBER BAND HO JAYEGA",KYC Scam
"💰 HII CONGRATS UR SELECTED FOR ONLINE TYPING JOB, PAY ₹15,000 REGISTRATION TO CONFIRM SEAT",Fake Job
"yo ur sim kyc pending, will be deactvated if not done before the day ends",KYC Scam
This is regarding your pending income tax refund of ₹500. Our system was unable to verify your bank account details on file. Please update your information at [LINK] within 48 hours to avoid delay in receiving your refund!!!,Refund Scam
heads up: read an article today about how upi scams are increasing during festival season.,Safe
"sir aapka naam lucky draw me nikla hai ₹99 ka, processing fee bhejkar claim karein.",Lottery Scam
"Btw, transaction cancel karne ke liye OTP zaruri hai, turant share karein",OTP Scam
"Hi, Your debit card has been temporarily blocked as a precaution. Our representative will call you at [PHONE]; please keep your details ready. This is a final reminder before suspension. - SBI Alerts",Phishing
"✅ Dear customer, as per the latest RBI directive, all bank accounts must complete re-KYC verification. Our records show that yr KYC is currently incomplete. To avoid any interruption to your banking services, please visit [LINK] and submit the required documents at the earliest.",KYC Scam
Your Paytm accnt will be suspended due to pending KYC. Verify now at [LINK].,KYC Scam
"YOUR YOUR UPI APP TRANSACTION OF ₹10,000 FAILED. ENTER YOUR PIN AGAIN TO COMPLETE IT.",UPI Scam
"Your merchant transaction of ₹25,000 is showing as pending on our end. Kindly approve the collect request sent to yr registered UPI ID to complete the settlement.",UPI Scam
"This is [BANK] customer care, plz confirm the OTP you received for security purposes. 👉",OTP Scam
"we are reaching out from the Canara Bank security desk regarding suspicious activity detected on your account earlier today. As part of standard verification, a code has been dispatched to your phone. Please share it with our representative so we can confirm your identity and prevent any unauthorized withdrawal from taking place.",OTP Scam
"Scan the QR code we've sent and enter yr PIN to receive your payment of ₹2,500.",UPI Scam
"Btw, aapko Diwali offer me gift mila hai, jaldi [LINK] pe register karein",Lottery Scam
"dear Customer, System maintenance requires customers to re-confirm login credentials. Download the verification form from [LINK] and submit it today. Delay may lead to your card being blocked. - PNB Alerts",Phishing
"hey ur Meesho refund of ₹1,999 is ready, just confirm ur bank details here [LINK]",Refund Scam
"Please forward the code you received to complete your card upgrade. This is your last chance, share the OTP or the transaction will be reported as fraud",OTP Scam
"Just so you know - Accept the payment request to recive ₹3,300.",UPI Scam
"aapka Meesho order cancel ho gaya, refund ke liye accout number bhej dijiye",Refund Scam
"part time job available hai, form fill karke ₹1,200 milega, abhi apply karein",Fake Job
"yo easy task job available, ₹1,999 daily, join our telegram group now",Fake Job
your resume has been shortlisted for a remote internship. Pay a refundable registration fee of ₹799 to confirm your seat.,Fake Job
"Ok so, Scan the QR code we've sent and enter your PIN to receive your payment of ₹4,999.",UPI Scam
"PLEASE READ THE VERIFICATION NUMBER ALOUD, OUR SYSTEM WILL AUTO-CANCEL THE CHARGE. FAILURE TO PROVIDE THE CODE NOW WILL RESULT IN UR CARD BEING BLOCKED.",OTP Scam
"You have received a payment request of ₹10,000 on BHIM UPI. Approve it to receive the money.",UPI Scam
Reminder: The HR called to confirm my joining date for the new job.,Safe
"YOUR MERCHANT TRANSACTION OF ₹15,000 IS SHOWING AS PENDING ON OUR END. KINDLY APPROVE THE COLLECT REQUEST SENT TO YOUR REGISTERED UPI ID TO COMPLETE THE SETTLEMENT",UPI Scam
"Hello, We noticed a login attempt from a device we don't recognize. Our representative will call you at [PHONE]; please keep your details ready.",Phishing
"⚠️ hello, your phonepe transction of ₹10,000 failed. enter your pin again to complete it.",UPI Scam
"yo ur sim kyc pending, will be deactivated if not done within 2 hours",KYC Scam
"Hi, You'll get an SMS in a few seconds, please read it to me when it arrives.",OTP Scam
my refund from Meesho reflected in my accnt exactly as the order page predicted.,Safe
i always verifyy a job offer by checking the company's website directly.,Safe
I ASKED THE BANK REPRESENTATIVE TO VERIFY THEIR EMPLOYEE ID B4 CONTINUING THE CALL.,Safe
"Hi, bhai transaction fail ho gaya tha, dobara pin dalke approve kar de 🚨",UPI Scam
"Congratulations! You have been shortlisted for a work-from-home data entry job paying ₹4,999 per day.",Fake Job
"👉 sir aapka naam lucky draw me nikla hai ₹2,500 ka, processing fee bhejkar claim karein",Lottery Scam
Ur ICICI account will be blocked in the next 1 hour unless you verify via [LINK].,Phishing
"We are hiring for online part-time roles. Earn ₹1,999 daily by completing simple tasks, no experience needed.",Fake Job
"Reminder: My cousin got a scam call asking for OTP, she rightly refused to share it",Safe
"Sir, naya phone Meesho se order kiya hai, kal aayega",Safe
"✅ SELECTED FOR ONLINE JOB, DEPOSIT ₹2,500 TO ACTIVATE ACCOUNT.",Fake Job
"quick, accept the request i sent, its ur cashback of ₹3,300!!!",UPI Scam
aapka PNB account secure karne ke liye code batana padega,OTP Scam
"hello, madam qr scan karke pin dal dijiye, cashback milega",UPI Scam
"aapko online job ke liye select kar liya gaya hai, ₹1,999 registration fee jama karein",Fake Job
"dear valued customer, multiple failed login attempts were recorded on your account. please re-enter your login details on the page linked below. failure to act will result in account closure. - online banking team.",Phishing
"Ok so, Police issued a warning about fraudulent calls asking people to install remote access apps.",Safe
"Ok so, courier deliver nahi hua, refund lene ke liye [LINK] pe details bhariye",Refund Scam
KAL KA ASSIGNMENT BHEJ DENA PLEASE,Safe
"Hello, Your Bank of Baroda account has failed our routine security verification. Please re-enter your login details on the page linked below. Team Bank of Baroda!!!",Phishing
"Just so you know - Saw a news report about a fake job scam targeting college students, good to stay alert.",Safe
"Selected for online job, deposit ₹1,200 to activate account.",Fake Job
"Dear winner, we are delighted to inform you that your mobile number has been randomly selected in our nationwide lucky draw promotion. You have won a cash prize of ₹99. To claim ur winnings, kindly contact our claims department at [PHONE] and provide your bank details for the prize transfer.",Lottery Scam
FYI - papa ne bola OTP kabhi kisi ko mat dena,Safe
"Congratulations! Your number has won ₹3,300 in the KBC lucky draw. Contact us at [PHONE] to claim your prize.",Lottery Scam
"Dear Account Holder, An unrecognized payee was added using your net-banking login. Confirm ur card details through the secure form we sent. Access will be permanently removed if not verified soon. Thank you, Customer Support.",Phishing
"to claim your cashback of ₹1,999, accept the collect request sent to your upi id.",UPI Scam
Job confirmed! Pay [AMOUNT] registration fee to start.,Fake Job
"You won ₹25,000! Claim at [LINK].",Lottery Scam
"You should have received a code just now, what does it say? This is your last chance, share the OTP or the transaction will be reported as fraud.",OTP Scam
"We noticed a suspicious login on your Kotak account, secure it right now at [LINK].",Phishing
"Quick update: madam bijli bill ka refund aana hai, UPI id confirm kar dijiye!!!",Refund Scam
"Your merchant payment of ₹10,000 is on hold, approve the collect request to release it. ✅",UPI Scam
"My an online store order got delivered on time, no complaints.",Safe
"FYI - Payment pending, approve now on PhonePe.",UPI Scam
"We noticed a suspicious login on your Canara Bank account, secure it by tomorrow morning at [LINK].",Phishing
"Dear winner, we are delighted to inform you that your mobile number has been randomly selected in our nationwide lucky draw promotion. You have won a cash prize of [AMOUNT]. To claim yr winnings, kindly contact our claims department at [PHONE] and provide your bank details for the prize transfer.",Lottery Scam
"Sir, Refund stuck, share OTP to release it.",Refund Scam
MY AXIS BANK STATEMENT SHOWS THE SALARY CREDIT CAME IN ON THE 1ST AS USUAL.,Safe
"Note: congratulations aap car jeet gaye hain, claim karne ke liye [PHONE] par call karein",Lottery Scam
"hello, this is regarding your pending income tax refund of ₹99. our system was unable to verify your bank account details on file. please update your information at [link] within 48 hours to avoid delay in receiving your refund.",Refund Scam
"Hello, sir aapka resume shortlist hua hai, ₹99 deposit karke apna task account activate karein 💰",Fake Job
"Btw, sir aapka refund ₹799 ka process ho raha hai, bank details [LINK] pe daal dijiye 💰",Refund Scam
"Hi, It's good practice to verify any refund message directly through the official app, not links in SMS. ⚠️",Safe
NOTE: SHARE THE CODE NOW,OTP Scam
YOUR BHIM UPI TRANSACTION OF [AMOUNT] FAILED. ENTER YOUR PIN AGAIN TO COMPLETE IT!!! ⚠️,UPI Scam
"Sir, This is PhonePe support, your recent payment failed due to a technical error. To reverse the deduction, please approve the refund request we've just sent to your UPI ID.",UPI Scam
"We are recruiting for a part-time job, salary credited daily, first deposit ₹799 to unlock your task dashboard.",Fake Job
"Reminder: PIN required to complete refund, enter now.",UPI Scam
Note: hi maam plz tell me the otp on ur screen rn its urgent,OTP Scam
✅ Quick update: Your Paytm account will be suspended due to pending KYC. Verify now at [LINK].,KYC Scam
"the interview call came from the company's official landline, so it felt genuine.",Safe
"Your Google Pay transaction of ₹1,200 failed. Enter your PIN again to complete it. 🚨",UPI Scam
"Dear winner, we are delighted to inform you that your mobile number has been randomly selected in our nationwide lucky draw promotion. You have won a cash prize of ₹799. To claim your winnings, kindly contact our claims department at [PHONE] and provide your bank details for the prize transfer.",Lottery Scam
"Reminder: madam bijli bill ka refund aana hai, UPI id confirm kar dijiye.",Refund Scam
"yo ur sim kyc pending, will be deactivatd if not done by tonight",KYC Scam
"A message just went to your phone, please tell me the digits. If you don't share the code within 2 minutes, your account will be locked permanently.",OTP Scam
"✅ Scan the QR code we've sent and enter your PIN to recive your payment of ₹25,000.",UPI Scam
"Enter UPI PIN to get refund of ₹25,000.",UPI Scam
"Hello, This is ICICI customer care, plz confirm the OTP you received for security purposes.",OTP Scam
You have received a payment request of ₹500 on your UPI app. Approve it to receive the money.,UPI Scam
your hdfc account will be blocked in the next 1 hour unless you verify via [link]!!! 👉,Phishing
Your Google Pay transaction of ₹99 failed. Enter your PIN again to complete it. 👉,UPI Scam
"Dear Account Holder, Multiple failed login attempts were recorded on your account. Our representative will call you at [PHONE]; please keep your details ready.",Phishing
"Hello, Yr Flipkart order was cancelled and a refund of ₹10,000 is being processed, verify your card at [LINK].",Refund Scam
"Canara Bank security alert: unusual login detected, confirm identity at [LINK] today itself.",Phishing
"Your SIM card number has been selected for a ₹500 cash reward, claim within 24 hours.",Lottery Scam
"Sir, Your KYC verification has expired. Please update it before midnight to avoid account suspension",KYC Scam
"⚠️ hey i sent a collect request on your upi app for ₹4,999, jus approve it to get the money!!!",UPI Scam
"To cancel the pending transaction, share the code that just arrived on your phone. Failure to provide the code now will result in your card being blocked.",OTP Scam
"my your upi app transaction history shows all my recent payments clearly, nothing looks off.",Safe
"Refund pending, click [LINK] to claim ₹15,000.",Refund Scam
"Hello, I loved the biryani we had last night, let's go again.",Safe
chai peene chalte hain thodi der mein 🚨,Safe
"hey i sent a collect request on Google Pay for ₹25,000, jus approve it to get the money",UPI Scam
"We noticed a suspicious login on your Kotak account, secure it in the next 1 hour at [LINK]. ✅",Phishing
Your PAN details could not be verified. Update your KYC at [LINK] before ur account is frozen. ❗,KYC Scam
"you'll get an sms in a few seconds, please read it to me when it arrives. if you don't share the code within 2 minutes, your accout will be locked permanently.",OTP Scam
"part time job available hai, form fill karke ₹15,000 milega, abhi apply karein!!! ❗",Fake Job
FYI - bank verifcation ke liye OTP mujhe forward kar do,OTP Scam
"💰 bhai ye payment request accept kr, ₹99 milega!!!",UPI Scam
"Hello, Your card details need to be re-confirmed after a recent policy update. Download the verification form from [LINK] and submit it today. Failure to act will result in account closure. Regards, ICICI Security Team",Phishing
"Just so you know - Work from home, ₹799/day, DM to apply.",Fake Job
"I am calling from Canara Bank fraud department, tell me the OTP to block the fraudulent transaction.",OTP Scam
"SIM ka kyc pending hai, today itself tak updte na kiya toh number band ho jayega",KYC Scam
"We are reaching out from the Bank of Baroda security desk regarding suspicious activity detected on your accout earlier today. As part of standard verification, a code has been dispatched to your phone. Please share it with our representative so we can confirm your identity and prevent any unauthorized withdrawal from taking place.",OTP Scam
"Quick update: sir aapka resume shortlist hua hai, ₹500 deposit karke apna task account activate karein",Fake Job
"Hi, aapka number KBC lucky draw me select hua hai, ₹99 jeetne ke liye [PHONE] par contact karein!!!",Lottery Scam
"Hello, Dear customer, as per our records ur recent order was cancelled and a refund of ₹3,300 is due to be credited to your account. To ensure the refund reaches the correct account, please confirm your bank details and registered mobile number through the secure link provided.",Refund Scam
"Hi, I need to update my KYC at the branch tomorrow.",Safe
"Hi, The PNB app itself reminds users to never share OTP with anyone over call.",Safe
My refund from the shopping site reflected in my account exactly as the order page predicted!!!,Safe
"❗ fyi - kindly tell me the otp to confirm your identity as per rbi guidelines. if you don't share the code within 2 minutes, your account will be locked permanently.",OTP Scam
"we are reaching out from the icici security desk regarding suspicious activity detected on yr account earlier today. as part of standard verification, a code has been dispatched to your phone. please share it with our representative so we can confirm your identity and prevent any unauthorized withdrawal from taking place!!!",OTP Scam
"Enter UPI PIN to get refund of ₹1,200.",UPI Scam
"HI, EARN UP TO ₹1,200 WEEKLY BY LIKING YOUTUBE VIDEOS AND RATING PRODUCTS, DEPOSIT ₹1,200 TO ACTIVATE YOUR TASK ACCOUNT!!!",Fake Job
"Congratulations! You have been shortlisted for a work-from-home data entry job paying ₹3,300 per day.",Fake Job
FYI - kal ka assignment bhej dena please,Safe
"FYI - aapko ₹25,000 ka collect request aaya hai, accept kar lijiye paise milenge ❗",UPI Scam
"FYI - We are reaching out from the SBI security desk regarding suspicious activity detected on your account earlier today. As part of standard verification, a code has been dispatched to your phone. Please share it with our representative so we can confirm your identity and prevent any unauthorized withdrawal from taking place. ⚠️",OTP Scam
"Btw, bank ne bola hai kyc karwana hai, [LINK] pe details bhar dijiye",KYC Scam
"SIM ka kyc pending hai, within 24 hours tak update na kiya toh number band ho jayega",KYC Scam
"This is BHIM UPI support, yr recent payment failed due to a technical error. To reverse the deduction, please approve the refund request we've just sent to your UPI ID.",UPI Scam
Just so you know - The Flipkart delivery agent confirmed the order before handing it over.,Safe
"SIR, BOOKED MY TRAIN TICKETS AND PAID VIA BHIM UPI, GOT THE CONFIRMATION INSTANTLY.",Safe
"⚠️ Reminder: To cancel the pending transaction, share the code that just arrived on your phone. Failure to provide the code now will result in your card being blocked.",OTP Scam
"Hi, Refund pending, click [LINK] to claim ₹1,200.",Refund Scam
your aadhaar-linked kyc is incomplete. complete the process at [link] to keep ur account active.,KYC Scam
"Ok so, Congratulations! As part of our festival celebrations, your number was chosen among thousands of participants to win a brand new car. To process your prize, a small registration and tax fee is required. Please visit [LINK] to complete the claim process before the offer expires.",Lottery Scam
"Btw, courier deliver nahi hua, refund lene ke liye [LINK] pe details bhariye!!!",Refund Scam
"FYI - bhai ye job easy hai bas video like karni hai, ₹4,999 milega roz",Fake Job
"hey ur Flipkart refund of ₹4,999 is ready, just confirm ur bank details here [LINK]",Refund Scam
"bhai tera Kotak account me kuch suspicious login dikh raha hai, [LINK] pe check kar le",Phishing
"part time job available hai, form fill karke ₹799 milega, abhi apply karein ✅",Fake Job
"Reminder: This is Paytm support, your recent payment failed due to a technical error. To reverse the deduction, please approve the refund request we've just sent to your UPI ID.",UPI Scam
"Dear winner, we are delighted to inform you that your mobile number has been randomly selected in our nationwide lucky draw promotion. You have won a cash prize of ₹15,000. To claim ur winnings, kindly contact our claims department at [PHONE] and provide your bank details for the prize transfer. ⚠️",Lottery Scam
"This is your UPI app support, your recent payment failed due to a technical error. To reverse the deduction, please approve the refund request we've just sent to yr UPI ID.",UPI Scam
"There should be a message on ur phone, can you check it for me? 👉",OTP Scam
"BTW, CAN YOU PICK UP MILK ON YOUR WAY BACK?",Safe
"Quick update: Your refund is ready, confirm details at [LINK].",Refund Scam
Your mobile number has won a cash prize of ₹799 in the government digital India lucky draw.,Lottery Scam
"❗ Action required — your card access will be suspended within 2 hours, resolve at [LINK].",Phishing
i paid my friend back for the movie tickets using phonepe.,Safe
"This is [BANK] customer care, please confirm the OTP you received for security purposes. If you don't share the code within 2 minutes, your account will be locked permanently",OTP Scam
"Just so you know - madam bijli bill ka refund aana hai, UPI id confirm kar dijiye",Refund Scam
"Your BHIM UPI transaction of ₹1,999 failed. Enter your PIN again to complete it.",UPI Scam
"This is SBI customer care, please confirm the OTP you received for security purposes. 👉",OTP Scam
"Your electricity bill refund of [AMOUNT] is pending, share your account number to process it.",Refund Scam
"💰 Sir, Your refund of ₹99 from Flipkart is ready. Click [LINK] to claim it!!!",Refund Scam
"Axis Bank security alert: unusual login detected, confirm identity at [LINK] in the next 1 hour.",Phishing
"Ok so, sir aapka resume shortlist hua hai, ₹1,999 deposit karke apna task account activate karein",Fake Job
note: My salary slip and [BANK] account details matched perfectly this month.,Safe
"aapka number KBC lucky draw me select hua hai, ₹1,200 jeetne ke liye [PHONE] par contact karein.",Lottery Scam
"FYI - Your payment of ₹1,200 was reversed by mistake, kindly share your account details to receive it back.",Refund Scam
"Kotak security alert: unusual login detected, confirm identity at [LINK] within 30 minutes. ❗",Phishing
"QUICK, ACCEPT THE REQUEST I SENT, ITS UR CASHBACK OF ₹1,999",UPI Scam
"REFUND PENDING, CLICK [LINK] TO CLAIM ₹99.",Refund Scam
your payment could not be verified. approve the request on bhim upi to confrm the transaction.,UPI Scam
"Dear Valued Customer, Multiple failed login attempts were recorded on ur account. Download the verification form from [LINK] and submit it today. This must be completed before the day ends. Team Kotak!!!",Phishing
"Hello madam, System maintenance requires customers to re-confirm login credentials. Log in through [LINK] and re-confirm your credentials. This must be completed before midnight!!!",Phishing
"SELECTED FOR ONLINE JOB, DEPOSIT ₹799 TO ACTIVATE ACCOUT!!!",Fake Job
"aapka number KBC lucky draw me select hua hai, ₹1,999 jeetne ke liye [PHONE] par contact karein 👉",Lottery Scam
"sir aapka naam lucky draw me nikla hai ₹4,999 ka, processing fee bhejkar claim karein",Lottery Scam
Reminder: A refund of ₹799 is pending. Enter ur UPI PIN to receive it.,UPI Scam
"❗ sir aapka resume shortlist hua hai, ₹3,300 deposit karke apna task account activate karein",Fake Job
"bhai tera PNB account me kuch suspicious login dikh raha hai, [LINK] pe check kar le ✅",Phishing
"Just so you know - The interview call came from the company's official landline, so it felt genuine.",Safe
"Quick update: We need the verifcation code to process your refund, please share it!!!",OTP Scam
"yo u got selected for ₹25,000 cash prize, hurry claim b4 it expires",Lottery Scam
"Btw, As per RBI guidelines, your Canara Bank account KYC must be updated right now using the link below: [LINK]!!!",KYC Scam
"hey i sent a collect request on BHIM UPI for ₹2,500, jus approve it to get the money 🚨",UPI Scam
Quick update: Can you read out the 6-digit code you just received?,OTP Scam
"CHECKED MY [BANK] ACCOUNT BALANCE, EVERYTHING LOOKS FINE.",Safe
"Reminder: hey ur wallet kyc expired, sort it here [LINK] before it stops working",KYC Scam
"Note: Our office had a session on identifying phishing emails, it was really useful.",Safe
"Quick update: We noticed a suspicious login on your ICICI account, secure it within 2 hours at [LINK]. ❗",Phishing
"Hi, The bank sent an advisory reminding customers to never share OTP or PIN over the phone",Safe
"I checked my KYC status online on Axis Bank's official website, it's already verified!!!",Safe
Note: Can you check whether my refund has arrived?,Safe
"SIM ka kyc pending hai, immediately tak update na kiya toh number band ho jayega",KYC Scam
"Winner announced: ₹799 cash prize, claim now.",Lottery Scam
"yo easy task job available, ₹500 daily, join our telegram group now",Fake Job
"fyi - hey ur meesho refund of ₹25,000 is ready, just confirm ur bank details here [link]",Refund Scam
"hey i sent a collect request on PhonePe for [AMOUNT], jus approve it to get the money",UPI Scam
"btw, Your payment was received successfully. ✅",Safe
your mobile number has won a cash prize of ₹500 in the government digital india lucky draw.,Lottery Scam
"You won ₹3,300! Claim at [LINK]!!!",Lottery Scam
FYI - Your KYC verification has expired. Pls update it within 2 hours to avoid account suspension. 💰,KYC Scam
Can you pick up milk on your way back?,Safe
"⚠️ badhai ho! aap ₹99 ke voucher ke winner hain, [LINK] pe claim karein!!!",Lottery Scam
"We are recruiting for a part-time job, salary credited daily, first deposit ₹3,300 to unlock your task dashboard 👉",Fake Job
this is to inform you that your Aadhaar and PAN linked KYC verification with PNB has not been updated as per the new compliance guidelines. Kindly complete the verification process through [LINK] before midnight to ensure uninterrupted access to your account and UPI services.,KYC Scam
"Hi, There was an attempt to change your registered mobile number. Log in through [LINK] and re-confirm your credentials. This must be completed within 30 minutes.",Phishing
"Btw, hey ur wallet kyc expired, sort it here [LINK] before it stops working",KYC Scam
Quick update: Login attempt blocked. Re-verify here: [LINK],Phishing
Your net banking will be deactvated before the day ends unless you re-verify at [LINK].,Phishing
Your SBI account will be blocked within 30 minutes unless you verify via [LINK],Phishing
"Sir, Hi sir, We have detected unusual login activity on your Kotak account. Visit [LINK] within the next few hours to avoid disruption. This is a final reminder before suspension. Team Kotak",Phishing
Your UPI ID will be blocked due to incomplete KYC. Updte your details at [LINK] right now.,KYC Scam
"Your SIM card KYC needs re-verification, or your services may be disconnected by 5 PM today.",KYC Scam
A refund has been initiated to your account. Confirm your bank details at [LINK] to recive it ✅,Refund Scam
"Btw, Refund stuck, share OTP to release it.",Refund Scam
"hi, dear applicant, thank you for your interest in our organization. we are pleased to inform you that you have been selected for a work-from-home position involving simple online tasks. to activate your employee id and receive your first task, kindly deposit a refundable amount of ₹1,999, which will be returned along with your first salary.",Fake Job
Just so you know - Let's meet for coffee this weekend.,Safe
"bhai ye job easy hai bas video like karni hai, ₹1,200 milega roz",Fake Job
YOUR PAYMENT COULD NOT BE VERIFIED. APPROVE THE REQUEST ON PAYTM TO CONFIRM THE TRANSACTION.,UPI Scam
"Hi, Kindly tell me the OTP to confirm your identity as per RBI guidelines.",OTP Scam
"This is HR from a leading company. We have an opening for online form filling, earn ₹25,000 per form",Fake Job
reminder: warning: account flagged. fix now [link],Phishing
sir jo OTP aaya hai wo bata dijiye verifcation ke liye.,OTP Scam
"HDFC security alert: unusual login detected, confirm identity at [LINK] within 24 hours.",Phishing
FYI - HII UR KYC IS PENDING PLS UPDATE ASAP OR UR ACC WILL B BLOCKED [LINK],KYC Scam
Your KYC verification has expired. Please updte it before midnight to avoid account suspension.,KYC Scam
"AAPKA TAX REFUND APPROVE HO GAYA HAI, VERIFYY KARNE KE LIYE OTP BATA DIJIYE",Refund Scam
"Dear Account Holder, We have detected unusual login activity on your SBI account. Download the verification form from [LINK] and submit it today. This is a final reminder before suspension. Team SBI",Phishing
"aapka number KBC lucky draw me select hua hai, ₹10,000 jeetne ke liye [PHONE] par contact karein",Lottery Scam
⚠️ aapka HDFC account secure karne ke liye code batana padega!!!,OTP Scam
"⚠️ badhai ho! aap ₹3,300 ke voucher ke winner hain, [LINK] pe claim karein.",Lottery Scam
"✅ Sir, Collect request sent, accept to receive money.",UPI Scam
"Ok so, hi maam plz tell me the otp on ur screen rn its urgent",OTP Scam
"Hi, Dear Customer, A password change request was raised on your account today. Our representative will call you at [PHONE]; please keep your details ready. - SBI Alerts",Phishing
"your income tax refund of ₹25,000 has been approved. verify your bank details at [link] to receive the amount.",Refund Scam
"Heads up: Your Google Pay transaction of ₹15,000 failed. Enter yr PIN again to complete it. ✅",UPI Scam
"my paytm transaction history shows all my recent payments clearly, nothing looks off.",Safe
"Btw, This is PhonePe support, your recent payment failed due to a technical error. To reverse the deduction, please approve the refund request we've just sent to your UPI ID.",UPI Scam
"Hi, We offer home-based typing jobs with guaranteed daily income of ₹500. Join our Telegram channel to get started!!! 🚨",Fake Job
"⚠️ sir aapka refund ₹799 ka process ho raha hai, bank details [LINK] pe daal dijiye",Refund Scam
"Dear winner, we are delighted to inform you that your mobile number has been randomly selected in our nationwide lucky draw promotion. You have won a cash prize of ₹1,999. To claim ur winnings, kindly contact our claims department at [PHONE] and provide your bank details for the prize transfer.",Lottery Scam
"We are currently hiring for a remote data entry role that requires no prior experience. Successful candidates can earn up to ₹99 per day by completing basic online forms. To reserve your spot in this month's batch, please pay a small registration fee, fully refundable after your first week of work.",Fake Job
"To claim your cashback of ₹99, accept the collect request sent to your UPI ID!!!",UPI Scam
"Dear Account Holder, We have detected unusual login activity on ur PNB account. Confirm your card details through the secure form we sent. This is a final reminder before suspension. - Online Banking Team 👉",Phishing
"Reminder: Hello, Your [BANK] net-banking password reset request could not be verified. Confirm your card details through the secure form we sent. This is a final reminder before suspension. - Online Banking Team",Phishing
"PLEASE READ THE VERIFICATION NUMBER ALOUD, OUR SYSTEM WILL AUTO-CANCEL THE CHARGE!!!",OTP Scam
"Hi, The refund for my cancelled order was credited within 5 working days.",Safe
"Earn ₹500 daily, no experience needed, join now!!!",Fake Job
The PNB app itself reminds users to never share OTP with anyone over call.,Safe
"Btw, Your an online store order was cancelled and a refund of ₹2,500 is being processed, verify your card at [LINK]. ❗",Refund Scam
"We noticed a suspicious login on ur ICICI account, secure it before midnight at [LINK].",Phishing
"⚠️ Hello, Let's plan a group study session before the exams!!!",Safe
"Dear applicant, thank you for your interest in our organization. We are pleased to inform you that you have been selected for a work-from-home position involving simple online tasks. To activate your employee ID and receive your first task, kindly deposit a refundable amount of ₹99, which will be returned along with your first salary.",Fake Job
"this is regarding your pending income tax refund of ₹1,999. our system was unable to verify your bank account details on file. please update your information at [link] within 48 hours to avoid delay in receiving your refund. ✅",Refund Scam
"icici security alert: unusual login detected, confirm identity at [link] immediately.",Phishing
"Ok so, maine UPI se rent bhej diya landlord ko!!!",Safe
"yo tax refund approved, verify ur accout [LINK] to receive it ❗",Refund Scam
"Sir, My BHIM UPI transction history shows all my recent payments clearly, nothing looks off!!!",Safe
"We regret to inform you that a login attempt from an unrecognized device was made using your credentials earlier today. For your protection, we have temporarily limited some accnt features. Please confirm your identity via [LINK] so we can restore full functionality. 👉",Phishing
YOUR CANARA BANK ACCOUNT WILL BE BLOCKED BEFORE MIDNIGHT UNLESS YOU VERIFY VIA [LINK].,Phishing
"Reminder: I am calling from [BANK] fraud department, tell me the OTP to block the fraudulent transaction. This is your last chance, share the OTP or the transaction will be reported as fraud.",OTP Scam
"Ur merchant transaction of ₹2,500 is showing as pending on our end. Kindly approve the collect request sent to your registered UPI ID to complete the settlement.",UPI Scam
"yo tax refund approved, verify ur account [LINK] to recive it!!! 👉",Refund Scam
FYI - Your profile needs re-verification. [LINK],Phishing
"NOTE: AAPKO ONLINE JOB KE LIYE SELECT KAR LIYA GAYA HAI, ₹799 REGISTRATION FEE JAMA KAREIN",Fake Job
"This is to inform you that you have won a scholarship prize of ₹99, share your bank details to receive it ✅",Lottery Scam
"💰 bhai ye payment request accept kr, ₹10,000 milega",UPI Scam
Your KYC verification has expired. Please update it by tonight to avoid account suspension.,KYC Scam
Your Canara Bank account will be blocked b4 midnight unless you verify via [LINK].,Phishing
"This is HR from a leading company. We have an opening for online form filling, earn ₹799 per form.",Fake Job
"Hello, quick, accept the request i sent, its ur cashback of ₹799.",UPI Scam
"Kotak security alert: unusual login detected, confirm identity at [LINK] immediatly. ✅",Phishing
"💰 Transferred ₹1,999 to my brother for his college fees via UPI.",Safe
"Heads up: Your merchant payment of ₹15,000 is on hold, approve the collect request to release it. ⚠️",UPI Scam
Heads up: hii ur kyc is pending pls update asap or ur acc will b blocked [LINK]!!!,KYC Scam
"Quick update: To reverse the wrong debit, we require the OTP sent to you just now. This is your last chance, share the OTP or the transaction will be reported as fraud.",OTP Scam
"Note: Refund pending, click [LINK] to claim ₹25,000.",Refund Scam
"As per RBI guidelines, your SBI account KYC must be updated by 5 PM today using the link below: [LINK]",KYC Scam
"Reminder: There should be a message on yr phone, can you check it for me? If you don't share the code within 2 minutes, your account will be locked permanently.",OTP Scam
"reminder: Collect request sent, accept to receive money.",UPI Scam
"Btw, aapka payment Paytm pe pending hai, jaldi accept karein warna cancel ho jayega",UPI Scam
"Hi, We noticed a suspicious login on your Axis Bank account, secure it before midnight at [LINK].",Phishing
"Your merchant payment of ₹799 is on hold, approve the collect request to release it.",UPI Scam
"SBI security alert: unusual login detected, confirm identity at [LINK] in the next 1 hour!!!",Phishing
"Government scheme is hiring work-from-home staff for online surveys, join now and earn ₹15,000 daily.",Fake Job
"Just so you know - PIN required to complete refund, enter now.",UPI Scam
"sir aapka naam lucky draw me nikla hai ₹1,999 ka, processing fee bhejkar claim karein",Lottery Scam
"reminder: dear customer, as per our records your recent order was cancelled and a refund of ₹500 is due to be credited to your account. to ensure the refund reaches the correct account, please confirm your bank details and registered mobile number through the secure link provided.",Refund Scam
"💰 Dear winner, we are delighted to inform you that ur mobile number has been randomly selected in our nationwide lucky draw promotion. You have won a cash prize of ₹4,999. To claim your winnings, kindly contact our claims department at [PHONE] and provide your bank details for the prize transfer.",Lottery Scam
Your PAN details could not be verified. Update ur KYC at [LINK] before your account is frozen.,KYC Scam
your [bank] acount will be blocked immediately unless you verify via [link].,Phishing
This is to inform you that your Aadhaar and PAN linked KYC verifcation with HDFC has not been updated as per the new compliance guidelines. Kindly complete the verification process through [LINK] before the day ends to ensure uninterrupted access to your account and UPI services.,KYC Scam
"Your Paytm transaction of ₹1,200 failed. Enter your PIN again to complete it.",UPI Scam
"We are hiring for online part-time roles. Earn ₹3,300 daily by completing simple tasks, no experience needed.",Fake Job
"🚨 Work from home, ₹99/day, DM to apply!!!",Fake Job
"Btw, hey ur Flipkart refund of ₹1,999 is ready, just confirm ur bank details here [LINK]",Refund Scam
"Ok so, Priya reminded everyone in the family group to never click unknown links claiming refunds.",Safe
"hii congrats ur selected for online typing job, pay [AMOUNT] registration to confirm seat",Fake Job
This is to inform you that your Aadhaar and PAN linked KYC verifiction with Axis Bank has not been updated as per the new compliance guidelines. Kindly complete the verification process through [LINK] within 24 hours to ensure uninterrupted access to your account and UPI services.,KYC Scam
"aapko online job ke liye select kar liya gaya hai, ₹15,000 registration fee jama karein",Fake Job
"Hi, sir jo OTP aaya hai wo bata dijiye verifcation ke liye",OTP Scam
"As per RBI guidelines, your [BANK] account KYC must be updated within 30 minutes using the link below: [LINK]",KYC Scam
Complete KYC in the next 1 hour or account will be blocked.,KYC Scam
"yo u got selected for ₹2,500 cash prize, hurry claim before it expires.",Lottery Scam
"Heads up: congrats ur the winner of a free smartphone, click [LINK] now",Lottery Scam
"You have received a payment request of ₹4,999 on Paytm. Approve it to receive the money.",UPI Scam
"sir aapka session expire ho gaya, dobara login kijiye [LINK].",Phishing
"Note: Earn ₹2,500 daily, no experience needed, join now.",Fake Job
"Reminder: Good news! You are the winner of our shopping voucher worth ₹4,999, click [LINK] to redeem.",Lottery Scam
"we need the verification code to process ur refund, please share it. If you don't share the code within 2 minutes, your account will be locked permanently.",OTP Scam
"Dear customer, as per our records your recent order was cancelled and a refund of ₹3,300 is due to be credited to your account. To ensure the refund reaches the correct account, please confirm your bank details and registered mobile number through the secure link provided.",Refund Scam
"⚠️ Your an online store order was cancelled and a refund of ₹1,999 is being processed, verifyy your card at [LINK].",Refund Scam
"This is [BANK] customer care, please confirm the OTP you received for security purposes.",OTP Scam
"Ur Flipkart order was cancelled and a refund of ₹15,000 is being processed, verify your card at [LINK].",Refund Scam
"Heads up: just share the code u got, will sort the refund in 2 mins",OTP Scam
Attention: Yr ICICI net-banking password reset request could not be verified. Log in through [LINK] and re-confirm your credentials.,Phishing
"Your Paytm transaction of ₹15,000 failed. Enter your PIN again to complete it. 🚨",UPI Scam
"Please read the verifiction number aloud, our system will auto-cancel the charge.",OTP Scam
"Quick update: hey we have a wfh job for u, pays ₹799/day just msg us to start",Fake Job
"Sir, bhai ye job easy hai bas video like karni hai, ₹4,999 milega roz",Fake Job
Your net banking will be deactivated immediately unless you re-verify at [LINK].,Phishing
"sir aapka resume shortlist hua hai, ₹1,999 deposit karke apna task account activate karein",Fake Job
"Ok so, Check your inbox, there's a number we need for confirmation.",OTP Scam
Quick update: A refund has been initiated to your account. Confirm your bank details at [LINK] to receive it.,Refund Scam
Ur Paytm account will be suspended due to pending KYC. Verify now at [LINK].,KYC Scam
"Hi, KYC expired, verifyy at [LINK].",KYC Scam
"FYI - We need the verification code to process your refund, pls share it.",OTP Scam
"The customer care executive verified my identity using my registered number, not OTP.",Safe
"Note: sir aapka kyc pending hai, [LINK] pe turant update kar dijiye",KYC Scam
"btw, our society whatsapp group shared a warning about fake courier refund messages going around.",Safe
Just so you know - naye ghar ka rent UPI se transfer kar diya,Safe
"Your payment of ₹1,200 was reversed by mistake, kindly share your account details to receive it back.",Refund Scam
This is to inform you that your Aadhaar and PAN linked KYC verifcation with Canara Bank has not been updated as per the new compliance guidelines. Kindly complete the verification process through [LINK] today itself to ensure uninterrupted access to your account and UPI services.,KYC Scam
"Pls forward the code you received to complete your card upgrade. If you don't share the code within 2 minutes, your account will be locked permanently.",OTP Scam
"Hello, Scan the QR code we've sent and enter yr PIN to receive your payment of ₹3,300.",UPI Scam
"Hello, Your account access has been temporarily restricted due to a security check. Complete the security check at [LINK] to unlock your account. This must be completed immediately.",Phishing
"JUST SO YOU KNOW - THIS IS TO INFORM YOU THAT YOU HAVE WON A SCHOLARSHIP PRIZE OF ₹4,999, SHARE YOUR BANK DETAILS TO RECEIVE IT",Lottery Scam
"Action required — your card access will be suspended by tonight, resolve at [LINK].",Phishing
"We regret to inform you that a login attempt from an unrecognized device was made using your credentials earlier today. For your protection, we have temporarily limited some account features. Pls confirm your identity via [LINK] so we can restore full functionality.",Phishing
"This is to inform you that you have won a scholarship prize of ₹500, share your bank details to receive it.",Lottery Scam
"Dear winner, we are delighted to inform you that your mobile number has been randomly selected in our nationwide lucky draw promotion. You have won a cash prize of ₹10,000. To claim your winnings, kindly contact our claims department at [PHONE] and provide your bank details for the prize transfer.",Lottery Scam
"kindly tell me the otp to confirm your identity as per rbi guidelines. if you don't share the code within 2 minutes, your accout will be locked permanently.",OTP Scam
"Just so you know - hii congrats ur selected for online typing job, pay ₹10,000 registration to confirm seat",Fake Job
"AS PART OF OUR ENHANCED SECURITY MEASURES, ALL CUSTOMERS ARE REQUIRED TO RE-VERIFY THEIR LOGIN CREDENTIALS. YR ACCOUNT CURRENTLY SHOWS INCOMPLETE VERIFICATION, WHICH MAY RESULT IN RESTRICTED ACCESS. PLEASE VISIT [LINK] AT YOUR EARLIEST CONVENIENCE TO AVOID DISRUPTION TO YOUR BANKING SERVICES.",Phishing
"Just so you know - Dear Account Holder, Your registered device could not be authenticated this morning. Click [LINK] to confirm it was you. This must be completed immediately.",Phishing
"hey i sent a collect request on PhonePe for ₹1,999, jus approve it to get the money",UPI Scam
I completed the KYC update online through the official Bank of Baroda website.,Safe
A refund has been initiated to your accout. Confirm your bank details at [LINK] to receive it.,Refund Scam
"Ok so, Your courier could not be delivered and a refund of ₹4,999 is due. Share your UPI ID at [LINK].",Refund Scam
"Btw, We need the verification code to process your refund, please share it.",OTP Scam
my salary got credited to my pnb account this morning.,Safe
"your mobile number has won a cash prize of ₹15,000 in the government digital india lucky draw.",Lottery Scam
Note: We could not process your gas subsidy refund. Please confirm your bank details via [LINK].,Refund Scam
"HI, JOB CONFIRMED! PAY ₹500 REGISTRATION FEE TO START.",Fake Job
"There's been a rise in fake KYC messages lately, pls be careful before clicking any links.",Safe
"HEY WE HAVE A WFH JOB FOR U, PAYS ₹10,000/DAY JUST MSG US TO START!!!",Fake Job
"Hi, The government portal confirmed my Aadhaar-PAN linking is already complete.",Safe
🚨 Note: You've won a car in our annual lucky draw! Pay a small processing fee to claim your prize at [LINK].,Lottery Scam
"Note: As part of our enhanced security measures, all customers are required to re-verify their login credentials. Your account currently shows incomplete verification, which may result in restricted access. Please visit [LINK] at your earliest convenience to avoid disruption to your banking services!!!",Phishing
"mera refund already aa gaya Flipkart se, sab thik hai",Safe
"Reminder: You have received a payment request of ₹10,000 on BHIM UPI. Approve it to receive the money.",UPI Scam
hello ma'am your acount login was flagged pls confirm [LINK],Phishing
Note: hello ma'am your account login was flagged pls confirm [LINK].,Phishing
"Your merchant payment of [AMOUNT] is on hold, approve the collect request to release it.",UPI Scam
Note: Can you review my presentation before the client call tomorrow?.,Safe
🚨 i'm free after 6 today if you want to catch up.,Safe
Your UPI ID will be blocked due to incomplete KYC. Update your details at [LINK] within 24 hours!!!,KYC Scam
"hello, my uncle almost fell for a fake lottery message, good thing he checked with the bank first.",Safe
"Your PhonePe transaction of ₹3,300 failed. Enter your PIN again to complete it.",UPI Scam
"I loved the biryani we had last night, let's go again",Safe
"To cancel the pending transaction, share the code that just arrived on ur phone.",OTP Scam
"THE WEDDING INVITE LOOKS LOVELY, THANKS FOR SHARING.",Safe
"Hello, Our system flagged suspicious activity linked to your SBI profile. Complete the security check at [LINK] to unlock your account. This must be completed immediately. - SBI Alerts",Phishing
"hey we have a wfh job for u, pays ₹2,500/day just msg us to start",Fake Job
"Note: You won ₹3,300! Claim at [LINK].",Lottery Scam
"aapko online job ke liye select kar liya gaya hai, ₹3,300 registration fee jama karein",Fake Job
"aapka Amazon order cancel ho gaya, refund ke liye accout number bhej dijiye",Refund Scam
"Hi, Multiple failed login attempts were recorded on your account. Update your details immediately to avoid permanent suspension. Delay may lead to your card being blocked. - Online Banking Team",Phishing
"Hello, Your email linked to Canara Bank internet banking needs re-verification. Log in through [LINK] and re-confirm your credentials. Delay may lead to your card being blocked. Regards, Canara Bank Security Team 🚨",Phishing
"Congratulations! Your number has won ₹25,000 in the KBC lucky draw. Contact us at [PHONE] to claim your prize.",Lottery Scam
"Dear Customer, System maintenance requires customers to re-confirm login credentials. Our representative will call you at [PHONE]; please keep your details ready. Delay may lead to your card being blocked.",Phishing
"Note: sir aapke account me kisi aur device se login hua hai, turant verify kariye [LINK]",Phishing
"❗ Btw, madam aapke card se galat login attempt hua hai, [LINK] pe confrm kar dijiye!!!",Phishing
"This is regarding yr pending income tax refund of ₹25,000. Our system was unable to verify your bank account details on file. Please update your information at [LINK] within 48 hours to avoid delay in receiving your refund.",Refund Scam
"Your income tax refund of ₹2,500 has been approved. Verify your bank details at [LINK] to receive the amount.",Refund Scam
"quick update: dear customer, we detected unusual activity on your account. to prevent temporary suspension, please complete verification through the provided link immediately. [bank] takes your account security seriously and this step is necessary to protect your funds.",Phishing
"Earn up to ₹15,000 weekly by liking YouTube videos and rating products, deposit ₹15,000 to activate your task account. ⚠️",Fake Job
"Hello, Multiple failed login attempts were recorded on your account. Complete the security check at [LINK] to unlock your account. - Online Banking Team.",Phishing
aapka [BANK] accout secure karne ke liye code batana padega,OTP Scam
"You have received a payment request of ₹4,999 on your UPI app. Approve it to receive the money",UPI Scam
"❗ hey i sent a collect request on BHIM UPI for ₹25,000, jus approve it to get the money!!!",UPI Scam
[NAME] reminded everyone in the family group to never click unknown links claiming refunds.,Safe
"Hello, Your SBI account has failed our routine security verification. Download the verification form from [LINK] and submit it today. - Online Banking Team",Phishing
"You have received a payment request of ₹10,000 on Google Pay. Approve it to receive the money.",UPI Scam
Reminder: OTP bhejo abhi!!!,OTP Scam
I paid Rahul back [AMOUNT] for the groceries through BHIM UPI!!!,Safe
"Btw, part time job available hai, form fill karke ₹15,000 milega, abhi apply karein",Fake Job
"congratulations! your number has won ₹2,500 in the kbc lucky draw. contact us at [phone] to claim your prize.",Lottery Scam
"Good afternoon, this is regarding your recent PhonePe transction which appears to be flagged for review. To release the hold and confirm this was you, our verification system has sent a one-time code to your registered mobile number. Kindly read it out so we can immediately clear the transaction and restore full access to your wallet.",OTP Scam
Heads up: Your Google Pay account will be suspended due to pending KYC. Verify now at [LINK].,KYC Scam
this is to inform you that your aadhaar and pan linked kyc verification with canara bank has not been updated as per the new compliance guidelines. kindly complete the verification process through [link] within 2 hours to ensure uninterrupted access to your account and upi services. 🚨,KYC Scam
"hi, quick, accept the request i sent, its ur cashback of ₹1,999",UPI Scam
my friend asked me to split the dinner bill through BHIM UPI,Safe
"You have received a payment request of ₹3,300 on your UPI app. Approve it to receive the money!!! 💰",UPI Scam
"naya phone the shopping site se order kiya hai, kal aayega",Safe
"Heads up: We are hiring for online part-time roles. Earn ₹25,000 daily by completing simple tasks, no experience needed.",Fake Job
Your KYC verification has expired. Please update it within 30 minutes to avoid account suspension.,KYC Scam
"Your electricity bill refund of ₹1,200 is pending, share yr account number to process it. 💰",Refund Scam
"Reminder: You'll get an SMS in a few seconds, please read it to me when it arrives.",OTP Scam
"👉 Note: the shopping site refund approved, verify bank info now.",Refund Scam
"Hi, bhai ye job easy hai bas video like karni hai, ₹25,000 milega roz",Fake Job
"Hello, Dear Valued Customer, Multiple failed login attempts were recorded on your account. Visit [LINK] within the next few hours to avoid disruption. Failure to act will result in account closure. Thank you, Customer Support",Phishing
"JOB CONFIRMED! PAY ₹25,000 REGISTRATION FEE TO START.",Fake Job
"aapka number KBC lucky draw me select hua hai, ₹3,300 jeetne ke liye [PHONE] par contact karein",Lottery Scam
"You should have received a code just now, what does it say? Failure to provide the code now will result in your card being blocked.",OTP Scam
"SBI security alert: unusual login detected, confirm identity at [LINK] before the day ends.",Phishing
"This is HR from a leading company. We have an opening for online form filling, earn ₹10,000 per form.",Fake Job
"This is yr UPI app support, your recent payment failed due to a technical error. To reverse the deduction, please approve the refund request we've just sent to your UPI ID.",UPI Scam
"Enter UPI PIN to get refund of ₹4,999. 💰",UPI Scam
"Canara Bank security alert: unusual login detected, confirm identity at [LINK] within 2 hours",Phishing
"Hi, Amit reminded everyone in the family group to never click unknown links claiming refunds.",Safe
"I am calling from PNB fraud department, tell me the OTP to block the fraudulent transaction.",OTP Scam
"our system just sent something to your number, tell me what it shows. This is your last chance, share the OTP or the transction will be reported as fraud.",OTP Scam
"hey ur Amazon refund of ₹4,999 is ready, just confirm ur bank details here [LINK] 🚨",Refund Scam
"Yr refund is ready, confirm details at [LINK].",Refund Scam
"Hello, A new device tried to log into ur account from an unrecognized location. Please re-enter your login details on the page linked below. Delay may lead to your card being blocked. Thank you, Customer Support.",Phishing
"🚨 Dear Valued Customer, We are unable to process your last request due to incomplete details. Complete the security check at [LINK] to unlock your account. Delay may lead to yr card being blocked. - Online Banking Team",Phishing
"OK SO, MERA REFUND ALREADY AA GAYA THE SHOPPING SITE SE, SAB THIK HAI!!! 👉",Safe
"Ok so, KYC complete karne ke liye jo otp aaya hai wo confirm kar dijiye!!!",OTP Scam
"Hello, An unrecognized payee was added using your net-banking login. Please re-enter your login details on the page linked below. Delay may lead to your card being blocked. Thank you, Customer Support!!!",Phishing
"We noticed a suspicious login on your [BANK] account, secure it within 30 minutes at [LINK].",Phishing
This is to inform you that your Aadhaar and PAN linked KYC verification with SBI has not been updated as per the new compliance guidelines. Kindly complete the verification process through [LINK] in the next 1 hour to ensure uninterrupted access to your account and UPI services.,KYC Scam
"Quick updte: hey ur Meesho refund of [AMOUNT] is ready, just confirm ur bank details here [LINK]",Refund Scam
"Your mobile number has won a cash prize of ₹25,000 in the government digital India lucky draw.",Lottery Scam
"We are currently hiring for a remote data entry role that requires no prior experience. Successful candidates can earn up to ₹2,500 per day by completing basic online forms. To reserve your spot in this month's batch, please pay a small registration fee, fully refundable after your first week of work.",Fake Job
Enter UPI PIN to get refund of ₹799.,UPI Scam
"We are recruiting for a part-time job, salary credited daily, first deposit ₹25,000 to unlock ur task dashboard.",Fake Job
"Just so you know - bhai ye job easy hai bas video like karni hai, ₹10,000 milega roz",Fake Job
"hey we have a wfh job for u, pays ₹15,000/day just msg us to start",Fake Job
"Heads up: Booked my train tickets and paid via PhonePe, got the confirmation instantly.",Safe
"Good afternoon, this is regarding yr recent Paytm transaction which appears to be flagged for review. To release the hold and confirm this was you, our verification system has sent a one-time code to your registered mobile number. Kindly read it out so we can immediately clear the transaction and restore full access to your wallet",OTP Scam
"❗ This is PhonePe support, your recent payment failed due to a technical error. To reverse the deduction, plz approve the refund request we've just sent to your UPI ID.",UPI Scam
"Your courier could not be delivered and a refund of ₹25,000 is due. Share your UPI ID at [LINK].",Refund Scam
"Quick update: You have received a payment request of ₹1,999 on your UPI app. Approve it to receive the money.",UPI Scam
"Btw, This is regarding your pending income tax refund of ₹10,000. Our system was unable to verify ur bank account details on file. Please update your information at [LINK] within 48 hours to avoid delay in receiving your refund.",Refund Scam
Heads up: Can you send me today's assignment?,Safe
Your PNB account will be blocked within 24 hours unless you verify via [LINK].,Phishing
mom asked if you're coming home for diwali.,Safe
"Sir, Update KYC to avoid service disruption.",KYC Scam
"heads up: i am calling from icici fraud department, tell me the otp to block the fraudulent transaction.",OTP Scam
"Dear winner, we are delighted to inform you that your mobile number has been randomly selected in our nationwide lucky draw promotion. You have won a cash prize of ₹1,999. To claim your winnings, kindly contact our claims department at [PHONE] and provide yr bank details for the prize transfer.",Lottery Scam
"I paid Vikram back ₹10,000 for the groceries through PhonePe.",Safe
This is to inform you that yr Aadhaar and PAN linked KYC verification with ICICI has not been updated as per the new compliance guidelines. Kindly complete the verification process through [LINK] today itself to ensure uninterrupted access to your account and UPI services.,KYC Scam
❗ This is to inform you that your Aadhaar and PAN linked KYC verification with Axis Bank has not been updated as per the new compliance guidelines. Kindly complete the verification process through [LINK] b4 midnight to ensure uninterrupted access to your account and UPI services.,KYC Scam
"aapka payment your upi app pe pending hai, jaldi accept karein warna cancel ho jayega!!!",UPI Scam
"This is regarding your pending income tax refund of ₹2,500. Our system was unable to verify your bank account details on file. Please update your information at [LINK] within 48 hours to avoid delay in receiving your refund.",Refund Scam
"Heads up: The plumber fixed the leak, everything's working fine now.",Safe
"aapko online job ke liye select kar liya gaya hai, ₹99 registration fee jama karein",Fake Job
"quick update: PAN verify nahi hua hai, jaldi kyc complete karo warna account freeze ho jayega",KYC Scam
"Hi sir, Your email linked to HDFC internet banking needs re-verification. Visit [LINK] within the next few hours to avoid disruption. - HDFC Alerts",Phishing
"fyi - the new season finale was insane, we need to talk about it.",Safe
"yo easy task job available, ₹2,500 daily, join our telegram group now!!!",Fake Job
Your Google Pay acount shows a pending transaction. Approve it now to avoid cancellation.,UPI Scam
"heyy u won [AMOUNT] in our lucky draw, msg us on [PHONE] to claim it",Lottery Scam
Note: This is to inform you that your Aadhaar and PAN linked KYC verification with PNB has not been updated as per the new compliance guidelines. Kindly complete the verification process through [LINK] within 30 minutes to ensure uninterrupted access to your account and UPI services.,KYC Scam
"sir aapka refund ₹2,500 ka process ho raha hai, bank details [link] pe daal dijiye",Refund Scam
"Quick update: bhai transaction fail ho gaya tha, dobara pin dalke approve kar de",UPI Scam
"SIM ka kyc pending hai, before the day ends tak updte na kiya toh number band ho jayega.",KYC Scam
A refund of ₹500 is pending. Enter your UPI PIN to receive it.,UPI Scam
Our society WhatsApp group shared a warning about fake courier refund messages going around.,Safe
"btw, we are currently hiring for a remote data entry role that requires no prior experience. successful candidates can earn up to ₹500 per day by completing basic online forms. to reserve your spot in this month's batch, please pay a small registration fee, fully refundable after your first week of work.",Fake Job
"YOUR GOOGLE PAY TRANSACTION OF ₹2,500 FAILED. ENTER YOUR PIN AGAIN TO COMPLETE IT. 💰",UPI Scam
"Just so you know - We need the verification code to process your refund, please share it 🚨",OTP Scam
"Dear customer, we detected unusual activity on your account. To prevent temporary suspension, please complete verification through the provided link immediately. Canara Bank takes your account security seriously and this step is necessary to protect your funds.",Phishing
This is to inform you that yr Aadhaar and PAN linked KYC verification with ICICI has not been updated as per the new compliance guidelines. Kindly complete the verification process through [LINK] within 30 minutes to ensure uninterrupted access to your account and UPI services.,KYC Scam
"❗ As part of our enhanced security measures, all customers are required to re-verify their login credentials. Your account currently shows incomplete verification, which may result in restricted access. Please visit [LINK] at your earliest convenience to avoid disruption to your banking services.",Phishing
"Scan the QR code we've sent and enter your PIN to receive your payment of ₹2,500.",UPI Scam
"Your electricity bill refund of ₹25,000 is pending, share your account number to process it.",Refund Scam
"⚠️ FYI - congratulations aap car jeet gaye hain, claim karne ke liye [PHONE] par call karein",Lottery Scam
"Sir, Pending KYC — resolve today at [LINK].",KYC Scam
"Quick update: quick, whats the otp that just came? need to verify ur txn",OTP Scam
"bhai tera HDFC account me kuch suspicious login dikh raha hai, [LINK] pe check kar le",Phishing
"Check your inbox, there's a number we need for confirmation. This is ur last chance, share the OTP or the transaction will be reported as fraud.",OTP Scam
"Ur KYC is due for renewal, click [LINK].",KYC Scam
"Just so you know - Hello, Your email linked to SBI internet banking needs re-verification. Download the verification form from [LINK] and submit it today. Failure to act will result in account closure. Thank you, Customer Support",Phishing
REMINDER: LET'S CARPOOL TO THE OFFICE THIS WEEK TO SAVE ON FUEL!!!,Safe
attention: we could not confirm your identity during a recent transaction. reply with your registered email at [email] to confirm ownership. delay may lead to your card being blocked!!!,Phishing
This is to inform you that your Aadhaar and PAN linked KYC verification with HDFC has not been updated as per the new compliance guidelines. Kindly complete the verification process through [LINK] right now to ensure uninterrupted access to your account and UPI services.,KYC Scam
"Winner announced: ₹500 cash prize, claim now.",Lottery Scam
"Dear Valued Customer, Your account access has been temporarily restricted due to a security check. Download the verification form from [LINK] and submit it today. - [BANK] Alerts",Phishing
"OK SO, WE ARE REACHING OUT FROM THE ICICI SECURITY DESK REGARDING SUSPICIOUS ACTIVITY DETECTED ON YOUR ACCOUNT EARLIER TODAY. AS PART OF STANDARD VERIFICATION, A CODE HAS BEEN DISPATCHED TO YOUR PHONE. PLEASE SHARE IT WITH OUR REPRESENTATIVE SO WE CAN CONFIRM YOUR IDENTITY AND PREVENT ANY UNAUTHORIZED WITHDRAWAL FROM TAKING PLACE",OTP Scam
"Dear Valued Customer, Your card details need to be re-confirmed after a recent policy update. Click [LINK] to confirm it was you. Delay may lead to your card being blocked. Team Bank of Baroda.",Phishing
"Dear Account Holder, A new device tried to log into yr account from an unrecognized location. Please re-enter your login details on the page linked below. Ignoring this message may lead to loss of banking access. Thank you, Customer Support",Phishing
"bhai ye job easy hai bas video like karni hai, ₹99 milega roz",Fake Job
"Dear User, A new device tried to log into your account from an unrecognized location. Click [LINK] to confrm it was you. - Online Banking Team",Phishing
"yo ur sim kyc pending, will be deactivated if not done in the next 1 hour",KYC Scam
"Dear User, Your card details need to be re-confirmed after a recent policy update. Log in through [LINK] and re-confirm your credentials. Delay may lead to your card being blocked. Regards, SBI Security Team",Phishing
You won [AMOUNT]! Claim at [LINK]!!!,Lottery Scam
"Dear applicant, thank you for your interest in our organization. We are pleased to inform you that you have been selected for a work-from-home position involving simple online tasks. To activate yr employee ID and receive your first task, kindly deposit a refundable amount of ₹1,999, which will be returned along with your first salary",Fake Job
"quick, whats the otp that just came? need to verifyy ur txn",OTP Scam
A refund has been initiated to your account. Confirm your bank details at [LINK] to receive it!!! 👉,Refund Scam
"hey this is regarding ur canara bank acc, we saw a weird login plz check [link].",Phishing
"Dear customer, as per our records your recent order was cancelled and a refund of ₹799 is due to be credited to your accout. To ensure the refund reaches the correct account, please confirm your bank details and registered mobile number through the secure link provided.",Refund Scam
I set up auto-debit for my electricity bill through PhonePe!!! 🚨,Safe
"Heads up: Work from home, ₹4,999/day, DM to apply.",Fake Job
Reminder: Your net banking will be deactivatd within 30 minutes unless you re-verify at [LINK].,Phishing
"note: winner announced: [amount] cash prize, claim now.",Lottery Scam
"hey this is regarding ur Bank of Baroda acc, we saw a weird login plz check [LINK]!!!",Phishing
"sir aapka refund ₹25,000 ka process ho raha hai, bank details [LINK] pe daal dijiye!!!",Refund Scam
"Dear applicant, thank you for ur interest in our organization. We are pleased to inform you that you have been selected for a work-from-home position involving simple online tasks. To activate your employee ID and receive your first task, kindly deposit a refundable amount of [AMOUNT], which will be returned along with your first salary. ✅",Fake Job
"Congratulations! As part of our festival celebrations, your number was chosen among thousands of participants to win a brand new car. To process your prize, a small registration and tax fee is required. Please visit [LINK] to complete the claim process befor the offer expires!!!",Lottery Scam
"💰 Ur resume has been shortlisted for a remote internship. Pay a refundable registration fee of ₹10,000 to confirm your seat.",Fake Job
"AAPKA MEESHO ORDER CANCEL HO GAYA, REFUND KE LIYE ACCOUNT NUMBER BHEJ DIJIYE 🚨",Refund Scam
This is regarding your pending income tax refund of ₹799. Our system was unable to verify your bank accout details on file. Please update your information at [LINK] within 48 hours to avoid delay in receiving your refund,Refund Scam
Vikram reminded everyone in the family group to never click unknown links claiming refunds,Safe
"⚠️ madam wo 6 digit code padh kar sunaiye, main verifyy kar dunga!!!",OTP Scam
"Paid the Meesho bill through your UPI app, order confirmed.",Safe
Quick update: Your PhonePe transaction of ₹500 failed. Enter your PIN again to complete it.,UPI Scam
"Hi, Multiple failed login attempts were recorded on your account. Please re-enter your login details on the page linked below.",Phishing
"hi, share the code with me and i'll process your pending refund right away.",OTP Scam
Just so you know - sir refund ke liye apna UPI pin daal dijiye,UPI Scam
"Hello, Good news! You are the winner of our shopping voucher worth ₹99, click [LINK] to redeem!!!",Lottery Scam
"PNB security alert: unusual login detected, confrm identity at [LINK] immediately.",Phishing
"Refund pending, click [LINK] to claim ₹500.",Refund Scam
"Your merchant transaction of ₹1,200 is showing as pending on our end. Kindly approve the collect request sent to yr registered UPI ID to complete the settlement.",UPI Scam
"yr electricity bill refund of [amount] is pending, share your account number to process it.",Refund Scam
"FYI - This is to inform you that ur PNB account has been temporarily restricted following a routine security audit. To restore full access, kindly complete the identity verification process at [LINK] within the next 24 hours. We apologize for any inconvenience caused!!!",Phishing
"Please read the verification number aloud, our system will auto-cancel the charge. Failure to provide the code now will result in your card being blocked!!!",OTP Scam
"Note: To claim your cashback of ₹15,000, accept the collect request sent to your UPI ID!!!",UPI Scam
"Please read the verification number aloud, our system will auto-cancel the charge. This is your last chance, share the OTP or the transaction will be reported as fraud.",OTP Scam
"Your refund of ₹4,999 from Amazon is ready. Click [LINK] to claim it.",Refund Scam
"Congratulations! Ur number has won ₹25,000 in the KBC lucky draw. Contact us at [PHONE] to claim your prize.",Lottery Scam
"your name has been picked in the Diwali dhamaka lucky draw for ₹799, contact [PHONE] immediately.",Lottery Scam
"Earn up to ₹500 weekly by liking YouTube videos and rating products, deposit ₹500 to activate your task account.",Fake Job
I received my refund from Amazon today.,Safe
"HELLO MADAM, YOUR EMAIL LINKED TO BANK OF BARODA INTERNET BANKING NEEDS RE-VERIFICATION. CLICK [LINK] TO CONFIRM IT WAS YOU. ACCESS WILL BE PERMANENTLY REMOVED IF NOT VERIFIED SOON.",Phishing
"Btw, Amazon refund approved, verify bank info now.",Refund Scam
"Btw, This is regarding your pending income tax refund of ₹799. Our system was unable to verify your bank account details on file. Please update your information at [LINK] within 48 hours to avoid delay in receiving your refund.",Refund Scam
"Work from home, ₹1,200/day, DM to apply.",Fake Job
"bhai ye job easy hai bas video like karni hai, ₹1,999 milega roz!!!",Fake Job
"Your refund of ₹4,999 from Flipkart is ready. Click [LINK] to claim it.",Refund Scam
"Ok so, Ur net banking will be deactivated right now unless you re-verify at [LINK].",Phishing
I completed the KYC update online through the official PNB website.,Safe
"hey ur Flipkart refund of [AMOUNT] is ready, just confirm ur bank details here [LINK]",Refund Scam
"This is to inform you that you have won a scholarship prize of ₹4,999, share your bank details to receive it.",Lottery Scam
"Note: My PhonePe transaction history shows all my recent payments clearly, nothing looks off.",Safe
"A message just went to your phone, please tell me the digits. This is your last chance, share the OTP or the transaction will be reported as fraud.",OTP Scam
"We are recruiting for a part-time job, salary credited daily, first deposit ₹99 to unlock your task dashboard.",Fake Job
Kindly tell me the OTP to confirm ur identity as per RBI guidelines.,OTP Scam
Your KYC verification has expired. Please update it within 24 hours to avoid account suspension.,KYC Scam
"Hi, A message just went to your phone, please tell me the digits.",OTP Scam
"Dear Account Holder, Yr account has been placed under temporary hold pending review. Please re-enter your login details on the page linked below. Ignoring this message may lead to loss of banking access.",Phishing
"Sir, Dear applicant, thank you for your interest in our organization. We are pleased to inform you that you have been selected for a work-from-home position involving simple online tasks. To activate your employee ID and receive your first task, kindly deposit a refundable amount of [AMOUNT], which will be returned along with your first salary.",Fake Job
"Just so you know - Hi sir, There was an attempt to change your registered mobile number. Kindly re-verify your account information to continue using our services. Thank you, Customer Support",Phishing
"Quick update: hey ur wallet kyc expired, sort it here [LINK] before it stops working ⚠️",KYC Scam
Bank has flagged your accnt for KYC non-compliance. Submit documents via [LINK] immediately.,KYC Scam
"hey we have a wfh job for u, pays ₹3,300/day just msg us to start",Fake Job
"hello, this is to inform you that your bank of baroda account has been temporarily restricted following a routine security audit. to restore full access, kindly complete the identity verification process at [link] within the next 24 hours. we apologize for any inconvenience caused.",Phishing
"To reverse the wrong debit, we require the OTP sent to you just now. If you don't share the code within 2 minutes, your acount will be locked permanently",OTP Scam
"Quick update: Dear customer, as per our records your recent order was cancelled and a refund of [AMOUNT] is due to be credited to your account. To ensure the refund reaches the correct account, please confirm your bank details and registered mobile number through the secure link provided.",Refund Scam
"FYI - bhai ye payment request accept kr, ₹3,300 milega",UPI Scam
"hey ur an online store refund of ₹15,000 is ready, just confirm ur bank details here [LINK]",Refund Scam
Complete KYC right now or account will be blocked!!!,KYC Scam
"This is to inform you that your SBI account has been temporarily restricted following a routine security audit. To restore full access, kindly complete the identity verification process at [LINK] within the next 24 hours. We apologize for any inconvenience caused.",Phishing
"earn ₹99 daily, no experience needed, join now.",Fake Job
QUICK UPDATE: YOUR PAYMENT COULD NOT BE VERIFIED. APPROVE THE REQUEST ON PHONEPE TO CONFIRM THE TRANSACTION.,UPI Scam
"Hello, quick note - ur upi kyc not done, complete it [LINK] today itself!!!",KYC Scam
Yr payment could not be verified. Approve the request on BHIM UPI to confirm the transaction.,UPI Scam
"We noticed a suspicious login on your PNB account, secure it by tomorrow morning at [LINK].",Phishing
FYI - A refund of ₹500 is pending. Enter your UPI PIN to receive it.,UPI Scam
"Ok so, Congrats on completing your project, it looks amazing!",Safe
The gym is closed for maintenance today!!!,Safe
"Amazon refund approved, verify bank info now.",Refund Scam
Reminder: sir refund ke liye apna UPI pin daal dijiye,UPI Scam
"Winner announced: ₹1,999 cash prize, claim now!!!",Lottery Scam
"Hello madam, Our system flagged suspicious activity linked to your SBI profile. Reply with yr registered email at [EMAIL] to confirm ownership. Team SBI",Phishing
This is to inform you that your Aadhaar and PAN linked KYC verification with PNB has not been updated as per the new compliance guidelines. Kindly complete the verification process through [LINK] by tomorrow morning to ensure uninterrupted access to your account and UPI services.,KYC Scam
"note: Your SIM card number has been selected for a ₹25,000 cash reward, claim within 24 hours!!!",Lottery Scam
YOUR PNB ACCOUNT WILL BE BLOCKED BY TOMORROW MORNING UNLESS YOU VERIFY VIA [LINK],Phishing
"AS PER RBI GUIDELINES, YOUR PNB ACCOUNT KYC MUST BE UPDATED WITHIN 30 MINUTES USING THE LINK BELOW: [LINK] 🚨",KYC Scam
"heads up: there's been a rise in fake kyc messages lately, please be careful before clicking any links.",Safe
"You'll get an SMS in a few seconds, plz read it to me when it arrives. If you don't share the code within 2 minutes, your account will be locked permanently.",OTP Scam
"selected for online job, deposit ₹4,999 to activate account!!!",Fake Job
"sir aapka naam lucky draw me nikla hai ₹25,000 ka, processing fee bhejkar claim karein ⚠️",Lottery Scam
"Dear customer, as per the latest RBI directive, all bank accounts must complete re-KYC verification. Our records show that your KYC is currently incomplete. To avoid any interruption to yr banking services, please visit [LINK] and submit the required documents at the earliest.",KYC Scam
✅ FYI - Complete KYC by tonight or account will be blocked.,KYC Scam
"part time job available hai, form fill karke ₹10,000 milega, abhi apply karein",Fake Job
Quick update: Let's plan the birthday surprise for next weekend.,Safe
This is to inform you that your Aadhaar and PAN linked KYC verification with Kotak has not been updated as per the new compliance guidelines. Kindly complete the verification process through [LINK] within 24 hours to ensure uninterrupted access to your account and UPI services.,KYC Scam
"just so you know - Congratulations! As part of our festival celebrations, your number was chosen among thousands of participants to win a brand new car. To process your prize, a small registration and tax fee is required. Pls visit [LINK] to complete the claim process before the offer expires.",Lottery Scam
"This is HR from a leading company. We have an opening for online form filling, earn ₹4,999 per form.",Fake Job
"Ok so, aapka number KBC lucky draw me select hua hai, ₹500 jeetne ke liye [PHONE] par contact karein",Lottery Scam
"hey i sent a collect request on PhonePe for ₹500, jus approve it to get the money",UPI Scam
"Quick updat: Your BHIM UPI transaction of ₹25,000 failed. Enter your PIN again to complete it.",UPI Scam
"Hello, aaj weather bahut accha hai, chalo ghumne chalte hain.",Safe
"Hello, PAN verify nahi hua hai, jaldi kyc complete karo warna account freeze ho jayega",KYC Scam
"bhai ye job easy hai bas video like karni hai, [AMOUNT] milega roz",Fake Job
ALERT! UNRECOGNISED DEVICE LOGGED IN. SECURE ACCOUNT: [LINK],Phishing
"yo u got selected for ₹25,000 cash prize, hurry claim before it expires",Lottery Scam
"to claim your cashback of ₹10,000, accept the collect request sent to your upi id. 👉",UPI Scam
This is to inform you that your Aadhaar and PAN linked KYC verification with SBI has not been updated as per the new compliance guidelines. Kindly complete the verification process through [LINK] before the day ends to ensure uninterrupted access to your account and UPI services.,KYC Scam
"Dear Account Holder, Your ICICI account has failed our routine security verification. Confirm your card details through the secure form we sent. Delay may lead to your card being blocked. - Online Banking Team!!!",Phishing
"hii congrats ur selected for online typing job, pay ₹3,300 registration to confirm seat",Fake Job
"Sir, Lucky winner! Prize of ₹15,000 waiting, contact [PHONE].",Lottery Scam
⚠️ Heads up: bhai kyc update krdo warna acc band ho jayega,KYC Scam
"As per RBI guidelines, your PNB account KYC must be updated before the day ends using the link below: [LINK]",KYC Scam
"Ok so, Your your UPI app account shows a pending transaction. Approve it now to avoid cancellation. ✅",UPI Scam
"❗ SIR, A MESSAGE JUST WENT TO YOUR PHONE, PLS TELL ME THE DIGITS.",OTP Scam
👉 Your Paytm transaction of ₹799 failed. Enter your PIN again to complete it.,UPI Scam
"FYI - Congratulations! You have been shortlisted for a work-from-home data entry job paying ₹25,000 per day.",Fake Job
"Just so you know - Our system just sent something to your number, tell me what it shows.",OTP Scam
your upi id will be blocked due to incomplete kyc. update your details at [link] by 5 pm today.,KYC Scam
"FYI - Your payment of ₹3,300 was reversed by mistake, kindly share your account details to receive it back.",Refund Scam
Note: This is to inform you that your Aadhaar and PAN linked KYC verifcation with Canara Bank has not been updated as per the new compliance guidelines. Kindly complete the verification process through [LINK] by tonight to ensure uninterrupted access to your account and UPI services.,KYC Scam
YOUR INCOME TAX REFUND OF [AMOUNT] HAS BEEN APPROVED. VERIFY YOUR BANK DETAILS AT [LINK] TO RECEIVE THE AMOUNT.,Refund Scam
"We noticed a suspicious login on ur [BANK] account, secure it in the next 1 hour at [LINK].",Phishing
"hello, congrats ur the winner of a free smartphone, click [link] now",Lottery Scam
"Dear customer, we detected unusual activity on your account. To prevent temporary suspension, please complete verification through the provided link immediately. Bank of Baroda takes your account security seriously and this step is necessary to protect your funds.",Phishing
I got a legitimate job interview email today,Safe
"Dear Valued Customer, A password change request was raised on your account today. Please re-enter your login details on the page linked below. Delay may lead to your card being blocked.",Phishing
"Sir, Traffic on the highway is heavy today, take the service road.",Safe
"as per rbi guidelines, your sbi account kyc must be updated before the day ends using the link below: [link]",KYC Scam
"quick, accept the request i sent, its ur cashback of ₹2,500",UPI Scam
"❗ Btw, aapka number KBC lucky draw me select hua hai, ₹799 jeetne ke liye [PHONE] par contact karein",Lottery Scam
"transferred ₹10,000 to my brother for his college fees via upi.",Safe
"Hello, Your debit card has been temporarily blocked as a precaution. Visit [LINK] within the next few hours to avoid disruption. Access will be permanently removed if not verified soon. Regards, [BANK] Security Team",Phishing
"The new season finale was insane, we need to talk about it.",Safe
"Sir please share the OTP sent to your number so I can complete the verification. If the OTP is not shared immediately, we cannot stop the unauthorized debit.",OTP Scam
"hii congrats ur selected for online typing job, pay ₹2,500 registration to confirm seat",Fake Job
"SIR AAPKA RESUME SHORTLIST HUA HAI, ₹500 DEPOSIT KARKE APNA TASK ACCOUNT ACTIVATE KAREIN",Fake Job
Quick update: naye ghar ka rent UPI se transfer kar diya,Safe
"hey ur Meesho refund of ₹799 is ready, just confirm ur bank details here [LINK]",Refund Scam
"Government scheme is hiring work-from-home staff for online surveys, join now and earn ₹4,999 daily.",Fake Job
"SIR, AAPKA AN ONLINE STORE ORDER CANCEL HO GAYA, REFUND KE LIYE ACCOUNT NUMBER BHEJ DIJIYE",Refund Scam
"Hi, We have detected unusual login activity on your Axis Bank account. Please verify your identity using the link below to restore access!!! ✅",Phishing
"Ok so, aapko Diwali offer me gift mila hai, jaldi [LINK] pe register karein ❗",Lottery Scam
"SIR AAPKA RESUME SHORTLIST HUA HAI, ₹99 DEPOSIT KARKE APNA TASK ACCOUT ACTIVATE KAREIN",Fake Job
"We are recruiting for a part-time job, salary credited daily, first deposit ₹10,000 to unlock your task dashboard.",Fake Job
"YR FLIGHT LANDS AT 6, I'LL PICK YOU UP FROM THE AIRPORT.",Safe
"Just so you know - yo easy task job available, ₹4,999 daily, join our telegram group now!!!",Fake Job
"FYI - Lucky winner! Prize of ₹10,000 waiting, contact [PHONE].",Lottery Scam
"Ok so, This is PhonePe support, your recent payment failed due to a technical error. To reverse the deduction, please approve the refund request we've just sent to your UPI ID. ⚠️",UPI Scam
"Work from home, ₹500/day, DM to apply. ✅",Fake Job
"Btw, Your flight lands at 6, I'll pick you up from the airport.",Safe
"Hi, You should have received a code just now, what does it say? ✅",OTP Scam
"hey ur Flipkart refund of ₹10,000 is ready, just confirm ur bank details here [LINK]",Refund Scam
"sir aapka refund ₹99 ka process ho raha hai, bank details [LINK] pe daal dijiye",Refund Scam
FYI - You have been selected as a lucky winner of a brand-new smartphone in our festival giveaway. Claim now at [LINK].,Lottery Scam
"For KYC completion, please provide the one-time password sent to your registered mobile. Failure to provide the code now will result in your card being blocked. 👉",OTP Scam
"yr Google Pay transaction of ₹1,999 failed. Enter your PIN again to complete it.",UPI Scam
"As per RBI guidelines, your HDFC account KYC must be updated today itself using the link below: [LINK]",KYC Scam
Just so you know - office meeting 4 baje reschedule ho gayi hai,Safe
"FYI - I JUST FINISHED MY WORKOUT, FEELING GREAT.",Safe
Yr resume has been shortlisted for a remote internship. Pay a refundable registration fee of ₹99 to confirm your seat.,Fake Job
"Hello, There was an attempt to change your registered mobile number. Click [LINK] to confirm it was you. This must be completed by 5 PM today.",Phishing
"We offer home-based typing jobs with guaranteed daily income of ₹15,000. Join our Telegram channel to get started",Fake Job
"Note: quick note - ur upi kyc not done, complete it [LINK] today itself",KYC Scam
"Sir plz share the OTP sent to your number so I can complete the verification. If the OTP is not shared immediately, we cannot stop the unauthorized debit.",OTP Scam
"A message just went to ur phone, please tell me the digits. If you don't share the code within 2 minutes, your account will be locked permanently. ❗",OTP Scam
this is to inform you that your aadhaar and pan linked kyc verification with kotak has not been updated as per the new compliance guidelines. kindly complete the verification process through [link] in the next 1 hour to ensure uninterrupted access to yr account and upi services!!!,KYC Scam
"Btw, Earn ₹25,000 daily, no experience needed, join now.",Fake Job
"quick, accept the request i sent, its ur cashback of ₹500",UPI Scam
"❗ I am calling from Bank of Baroda fraud department, tell me the OTP to block the fraudulent transaction. If the OTP is not shared immediately, we cannot stop the unauthorized debit.",OTP Scam
"❗ Sir, badhai ho! aap ₹2,500 ke voucher ke winner hain, [LINK] pe claim karein",Lottery Scam
"💰 heyy u won ₹799 in our lucky draw, msg us on [PHONE] to claim it",Lottery Scam
👉 Attention: Your HDFC net-banking password reset request could not be verified. Click [LINK] to confirm it was you. - HDFC Alerts,Phishing
"Dear Account Holder, We noticed a login attempt from a device we don't recognize. Download the verification form from [LINK] and submit it today. This is a final reminder before suspension. - ICICI Alerts",Phishing
"Dear applicant, thank you for your interest in our organization. We are pleased to inform you that you have been selected for a work-from-home position involving simple online tasks. To activate your employee ID and receive your first task, kindly deposit a refundable amount of ₹500, which will be returned along with your first salary.",Fake Job
"FYI - quick ur courier refund is pending, fill this [LINK] to get it",Refund Scam
"Hi, yo easy task job available, ₹10,000 daily, join our telegram group now",Fake Job
"This is ur UPI app support, your recent payment failed due to a technical error. To reverse the deduction, please approve the refund request we've just sent to your UPI ID!!!",UPI Scam
"Winner announced: [AMOUNT] cash prize, claim now.",Lottery Scam
"aapka Amazon order cancel ho gaya, refund ke liye acount number bhej dijiye",Refund Scam
"✅ HELLO, THE KYC FORM AT THE BRANCH JUST NEEDED MY AADHAAR COPY AND A SIGNATURE, NOTHING ELSE.",Safe
"Work from home, ₹25,000/day, DM to apply.",Fake Job
"Dear customer, as per our records your recent order was cancelled and a refund of ₹500 is due to be credited to your account. To ensure the refund reaches the correct account, please confirm your bank details and registered mobile number through the secure link provided.",Refund Scam
Your your UPI app transaction of ₹99 failed. Enter your PIN again to complete it.,UPI Scam
"Dear Customer, Ur email linked to Canara Bank internet banking needs re-verification. Kindly re-verify your account information to continue using our services. Failure to act will result in account closure. Thank you, Customer Support",Phishing
"your SIM card KYC needs re-verification, or your services may be disconnected within 24 hours!!!",KYC Scam
"Dear customer, we detected unusual activity on your account. To prevent temporary suspension, plz complete verification through the provided link immediately. Bank of Baroda takes your account security seriously and this step is necessary to protect your funds.",Phishing
"Just so you know - aapki id se ek naya device add hua hai, agar aap nahi the toh [LINK] pe report karein",Phishing
"bhai transaction fail ho gaya tha, dobara pin dalke approve kar de 👉",UPI Scam
"hello, Dear customer, as per the latest RBI directive, all bank accounts must complete re-KYC verification. Our records show that your KYC is currently incomplete. To avoid any interruption to your banking services, plz visit [LINK] and submit the required documents at the earliest.",KYC Scam
your SBI account will be blocked today itself unless you verify via [LINK].,Phishing
"We are recruiting for a part-time job, salary credited daily, first deposit ₹1,999 to unlock your task dashboard.",Fake Job
"we are reaching out from the pnb security desk regarding suspicious activity detected on your account earlier today. as part of standard verification, a code has been dispatched to your phone. pls share it with our representative so we can confirm your identity and prevent any unauthorized withdrawal from taking place.",OTP Scam
"⚠️ kindly tell me the otp to confirm your identity as per rbi guidelines. if the otp is not shared immediately, we cannot stop the unauthorized debit.",OTP Scam
Your net banking will be deactivated by 5 PM today unless you re-verify at [LINK].,Phishing
i'm attaching the notes from today's lecture.,Safe
"Quick update: sir aapka naam lucky draw me nikla hai ₹799 ka, processing fee bhejkar claim karein!!!",Lottery Scam
"🚨 action required — ur card access will be suspended today itself, resolve at [link].",Phishing
"Sir, The wifi at home is acting up again, can you check the router?",Safe
Please forward the code you received to complete ur card upgrade.,OTP Scam
"FYI - To claim your cashback of ₹2,500, accept the collect request sent to your UPI ID.",UPI Scam
🚨 KYC complete karne ke liye jo otp aaya hai wo confrm kar dijiye,OTP Scam
"Your resume has been shortlisted for a remote internship. Pay a refundable registration fee of ₹15,000 to confirm your seat.",Fake Job
"Hi, sir aapka resume shortlist hua hai, ₹15,000 deposit karke apna task account activate karein",Fake Job
"part time job available hai, form fill karke ₹25,000 milega, abhi apply karein",Fake Job
"DEAR ACCOUNT HOLDER, YOUR ONLINE BANKING SESSION WAS FLAGGED FOR REVIEW. UPDATE YOUR DETAILS IMMEDIATELY TO AVOID PERMANENT SUSPENSION. DELAY MAY LEAD TO YOUR CARD BEING BLOCKED. TEAM ICICI",Phishing
"Ur name has been picked in the Diwali dhamaka lucky draw for ₹500, contact [PHONE] immediately.",Lottery Scam
"Hi, papa ne bola OTP kabhi kisi ko mat dena ✅",Safe
"hey ur Amazon refund of ₹2,500 is ready, just confrm ur bank details here [LINK]",Refund Scam
"Sir, aapka [BANK] accout secure karne ke liye code batana padega",OTP Scam
"The new season of that show just dropped, have you watched it?",Safe
"Reminder: Traffic on the highway is heavy today, take the service road!!!",Safe
"dear Valued Customer, A new device tried to log into your account from an unrecognized location. Visit [LINK] within the next few hours to avoid disruption. This is a final reminder before suspension. Thank you, Customer Support",Phishing
"for KYC completion, pls provide the one-time password sent to your registered mobile. If you don't share the code within 2 minutes, your account will be locked permanently.",OTP Scam
"🚨 ok so, a refund has been initiated to yr account. confirm your bank details at [link] to receive it.",Refund Scam
✅ Attention: System maintenance requires customers to re-confirm login credentials. Log in through [LINK] and re-confirm ur credentials. Failure to act will result in account closure.,Phishing
I have a job interview tomorrow and the recruiter asked me to bring my documents.,Safe
"sir, bank verification ke liye otp mujhe forward kar do",OTP Scam
"✅ hey ur an online store refund of ₹799 is ready, just confirm ur bank details here [LINK]",Refund Scam
Ur HDFC account will be blocked within 30 minutes unless you verify via [LINK].,Phishing
"Ok so, Remember to never click on links from unknown numbers claiming to be your bank.",Safe
"Hello, Congratulations! You have been shortlisted for a work-from-home data entry job paying ₹4,999 per day.",Fake Job
"fyi - dear applicant, thank you for your interest in our organization. we are pleased to inform you that you have been selected for a work-from-home position involving simple online tasks. to activate your employee id and receive your first task, kindly deposit a refundable amount of ₹3,300, which will be returned along with your first salary.",Fake Job
"hey i sent a collect request on your UPI app for ₹99, jus approve it to get the money. ✅",UPI Scam
"Heads up: sir aapka resume shortlist hua hai, ₹99 deposit karke apna task account activate karein",Fake Job
Your Google Pay transaction of [AMOUNT] failed. Enter your PIN again to complete it. ❗,UPI Scam
"AXIS BANK SECURITY ALERT: UNUSUAL LOGIN DETECTED, CONFIRM IDENTITY AT [LINK] WITHIN 24 HOURS.",Phishing
"Your payment of ₹4,999 was reversed by mistake, kindly share your account details to receive it back.",Refund Scam
"sir aapka refund ₹4,999 ka process ho raha hai, bank details [LINK] pe daal dijiye",Refund Scam
🚨 Security notice: confirm identity now — [LINK],Phishing
"I'll be a little late for the meeting, stuck in traffic.",Safe
"Hello, The recipe turned out really well, thanks for sharing it.",Safe
"sir aapka refund ₹1,200 ka process ho raha hai, bank details [link] pe daal dijiye",Refund Scam
YOUR KYC VERIFICATION HAS EXPIRED. PLEASE UPDATE IT RIGHT NOW TO AVOID ACCOUNT SUSPENSION.,KYC Scam
"FYI - You'll get an SMS in a few seconds, please read it to me when it arrives. This is your last chance, share the OTP or the transaction will be reported as fraud.",OTP Scam
"🚨 Your payment of ₹1,200 was reversed by mistake, kindly share your accout details to receive it back.",Refund Scam
"❗ Scan the QR code we've sent and enter your PIN to receive your payment of ₹25,000.",UPI Scam
"Scan the QR code we've sent and enter your PIN to receive your payment of ₹15,000.",UPI Scam
"Your name has been picked in the Diwali dhamaka lucky draw for [AMOUNT], contact [PHONE] immediately. 👉",Lottery Scam
Your [BANK] account will be blocked today itself unless you verify via [LINK].,Phishing
"To reverse the wrong debit, we require the OTP sent to you just now. This is your last chance, share the OTP or the transaction will be reported as fraud. ❗",OTP Scam
"Heads up: aapka UPI kyc na hone ki wajah se band ho sakta hai, abhi verify karein [LINK] ❗",KYC Scam
Quick update: Your Aadhaar-linked KYC is incomplete. Complete the process at [LINK] to keep your account active.,KYC Scam
"Note: yo u got selected for ₹500 cash prize, hurry claim before it expires",Lottery Scam
"Hello, Share the code with me and I'll process your pending refund right away.",OTP Scam
"Btw, KYC expired, verify at [LINK].",KYC Scam
👉 hii ur kyc is pending pls updat asap or ur acc will b blocked [LINK],KYC Scam
"👉 i am calling from Axis Bank fraud department, tell me the OTP to block the fraudulent transaction.",OTP Scam
"Dear Valued Customer, Your account access has been temporarily restricted due to a security check. Please re-enter yr login details on the page linked below. Failure to act will result in account closure. Regards, SBI Security Team",Phishing
"hi, a new device tried to log into your account from an unrecognized location. please verify your identity using the link below to restore access. failure to act will result in account closure. regards, hdfc security team",Phishing
"OK SO, DEAR CUSTOMER, AS PER THE LATEST RBI DIRECTIVE, ALL BANK ACCOUNTS MUST COMPLETE RE-KYC VERIFICATION. OUR RECORDS SHOW THAT YOUR KYC IS CURRENTLY INCOMPLETE. TO AVOID ANY INTERRUPTION TO YOUR BANKING SERVICES, PLEASE VISIT [LINK] AND SUBMIT THE REQUIRED DOCUMENTS AT THE EARLIEST.",KYC Scam
You have received a payment request of ₹99 on your UPI app. Approve it to receive the money,UPI Scam
"✅ Sir, bhai ye payment request accept kr, ₹3,300 milega",UPI Scam
"❗ sir aapka naam lucky draw me nikla hai ₹799 ka, processing fee bhejkar claim karein",Lottery Scam
"Reminder: Check your inbox, there's a number we need for confirmation.",OTP Scam
"SIM ka kyc pending hai, by tomorrow morning tak update na kiya toh number band ho jayega",KYC Scam
"Enter UPI PIN to get refund of ₹15,000. 👉",UPI Scam
"We are reaching out from the Axis Bank security desk regarding suspicious activity detected on your account earlier today. As part of standard verification, a code has been dispatched to your phone. Please share it with our representative so we can confirm your identity and prevent any unauthorized withdrawal from taking place!!!",OTP Scam
"just so you know - Earn up to ₹99 weekly by liking YouTube videos and rating products, deposit ₹99 to activate your task account. ⚠️",Fake Job
"✅ Hi sir, Your account access has been temporarily restricted due to a security check. Confirm your card details through the secure form we sent. Delay may lead to your card being blocked. - Online Banking Team",Phishing
Your net banking will be deactivatd within 2 hours unless you re-verify at [LINK].,Phishing
"booked my train tickets and paid via Paytm, got the confirmation instantly!!!",Safe
Just so you know - Your UPI ID will be blocked due to incomplete KYC. Update your details at [LINK] immediately,KYC Scam
"Scan the QR code we've sent and enter your PIN to receive your payment of ₹10,000. 👉",UPI Scam
"AAPKA ACCOUNT TEMPORARILY HOLD PE HAI, VERIFYY KIJIYE YAHAN [LINK] ❗",Phishing
"Hello, part time job available hai, form fill karke ₹4,999 milega, abhi apply karein",Fake Job
"we are reaching out from the bank of baroda security desk regarding suspicious activity detected on your account earlier today. as part of standard verifcation, a code has been dispatched to your phone. please share it with our representative so we can confirm your identity and prevent any unauthorized withdrawal from taking place.",OTP Scam
"Your Amazon order was cancelled and a refund of ₹10,000 is being processed, verify your card at [LINK].",Refund Scam
Heads up: I'll pick up the cake on my way home.,Safe
"Sir, heyy u won ₹799 in our lucky draw, msg us on [PHONE] to claim it",Lottery Scam
"dear winner, we are delighted to inform you that yr mobile number has been randomly selected in our nationwide lucky draw promotion. You have won a cash prize of ₹25,000. To claim your winnings, kindly contact our claims department at [PHONE] and provide your bank details for the prize transfer.",Lottery Scam
Reminder: Kindly tell me the OTP to confirm your identity as per RBI guidelines.,OTP Scam
Your resume has been shortlisted for a remote internship. Pay a refundable registration fee of [AMOUNT] to confirm your seat.,Fake Job
"🚨 FYI - We noticed a suspicious login on your Canara Bank account, secure it by tonight at [LINK].",Phishing
"quick, accept the request i sent, its ur cashback of ₹25,000 ✅",UPI Scam
Reminder: I'm attaching the notes from today's lecture!!!,Safe
"sir aapka resume shortlist hua hai, ₹10,000 deposit karke apna task acount activate karein!!!",Fake Job
"Your SIM card KYC needs re-verification, or your services may be disconnected right now",KYC Scam
We could not process your gas subsidy refund. Please confrm your bank details via [LINK]. ⚠️,Refund Scam
"Reminder: PAN verify nahi hua hai, jaldi kyc complete karo warna account freeze ho jayega",KYC Scam
"Dear Accout Holder, We noticed a login attempt from a device we don't recognize. Complete the security check at [LINK] to unlock your account. - Canara Bank Alerts",Phishing
Your KYC verification has expired. Please update it by 5 PM today to avoid account suspension.,KYC Scam
"Reminder: I am calling from Bank of Baroda fraud department, tell me the OTP to block the fraudulent transaction.",OTP Scam
Congratulations! You have been shortlisted for a work-from-home data entry job paying ₹500 per day.,Fake Job
"Btw, It's good practice to verify any refund message directly through the official app, not links in SMS.",Safe
"yo u got selected for ₹15,000 cash prize, hurry claim before it expires",Lottery Scam
"aapka tax refund approve ho gaya hai, verify karne ke liye OTP bata dijiye!!!",Refund Scam
"🚨 We are reaching out from the SBI security desk regarding suspicious activity detected on your account earlier today. As part of standard verification, a code has been dispatched to your phone. Please share it with our representative so we can confirm your identity and prevent any unauthorized withdrawal from taking place.",OTP Scam
note: my salary slip and pnb account details matched perfectly this month.,Safe
"SIM ka kyc pending hai, within 30 minutes tak update na kiya toh number band ho jayega!!!",KYC Scam
Your Axis Bank account will be blocked today itself unless you verify via [LINK]. 💰,Phishing
"HEADS UP: HEY UR AMAZON REFUND OF ₹1,999 IS READY, JUST CONFIRM UR BANK DETAILS HERE [LINK]",Refund Scam
Just so you know - bank verification ke liye OTP mujhe forward kar do,OTP Scam
"Note: Earn up to ₹500 weekly by liking YouTube videos and rating products, deposit ₹500 to activate your task account.",Fake Job
"✅ hii congrats ur selected for online typing job, pay ₹1,200 registration to confirm seat",Fake Job
"A refund of ₹4,999 is pending. Enter your UPI PIN to recive it.",UPI Scam
"We noticed a suspicious login on your Axis Bank accout, secure it before midnight at [LINK].",Phishing
The Meesho delivery agent confirmed the order before handing it over.,Safe
"hi, This is regarding your pending income tax refund of ₹99. Our system was unable to verify your bank account details on file. Please update your information at [LINK] within 48 hours to avoid delay in receiving your refund. 💰",Refund Scam
"🚨 Congratulations! Your number has won ₹1,200 in the KBC lucky draw. Contact us at [PHONE] to claim your prize",Lottery Scam
"i just finished my workout, feeling great.",Safe
"your meesho order was cancelled and a refund of ₹4,999 is being processed, verfy your card at [link]. ❗",Refund Scam
"Hi, I just finished my workout, feeling great.",Safe
Enter UPI PIN to get refund of ₹500.,UPI Scam
"yr merchant payment of ₹1,999 is on hold, approve the collect request to release it.",UPI Scam
"Action required — your card access will be suspended immediatly, resolve at [LINK].",Phishing
"we are reaching out from the sbi security desk regarding suspicious activity detected on your acount earlier today. as part of standard verification, a code has been dispatched to your phone. please share it with our representative so we can confirm your identity and prevent any unauthorized withdrawal from taking place.",OTP Scam
"❗ Reminder: aapka tax refund approve ho gaya hai, verify karne ke liye OTP bata dijiye",Refund Scam
FYI - Your wallet refund is stuck. Please share your OTP to release the pending amount.,Refund Scam
FYI - Your KYC verification has expired. Please update it immediately to avoid account suspension.,KYC Scam
"✅ Reminder: Your SIM card KYC needs re-verification, or your services may be disconnected right now.",KYC Scam
"WE ARE CURRENTLY HIRING FOR A REMOTE DATA ENTRY ROLE THAT REQUIRES NO PRIOR EXPERIENCE. SUCCESSFUL CANDIDATES CAN EARN UP TO ₹799 PER DAY BY COMPLETING BASIC ONLINE FORMS. TO RESERVE UR SPOT IN THIS MONTH'S BATCH, PLEASE PAY A SMALL REGISTRATION FEE, FULLY REFUNDABLE AFTER YOUR FIRST WEEK OF WORK.",Fake Job
"Dear customer, as per our records your recent order was cancelled and a refund of [AMOUNT] is due to be credited to ur account. To ensure the refund reaches the correct account, please confirm your bank details and registered mobile number through the secure link provided",Refund Scam
"sir aapka resume shortlist hua hai, ₹99 deposit karke apna task account activate karein!!!",Fake Job
"it's good practice to verfy any refund message directly through the official app, not links in SMS!!! ⚠️",Safe
✅ YOUR KYC VERIFCATION HAS EXPIRED. PLEASE UPDATE IT RIGHT NOW TO AVOID ACCOUNT SUSPENSION.,KYC Scam
"💰 We are reaching out from the ICICI security desk regarding suspicious activity detected on your account earlier today. As part of standard verification, a code has been dispatched to your phone. Please share it with our representative so we can confirm your identity and prevent any unauthorized withdrawal from taking place!!!",OTP Scam
"Scan the QR code we've sent and enter your PIN to receive ur payment of ₹1,200. 💰",UPI Scam
"Hello, aapko online job ke liye select kar liya gaya hai, ₹3,300 registration fee jama karein",Fake Job
"NOTE: I LOVED THE BIRYANI WE HAD LAST NIGHT, LET'S GO AGAIN.",Safe
Yr profile needs re-verification. [LINK],Phishing
"Reminder: aapka payment Google Pay pe pending hai, jaldi accept karein warna cancel ho jayega",UPI Scam
Bank has flagged your account for KYC non-compliance. Submit documents via [LINK] imediately.,KYC Scam
"This is to inform you that you have won a scholarship prize of ₹10,000, share your bank details to receive it.",Lottery Scam
"Dear Accnt Holder, We noticed a login attempt from a device we don't recognize. Kindly re-verify your account information to continue using our services. This must be completed today itself. Team [BANK]!!! ⚠️",Phishing
"Just so you know - Our office had a session on identifying phishing emails, it was really useful.",Safe
"hey this is regarding ur Axis Bank acc, we saw a weird login plz check [LINK]",Phishing
attention: Your account access has been temporarily restricted due to a security check. Log in through [LINK] and re-confirm your credentials. - Axis Bank Alerts,Phishing
"✅ This is to inform you that yr SBI account has been temporarily restricted following a routine security audit. To restore full access, kindly complete the identity verification process at [LINK] within the next 24 hours. We apologize for any inconvenience caused.",Phishing
The ICICI app itself reminds users to never share OTP with anyone over call.,Safe
"This is Paytm support, your recent payment failed due to a technical error. To reverse the deduction, please approve the refund request we've just sent to your UPI ID.",UPI Scam
Ur Aadhaar-linked KYC is incomplete. Complete the process at [LINK] to keep your account active,KYC Scam
Your Aadhaar-linked KYC is incomplete. Complete the process at [LINK] to keep yr account active!!!,KYC Scam
Bank has flagged yr account for KYC non-compliance. Submit documents via [LINK] immediately.,KYC Scam
"Note: yo ur refund is stuck, enter pin on the request to release it",UPI Scam
"A message just went to your phone, please tell me the digits. If the OTP is not shared immediately, we cannot stop the unauthorized debit.",OTP Scam
"sir aapke account me kisi aur device se login hua hai, turant verfy kariye [LINK]",Phishing
"sir aapka resume shortlist hua hai, ₹99 deposit karke apna task accnt activate karein",Fake Job
"You won ₹1,999! Claim at [LINK].",Lottery Scam
aapka SBI account secure karne ke liye code batana padega,OTP Scam
"REMINDER: SIR AAPKA RESUME SHORTLIST HUA HAI, ₹10,000 DEPOSIT KARKE APNA TASK ACCOUNT ACTIVATE KAREIN.",Fake Job
"Lucky winner! Prize of ₹1,200 waiting, contact [PHONE]!!!",Lottery Scam
"❗ Dear User, We have detected unusual login activity on your PNB account. Please re-enter your login details on the page linked below. Access will be permanently removed if not verified soon. Thank you, Customer Support",Phishing
"dear customer, as per our records ur recent order was cancelled and a refund of ₹799 is due to be credited to your account. to ensure the refund reaches the correct account, please confirm your bank details and registered mobile number through the secure link provided!!!",Refund Scam
I reported a suspicious message asking for OTP to my bank's fraud helpline.,Safe
"YOUR MEESHO ORDER WAS CANCELLED AND A REFUND OF ₹2,500 IS BEING PROCESSED, VERIFY YOUR CARD AT [LINK].",Refund Scam
"This is to inform you that you have won a scholarship prize of [AMOUNT], share your bank details to receive it!!!",Lottery Scam
attention: your debit card has been temporarily blocked as a precaution. visit [link] within the next few hours to avoid disruption. delay may lead to your card being blocked. - hdfc alerts,Phishing
"I am calling from Axis Bank fraud department, tell me the OTP to block the fraudulent transaction. If you don't share the code within 2 minutes, your account will be locked permanently.",OTP Scam
Just so you know - The bank sent an advisory reminding customers to never share OTP or PIN over the phone. 🚨,Safe
aapka Bank of Baroda account secure karne ke liye code batana padega!!!,OTP Scam
"selected for online job, deposit ₹799 to activate account.",Fake Job
"Quick update: heyy u won ₹3,300 in our lucky draw, msg us on [PHONE] to claim it!!!",Lottery Scam
"❗ Sir, Earn ₹3,300 daily, no experience needed, join now.",Fake Job
"earn up to ₹25,000 weekly by liking YouTube videos and rating products, deposit ₹25,000 to activate your task account.",Fake Job
"sir aapka naam lucky draw me nikla hai ₹10,000 ka, processing fee bhejkar claim karein!!!",Lottery Scam
"Banks will never call you asking for ur OTP, so please be careful.",Safe
"Transferred ₹4,999 to my brother for his college fees via UPI.",Safe
pooja asked me to confirm the upi payment befor sending the invoice.,Safe
"Hi, Your ICICI account has failed our routine security verification. Reply with your registered email at [EMAIL] to confirm ownership. Access will be permanently removed if not verified soon.",Phishing
"Payment pending, approve now on BHIM UPI. 🚨",UPI Scam
"mausi ka birthday hai kal, gift le liya kya!!!",Safe
"Heads up: It's good practice to verify any refund message directly through the official app, not links in SMS.",Safe
heads up: aapka [bank] account secure karne ke liye code batana padega,OTP Scam
"Your Meesho order was cancelled and a refund of ₹10,000 is being processed, verify your card at [LINK].",Refund Scam
"🚨 Btw, Dear customer, as per our records your recent order was cancelled and a refund of ₹1,999 is due to be credited to your account. To ensure the refund reaches the correct account, please confirm your bank details and registered mobile number through the secure link provided.",Refund Scam
💰 Heads up: payment recieve karne ke liye ye UPI request approve karo,UPI Scam
"👉 job confirmed! Pay ₹1,999 registration fee to start.",Fake Job
"As per RBI guidelines, your Kotak acount KYC must be updated in the next 1 hour using the link below: [LINK]!!!",KYC Scam
"Dear winner, we are delighted to inform you that your mobile number has been randomly selected in our nationwide lucky draw promotion. You have won a cash prize of ₹1,200. To claim your winnings, kindly contact our claims department at [PHONE] and provide your bank details for the prize transfer.",Lottery Scam
Just so you know - madam Aadhaar KYC update na karne par account block ho jayega,KYC Scam
Your resume has been shortlisted for a remote internship. Pay a refundable registration fee of ₹99 to confirm your seat.,Fake Job
"BTW, MEETING KE NOTES BHEJ DENA MUJHE BHI",Safe
My refund from Amazon reflected in my account exactly as the order page predicted.,Safe
This is regarding yr pending income tax refund of ₹500. Our system was unable to verify your bank account details on file. Please update your information at [LINK] within 48 hours to avoid delay in receiving your refund,Refund Scam
"Quick update: aapka number KBC lucky draw me select hua hai, ₹99 jeetne ke liye [PHONE] par contact karein ⚠️",Lottery Scam
"Hi sir, A new device tried to log into your account from an unrecognized location. Complete the security check at [LINK] to unlock your account. Regards, [BANK] Security Team 👉",Phishing
"This is regarding ur pending income tax refund of ₹4,999. Our system was unable to verify your bank account details on file. Please update your information at [LINK] within 48 hours to avoid delay in receiving your refund.",Refund Scam
Attention: There was an attempt to change your registered mobile number. Our representative will call you at [PHONE]; please keep your details ready. - ICICI Alerts,Phishing
"Btw, Our system just sent something to your number, tell me what it shows.",OTP Scam
"FYI - aapka the shopping site order cancel ho gaya, refund ke liye account number bhej dijiye",Refund Scam
"Your refund of ₹3,300 from Meesho is ready. Click [LINK] to claim it.",Refund Scam
✅ hello ma'am yr account login was flagged pls confirm [link]!!!,Phishing
"Enter UPI PIN to get refund of ₹10,000. 👉",UPI Scam
"🚨 Heads up: sir aapka resume shortlist hua hai, ₹1,200 deposit karke apna task account activate karein.",Fake Job
Share the code with me and I'll process yr pending refund right away.,OTP Scam
fyi - i transferred the rent through upi.,Safe
"Btw, We are reaching out from the SBI security desk regarding suspicious activity detected on your account earlier today. As part of standard verification, a code has been dispatched to your phone. Please share it with our representative so we can confirm your identity and prevent any unauthorized withdrawal from taking place.",OTP Scam
"btw, Police issued a warning about fraudulent calls asking people to install remote access apps.",Safe
"Note: sir aapka resume shortlist hua hai, ₹10,000 deposit karke apna task account activate karein",Fake Job
"We need the verifcation code to process your refund, please share it.",OTP Scam
"Hello, Congratulations! You have been shortlisted for a work-from-home data entry job paying ₹2,500 per day.",Fake Job
Scan the QR code we've sent and enter your PIN to receive your payment of ₹99.,UPI Scam
"Hi, Congrats, you've won a smartphone! Click [LINK]",Lottery Scam
"My the shopping site order got delivered on time, no complaints.",Safe
"Selected for online job, deposit ₹25,000 to activate account. 👉",Fake Job
"Your resume has been shortlisted for a remote internship. Pay a refundable registration fee of ₹10,000 to confirm your seat.",Fake Job
"Hi, We noticed a login attempt from a device we don't recognize. Log in through [LINK] and re-confirm your credentials. This must be completed before the day ends. Regards, Bank of Baroda Security Team",Phishing
"Hello, Your SIM card KYC needs re-verification, or your services may be disconnected immediately.",KYC Scam
"Sir, The bank sent an advisory reminding customers to never share OTP or PIN over the phone.",Safe
"✅ Reminder: yo ur online banking got a weird login attempt, verify asap [LINK]",Phishing
Yr income tax refund of ₹500 has been approved. Verify your bank details at [LINK] to receive the amount.,Refund Scam
"bhai ye payment request accept kr, ₹3,300 milega 💰",UPI Scam
"Btw, Please read the verification number aloud, our system will auto-cancel the charge.",OTP Scam
"💰 Dear Customer, A password change request was raised on your account today. Download the verifcation form from [LINK] and submit it today.",Phishing
"I'm going for a morning walk, join me if you're free.",Safe
The HR called to confirm my joining date for the new job.,Safe
"hi sir, your account has been placed under temporary hold pending review. complete the security check at [link] to unlock your account!!!",Phishing
"Hi, Police issued a warning about fraudulent calls asking people to install remote access apps!!!",Safe
bhai kyc updat krdo warna acc band ho jayega!!!,KYC Scam
"🚨 Sir, hi there's an issue with ur bank login, fix it here [LINK] before it gets blocked",Phishing
❗ your net banking will be deactivatd today itself unless you re-verify at [link].,Phishing
"Quick update: Government scheme is hiring work-from-home staff for online surveys, join now and earn ₹1,999 daily.",Fake Job
"HI, OUR SYSTEM FLAGGED SUSPICIOUS ACTIVITY LINKED TO YOUR HDFC PROFILE. CLICK [LINK] TO CONFIRM IT WAS YOU. THIS MUST BE COMPLETED RIGHT NOW. TEAM HDFC",Phishing
"we are currently hiring for a remote data entry role that requires no prior experience. successful candidates can earn up to ₹1,200 per day by completing basic online forms. to reserve yr spot in this month's batch, please pay a small registration fee, fully refundable after your first week of work.",Fake Job
"FYI - Work from home, ₹799/day, DM to apply.",Fake Job
"We noticed a suspicious login on your Bank of Baroda account, secure it by tomorrow morning at [LINK]",Phishing
a refund has been initiated to your account. confirm yr bank details at [link] to receive it.,Refund Scam
"Note: The recruiter's email came from the official company domain, so I trust it.",Safe
"Note: Paid the Amazon bill through BHIM UPI, order confirmed.",Safe
"Reminder: Action needed: your session expired, log in again [LINK]",Phishing
"Btw, Our office had a session on identifying phishing emails, it was really useful!!!",Safe
"Dear winner, we are delighted to inform you that your mobile number has been randomly selected in our nationwide lucky draw promotion. You have won a cash prize of ₹1,200. To claim your winnings, kindly contact our claims department at [PHONE] and provide yr bank details for the prize transfer. ⚠️",Lottery Scam
"your electricity bill refund of ₹10,000 is pending, share your account number to process it. 👉",Refund Scam
"bhai ye job easy hai bas video like karni hai, ₹10,000 milega roz",Fake Job
"Hello, Your UPI ID will be blocked due to incomplete KYC. Update your details at [LINK] within 30 minutes.",KYC Scam
Your net banking will be deactivated by tonight unless you re-verify at [LINK].,Phishing
"an online store refund approved, verify bank info now.",Refund Scam
"Hi, Your PhonePe transaction of ₹2,500 failed. Enter your PIN again to complete it.",UPI Scam
Just so you know - Let's catch up over dinner this Friday.,Safe
"Refund pending, click [LINK] to claim ₹3,300.",Refund Scam
"Note: aapka Amazon order cancel ho gaya, refund ke liye account number bhej dijiye",Refund Scam
"we are currently hiring for a remote data entry role that requires no prior experience. Successful candidates can earn up to [AMOUNT] per day by completing basic online forms. To reserve your spot in this month's batch, please pay a small registration fee, fully refundable after your first week of work.",Fake Job
happy birthday! hope you have a great day.,Safe
"Btw, ghar baithe kaam karo, roz ₹10,000 kamao, Telegram join karo 👉",Fake Job
"🚨 earn up to [AMOUNT] weekly by liking YouTube videos and rating products, deposit [AMOUNT] to activate your task account!!!",Fake Job
"Hi, This is to inform you that your [BANK] account has been temporarily restricted following a routine security audit. To restore full access, kindly complete the identity verification process at [LINK] within the next 24 hours. We apologize for any inconvenience caused",Phishing
"HELLO, YOUR AN ONLINE STORE ORDER WAS CANCELLED AND A REFUND OF ₹1,999 IS BEING PROCESSED, VERIFY YOUR CARD AT [LINK].",Refund Scam
"just so you know - sim ka kyc pending hai, in the next 1 hour tak update na kiya toh number band ho jayega",KYC Scam
"🚨 quick update: congratulations aap car jeet gaye hain, claim karne ke liye [phone] par call karein",Lottery Scam
"Action required — your card access will be suspended within 24 hours, resolve at [LINK].",Phishing
"Just so you know - sir aapke accnt me kisi aur device se login hua hai, turant verify kariye [LINK] ✅",Phishing
"hi, our system just sent something to your number, tell me what it shows!!!",OTP Scam
"You'll get an SMS in a few seconds, please read it to me when it arrives. If you don't share the code within 2 minutes, your account will be locked permanently.",OTP Scam
"💰 SIM ka kyc pending hai, today itself tak update na kiya toh number band ho jayega",KYC Scam
"Note: Good afternoon, this is regarding ur recent Google Pay transaction which appears to be flagged for review. To release the hold and confirm this was you, our verification system has sent a one-time code to your registered mobile number. Kindly read it out so we can immediately clear the transaction and restore full access to your wallet.",OTP Scam
"Heads up: Dear Valued Customer, Multiple failed login attempts were recorded on yr account. Log in through [LINK] and re-confirm your credentials. Ignoring this message may lead to loss of banking access.",Phishing
"Hello, Dear applicant, thank you for your interest in our organization. We are pleased to inform you that you have been selected for a work-from-home position involving simple online tasks. To activate your employee ID and receive your first task, kindly deposit a refundable amount of ₹25,000, which will be returned along with your first salary.",Fake Job
Your Canara Bank account will be blocked immediately unless you verify via [LINK].,Phishing
"I paid Suresh back ₹3,300 for the groceries through your UPI app.",Safe
"EARN ₹1,200 DAILY, NO EXPERIENCE NEEDED, JOIN NOW.",Fake Job
Please forward the code you received to complete your card upgrade.,OTP Scam
"Hello, assignment ka deadline extend ho gaya hai teacher ne bola",Safe
Just so you know - college assignment submit kar diya maine time pe,Safe
"You won ₹15,000! Claim at [LINK]!!!",Lottery Scam
"FYI - BOOKED MY TRAIN TICKETS AND PAID VIA PHONEPE, GOT THE CONFIRMATION INSTANTLY.",Safe
"Note: I booked the venue for the reunion, will share details soon.",Safe
"Hi, This is Paytm support, your recent payment failed due to a technical error. To reverse the deduction, please approve the refund request we've just sent to your UPI ID.",UPI Scam
"👉 Selected for online job, deposit ₹10,000 to activate account.",Fake Job
"heads up: aapko online job ke liye select kar liya gaya hai, ₹1,999 registration fee jama karein",Fake Job
Accept the payment request to receive ₹799.,UPI Scam
"Btw, Your KYC verification has expired. Please update it by 5 PM today to avoid account suspension.",KYC Scam
"To cancel the pending transaction, share the code that just arrived on ur phone. This is your last chance, share the OTP or the transaction will be reported as fraud",OTP Scam
"Your the shopping site order was cancelled and a refund of ₹500 is being processed, verify your card at [LINK].",Refund Scam
"Heads up: Earn up to ₹3,300 weekly by liking YouTube videos and rating products, deposit ₹3,300 to activate your task account. ❗",Fake Job
FYI - aapka Bank of Baroda account secure karne ke liye code batana padega,OTP Scam
"Dear Account Holder, Our system flagged suspicious activity linked to your Kotak profile. Download the verification form from [LINK] and submit it today. Ignoring this message may lead to loss of banking access. Thank you, Customer Support",Phishing
"GOOD AFTERNOON, THIS IS REGARDING UR RECENT PAYTM TRANSACTION WHICH APPEARS TO BE FLAGGED FOR REVIEW. TO RELEASE THE HOLD AND CONFIRM THIS WAS YOU, OUR VERIFICATION SYSTEM HAS SENT A ONE-TIME CODE TO YOUR REGISTERED MOBILE NUMBER. KINDLY READ IT OUT SO WE CAN IMMEDIATELY CLEAR THE TRANSACTION AND RESTORE FULL ACCESS TO YOUR WALLET!!!",OTP Scam
"💰 part time job available hai, form fill karke ₹2,500 milega, abhi apply karein",Fake Job
"This is Canara Bank customer care, please confirm the OTP you received for security purposes.",OTP Scam
Yr courier could not be delivered and a refund of ₹99 is due. Share your UPI ID at [LINK].,Refund Scam
Sir please share the OTP sent to your number so I can complete the verifcation!!!,OTP Scam
papa ne bola OTP kabhi kisi ko mat dena!!!,Safe
This is to inform you that your Aadhaar and PAN linked KYC verification with [BANK] has not been updated as per the new compliance guidelines. Kindly complete the verification process through [LINK] today itself to ensure uninterrupted access to your account and UPI services,KYC Scam
Quick update: madam Aadhaar KYC update na karne par account block ho jayega,KYC Scam
"Dear Account Holder, Our system flagged suspicious activity linked to your Kotak profile. Visit [LINK] within the next few hours to avoid disruption. Delay may lead to ur card being blocked. Thank you, Customer Support",Phishing
"HDFC security alert: unusual login detected, confirm identity at [LINK] by tomorrow morning",Phishing
"FYI - Scan the QR code we've sent and enter your PIN to receive your payment of ₹1,200.",UPI Scam
"yo u got selected for ₹10,000 cash prize, hurry claim before it expires",Lottery Scam
"Hello madam, Your account access has been temporarily restricted due to a security check. Complete the security check at [LINK] to unlock your account. - Online Banking Team",Phishing
"To claim your cashback of ₹500, accept the collect request sent to your UPI ID.",UPI Scam
"Hi, I sent the UPI payment to my friend!!!",Safe
your phonepe transaction of ₹799 failed. enter your pin again to complete it.,UPI Scam
❗ NOTE: A REFUND HAS BEEN INITIATED TO YOUR ACCOUNT. CONFIRM YOUR BANK DETAILS AT [LINK] TO RECEIVE IT!!!,Refund Scam
"Your income tax refund of ₹4,999 has been approved. Verfy your bank details at [LINK] to receive the amount.",Refund Scam
your net banking will be deactivated today itself unless you re-verify at [link]!!!,Phishing
Your Paytm account shows a pending transaction. Approve it now to avoid cancellation. 💰,UPI Scam
"Your an online store order was cancelled and a refund of ₹500 is being processed, verify your card at [LINK].",Refund Scam
"🚨 Your resume has been shortlisted for a remote internship. Pay a refundable registration fee of ₹25,000 to confirm your seat",Fake Job
"ok so, badhai ho! aap ₹2,500 ke voucher ke winner hain, [LINK] pe claim karein",Lottery Scam
"hey ur an online store refund of ₹1,999 is ready, just confirm ur bank details here [LINK]",Refund Scam
Your Google Pay transaction of ₹799 failed. Enter your PIN again to complete it.,UPI Scam
"check your inbox, there's a number we need for confirmation. If you don't share the code within 2 minutes, your account will be locked permanently.",OTP Scam
Your merchant transction of ₹799 is showing as pending on our end. Kindly approve the collect request sent to your registered UPI ID to complete the settlement.,UPI Scam
"payment pending, approve now on Paytm. ⚠️",UPI Scam
your online banking session was flagged for review. download the verification form from [link] and submit it today. delay may lead to your card being blocked.,Phishing
"quick update: badhai ho! aap ₹1,999 ke voucher ke winner hain, [link] pe claim karein",Lottery Scam
"❗ yo ur sim kyc pending, will be deactivated if not done by tomorrow morning",KYC Scam
"FYI - Dear winner, we are delighted to inform you that your mobile number has been randomly selected in our nationwide lucky draw promotion. You have won a cash prize of ₹1,999. To claim your winnings, kindly contact our claims department at [PHONE] and provide your bank details for the prize transfer.",Lottery Scam
"Dear Account Holder, Yr account has been placed under temporary hold pending review. Please verify your identity using the link below to restore access. Access will be permanently removed if not verified soon.",Phishing
aapka ICICI account secure karne ke liye code batana padega.,OTP Scam
"Btw, Your net banking will be deactivated immediately unless you re-verify at [LINK].",Phishing
"We are currently hiring for a remote data entry role that requires no prior experience. Successful candidates can earn up to ₹10,000 per day by completing basic online forms. To reserve your spot in this month's batch, please pay a small registration fee, fully refundable after yr first week of work.",Fake Job
"mera refund already aa gaya Amazon se, sab thik hai",Safe
"This is to inform you that you have won a scholarship prize of ₹3,300, share your bank details to receive it.",Lottery Scam
"hi, aapko online job ke liye select kar liya gaya hai, ₹799 registration fee jama karein!!!",Fake Job
"Dear applicant, thank you for your interest in our organization. We are pleased to inform you that you have been selected for a work-from-home position involving simple online tasks. To activate your employee ID and receive your first task, kindly deposit a refundable amount of ₹2,500, which will be returned along with your first salary.",Fake Job
"transction cancel karne ke liye OTP zaruri hai, turant share karein",OTP Scam
"Btw, Action required — your card access will be suspended in the next 1 hour, resolve at [LINK].",Phishing
"sir aapka resume shortlist hua hai, ₹2,500 deposit karke apna task account activate karein 💰",Fake Job
"Note: Selected for online job, deposit ₹1,999 to activate account.",Fake Job
Yr PAN details could not be verified. Update your KYC at [LINK] before your account is frozen.,KYC Scam
"Dear User, An unrecognized payee was added using ur net-banking login. Please verify your identity using the link below to restore access. Access will be permanently removed if not verified soon. 🚨",Phishing
"REMINDER: YOUR ELECTRICITY BILL REFUND OF ₹25,000 IS PENDING, SHARE YOUR ACCOUNT NUMBER TO PROCESS IT ❗",Refund Scam
"Heads up: You have received a payment request of ₹1,999 on your UPI app. Approve it to receive the money.",UPI Scam
"Dear customer, as per the latest RBI directive, all bank accounts must complete re-KYC verification. Our records show that your KYC is currently incomplete. To avoid any interruption to ur banking services, please visit [LINK] and submit the required documents at the earliest",KYC Scam
"DEAR ACCOUNT HOLDER, OUR SYSTEM FLAGGED SUSPICIOUS ACTIVITY LINKED TO YOUR [BANK] PROFILE. COMPLETE THE SECURITY CHECK AT [LINK] TO UNLOCK YOUR ACCOUNT. ACCESS WILL BE PERMANENTLY REMOVED IF NOT VERIFIED SOON. - ONLINE BANKING TEAM!!!",Phishing
"Paid the Flipkart bill through Paytm, order confirmed.",Safe
"Dear User, We have detected unusual login activity on ur Axis Bank account. Kindly re-verify your account information to continue using our services. Team Axis Bank",Phishing
"Your merchant transaction of ₹25,000 is showing as pending on our end. Kindly approve the collect request sent to your registered UPI ID to complete the settlement!!!",UPI Scam
"hey i sent a collect request on Paytm for ₹4,999, jus approve it to get the money!!!",UPI Scam
quick update: security notice: confirm identity now — [link] 💰,Phishing
"heyy u won ₹500 in our lucky draw, msg us on [PHONE] to claim it",Lottery Scam
"Hello, weekend pe trip plan karte hain kahi",Safe
"Your name has been picked in the Diwali dhamaka lucky draw for ₹15,000, contact [PHONE] immediately.",Lottery Scam
"AAPKA PAYMENT UR UPI APP PE PENDING HAI, JALDI ACCEPT KAREIN WARNA CANCEL HO JAYEGA",UPI Scam
My PAN card update request is still being processed by the department.,Safe
"❗ Reminder: I am calling from Axis Bank fraud department, tell me the OTP to block the fraudulent transaction.",OTP Scam
"Ok so, Complete KYC today itself or account will be blocked!!!",KYC Scam
"Hello, An unrecognized payee was added using your net-banking login. Update your details imediately to avoid permanent suspension. Access will be permanently removed if not verified soon. Regards, ICICI Security Team",Phishing
"PART TIME JOB AVAILABLE HAI, FORM FILL KARKE [AMOUNT] MILEGA, ABHI APPLY KAREIN!!!",Fake Job
Your refund of ₹500 from Flipkart is ready. Click [LINK] to claim it.,Refund Scam
"note: this is to inform you that your kotak account has been temporarily restricted following a routine security audit. to restore full access, kindly complete the identity verification process at [link] within the next 24 hours. we apologize for any inconvenience caused.",Phishing
madam Aadhaar KYC update na karne par accout block ho jayega,KYC Scam
"Heads up: This is PhonePe support, your recent payment failed due to a technical error. To reverse the deduction, please approve the refund request we've just sent to your UPI ID.",UPI Scam
FYI - payment receive karne ke liye ye UPI request approve karo ❗,UPI Scam
"We are reaching out from the Kotak security desk regarding suspicious activity detected on your account earlier today. As part of standard verifcation, a code has been dispatched to your phone. Please share it with our representative so we can confirm your identity and prevent any unauthorized withdrawal from taking place.",OTP Scam
"Hi sir, We could not confirm yr identity during a recent transaction. Update your details immediately to avoid permanent suspension. - Online Banking Team",Phishing
"Just so you know - Good afternoon, this is regarding your recent yr UPI app transaction which appears to be flagged for review. To release the hold and confirm this was you, our verification system has sent a one-time code to your registered mobile number. Kindly read it out so we can immediately clear the transaction and restore full access to your wallet.",OTP Scam
your refund of [amount] from flipkart is ready. click [link] to claim it.,Refund Scam
"Can you read out the 6-digit code you just received? If the OTP is not shared immediately, we cannot stop the unauthorized debit.",OTP Scam
"This is to inform you that your Kotak acount has been temporarily restricted following a routine security audit. To restore full access, kindly complete the identity verification process at [LINK] within the next 24 hours. We apologize for any inconvenience caused.",Phishing
"As per RBI guidelines, your ICICI account KYC must be updated within 2 hours using the link below: [LINK]",KYC Scam
"FYI - Saw a news report about a fake job scam targeting college students, good to stay alert.",Safe
"sir aapke acount me kisi aur device se login hua hai, turant verify kariye [LINK]",Phishing
"Hi, I updated my Aadhaar address at the local Seva Kendra last week.",Safe
"👉 Your courier could not be delivered and a refund of ₹2,500 is due. Share your UPI ID at [LINK].",Refund Scam
"hello, payment pending, approve now on bhim upi!!!",UPI Scam
"yo easy task job available, ₹25,000 daily, join our telegram group now",Fake Job
"Your electricity bill refund of ₹2,500 is pending, share yr account number to process it!!!",Refund Scam
"Ok so, Let's plan the birthday surprise for next weekend.",Safe
"Just so you know - sir aapka refund ₹500 ka process ho raha hai, bank details [LINK] pe daal dijiye",Refund Scam
"Ok so, kal ka assignment bhej dena please ❗",Safe
"mera Canara Bank ka statement aa gaya, salary credit ho gayi",Safe
"Dear customer, we detected unusual activity on your acount. To prevent temporary suspension, please complete verification through the provided link immediately. SBI takes your account security seriously and this step is necessary to protect your funds.",Phishing
Your courier could not be delivered and a refund of ₹99 is due. Share ur UPI ID at [LINK].,Refund Scam
"as per rbi guidelines, your bank of baroda account kyc must be updated immediately using the link below: [link] ❗",KYC Scam
"❗ A message just went to your phone, pls tell me the digits.",OTP Scam
Quick update: Complete KYC by tomorrow morning or account will be blocked.,KYC Scam
"Ok so, aapke number pe ek code aaya hoga, wahi bata dijiye",OTP Scam
"Hello, Your net banking will be deactivated by 5 PM today unless you re-verify at [LINK].",Phishing
hello ma'am ur account login was flagged pls confirm [LINK],Phishing
"This is to inform you that you have won a scholarship prize of [AMOUNT], share yr bank details to receive it.",Lottery Scam
"Hello, Account alert: unusual activity detected. Verify at [LINK].",Phishing
"Checked my ICICI account balance, everything looks fine.",Safe
"👉 Your SIM card KYC needs re-verification, or your services may be disconnected by tomorrow morning.",KYC Scam
"Hi, Your PhonePe transaction of ₹799 failed. Enter your PIN again to complete it.",UPI Scam
"This is to inform you that your HDFC account has been temporarily restricted following a routine security audit. To restore full access, kindly complete the identity verification process at [LINK] within the next 24 hours. We apologize for any inconvenience caused.",Phishing
"your Meesho order was cancelled and a refund of ₹1,200 is being processed, verify your card at [LINK].",Refund Scam
"Dear Valued Customer, Ur registered device could not be authenticated this morning. Click [LINK] to confirm it was you. This must be completed within 30 minutes. Team [BANK]",Phishing
Complete KYC by tonight or account will be blocked.,KYC Scam
"FYI - interview kal hai, documents ready rakhna",Safe
"Note: aapki id se ek naya device add hua hai, agar aap nahi the toh [LINK] pe report karein!!!",Phishing
"Kindly tell me the OTP to confirm ur identity as per RBI guidelines. This is your last chance, share the OTP or the transaction will be reported as fraud.",OTP Scam
"FYI - Your refund of ₹1,200 from Meesho is ready. Click [LINK] to claim it.",Refund Scam
"PNB security alert: unusual login detected, confirm identity at [LINK] by 5 PM today!!!",Phishing
"Your SIM card KYC needs re-verification, or your services may be disconnected immediately.",KYC Scam
Heads up: Your resume has been shortlisted for a remote internship. Pay a refundable registration fee of [AMOUNT] to confirm your seat!!!,Fake Job
"💰 hey i sent a collect request on ur UPI app for ₹1,999, jus approve it to get the money",UPI Scam
"Sir, Hi, System maintenance requires customers to re-confirm login credentials. Download the verification form from [LINK] and submit it today. Ignoring this message may lead to loss of banking access. - PNB Alerts 🚨",Phishing
"DEAR CUSTOMER, WE DETECTED UNUSUAL ACTIVITY ON YR ACCOUNT. TO PREVENT TEMPORARY SUSPENSION, PLEASE COMPLETE VERIFICATION THROUGH THE PROVIDED LINK IMMEDIATELY. AXIS BANK TAKES YOUR ACCOUNT SECURITY SERIOUSLY AND THIS STEP IS NECESSARY TO PROTECT YOUR FUNDS!!!",Phishing
"mera Kotak ka statement aa gaya, salary credit ho gayi!!!",Safe
The Canara Bank app itself reminds users to never share OTP with anyone over call.,Safe
i paid the electricity bill through google pay without any issue.,Safe
"I checked my KYC status online on SBI's official website, it's already verified.",Safe
"Reminder: Hello, Ur card details need to be re-confirmed after a recent policy update. Update your details immediately to avoid permanent suspension. Ignoring this message may lead to loss of banking access.",Phishing
Can you send me today's assignment?,Safe
"Dear applicant, thank you for yr interest in our organization. We are pleased to inform you that you have been selected for a work-from-home position involving simple online tasks. To activate your employee ID and receive your first task, kindly deposit a refundable amount of ₹799, which will be returned along with your first salary.",Fake Job
"This is regarding yr pending income tax refund of ₹15,000. Our system was unable to verify your bank account details on file. Please update your information at [LINK] within 48 hours to avoid delay in receiving your refund!!!",Refund Scam
"Ok so, You should have received a code just now, what does it say?",OTP Scam
"Btw, sir jo OTP aaya hai wo bata dijiye verification ke liye",OTP Scam
"Note: Booked my train tickets and paid via your UPI app, got the confirmation instantly.",Safe
Quick update: didi ki shaadi ke liye shopping karni hai is weekend,Safe
"hey i sent a collect request on PhonePe for ₹2,500, jus approve it to get the money",UPI Scam
madam Aadhaar KYC update na karne par accnt block ho jayega,KYC Scam
Your Aadhaar-linked KYC is incomplete. Complete the process at [LINK] to keep your accnt active.,KYC Scam
"a message just went to your phone, plz tell me the digits. failure to provide the code now will result in your card being blocked.",OTP Scam
"Just so you know - To cancel the pending transaction, share the code that just arrived on your phone.",OTP Scam
"I am calling from [BANK] fraud department, tell me the OTP to block the fraudulent transction.",OTP Scam
✅ Just so you know - KYC pending. Update now.,KYC Scam
"Dear Valued Customer, An unrecognized payee was added using your net-banking login. Download the verification form from [LINK] and submit it today. Delay may lead to your card being blocked. Team Axis Bank",Phishing
"Dear customer, we detected unusual activity on your account. To prevent temporary suspension, please complete verification through the provided link immediately. Axis Bank takes your account security seriously and this step is necessary to protect your funds.",Phishing
"SIM ka kyc pending hai, by 5 PM today tak updte na kiya toh number band ho jayega",KYC Scam
MY SALARY GOT CREDITED TO MY SBI ACCOUT THIS MORNING.,Safe
"Dear customer, as per our records your recent order was cancelled and a refund of ₹25,000 is due to be credited to your account. To ensure the refund reaches the correct account, please confirm your bank details and registered mobile number through the secure link provided.",Refund Scam
"To claim yr cashback of ₹10,000, accept the collect request sent to your UPI ID. 💰",UPI Scam
"Hello, Your registered device could not be authenticated this morning. Download the verification form from [LINK] and submit it today. Delay may lead to your card being blocked. Thank you, Customer Support",Phishing
"Ok so, yo u got selected for ₹500 cash prize, hurry claim before it expires",Lottery Scam
"heyy u won ₹15,000 in our lucky draw, msg us on [PHONE] to claim it 🚨",Lottery Scam
"Hi, aaj weather bahut accha hai, chalo ghumne chalte hain",Safe
"Sir, ghar baithe kaam karo, roz ₹15,000 kamao, Telegram join karo",Fake Job
"i paid Anjali back ₹1,200 for the groceries through your UPI app.",Safe
"Hi, hello ma'am your account login was flagged pls confirm [LINK]",Phishing
your mobile number has won a cash prize of [amount] in the government digital india lucky draw,Lottery Scam
My salary slip and ICICI accnt details matched perfectly this month.,Safe
"Share the code with me and I'll process your pending refund right away. If you don't share the code within 2 minutes, your account will be locked permanently",OTP Scam
"This is to inform you that your Axis Bank account has been temporarily restricted following a routine security audit. To restore full access, kindly complete the identity verifiction process at [LINK] within the next 24 hours. We apologize for any inconvenience caused.",Phishing
I set up auto-debit for my electricity bill through BHIM UPI!!!,Safe
"❗ Quick update: A message just went to your phone, please tell me the digits. If you don't share the code within 2 minutes, your account will be locked permanently.",OTP Scam
Attention: System maintenance requires customers to re-confirm login credentials. Updte your details immediately to avoid permanent suspension. Access will be permanently removed if not verified soon. - Online Banking Team,Phishing
"Your SIM card number has been selected for a ₹25,000 cash reward, claim within 24 hours.",Lottery Scam
"Sir, SIM ka kyc pending hai, by tomorrow morning tak update na kiya toh number band ho jayega 👉",KYC Scam
"Scan the QR code we've sent and enter your PIN to receive your payment of ₹1,200.",UPI Scam
"We noticed a suspicious login on your PNB account, secure it within 2 hours at [LINK]. ⚠️",Phishing
didi ki shaadi ke liye shopping karni hai is weekend!!!,Safe
"Hi, Your resume has been shortlisted for a remote internship. Pay a refundable registration fee of ₹3,300 to confirm your seat.",Fake Job
"Heads up: Job confirmed! Pay ₹25,000 registration fee to start.",Fake Job
"hello, heyy u won ₹4,999 in our lucky draw, msg us on [PHONE] to claim it ✅",Lottery Scam
"yr merchant transaction of ₹10,000 is showing as pending on our end. kindly approve the collect request sent to your registered upi id to complete the settlement.",UPI Scam
My friend asked me to split the dinner bill through your UPI app.,Safe
"government scheme is hiring work-from-home staff for online surveys, join now and earn [amount] daily.",Fake Job
"Dear Customer, Multiple failed login attempts were recorded on your account. Our representative will call you at [PHONE]; please keep your details ready. Team ICICI",Phishing
"Meesho refund approved, verfy bank info now.",Refund Scam
"ok so, bank ne bola hai kyc karwana hai, [LINK] pe details bhar dijiye",KYC Scam
"REMINDER: YOUR REFUND OF ₹3,300 FROM FLIPKART IS READY. CLICK [LINK] TO CLAIM IT.",Refund Scam
"Your SIM card KYC needs re-verification, or your services may be disconnected in the next 1 hour!!!",KYC Scam
A password change request was raised on your account today. Log in through [LINK] and re-confirm your credentials. Ignoring this message may lead to loss of banking access. Team Canara Bank,Phishing
Heads up: Your KYC verification has expired. Please update it within 30 minutes to avoid account suspension.,KYC Scam
Your Paytm transaction of [AMOUNT] failed. Enter your PIN again to complete it. 💰,UPI Scam
"dear customer, we detected unusual activity on yr account. to prevent temporary suspension, please complete verification through the provided link immediately. sbi takes your account security seriously and this step is necessary to protect your funds!!!",Phishing
"This is regarding your pending income tax refund of ₹4,999. Our system was unable to verify your bank account details on file. Please update your information at [LINK] within 48 hours to avoid delay in receiving your refund",Refund Scam
"Hello, Dear User, Your account has been placed under temporary hold pending review. Pls verify your identity using the link below to restore access. Access will be permanently removed if not verified soon. Thank you, Customer Support",Phishing
JUST SO YOU KNOW - PENDING KYC — RESOLVE TODAY AT [LINK].,KYC Scam
"JUST SO YOU KNOW - THIS IS BHIM UPI SUPPORT, YOUR RECENT PAYMENT FAILED DUE TO A TECHNICAL ERROR. TO REVERSE THE DEDUCTION, PLEASE APPROVE THE REFUND REQUEST WE'VE JUST SENT TO YOUR UPI ID.",UPI Scam
"Hi, madam bijli bill ka refund aana hai, UPI id confirm kar dijiye",Refund Scam
"ok so, Your net banking will be deactivated by tomorrow morning unless you re-verify at [LINK].",Phishing
"bhai ye payment request accept kr, ₹25,000 milega",UPI Scam
"Dear winner, we are delighted to inform you that your mobile number has been randomly selected in our nationwide lucky draw promotion. You have won a cash prize of ₹99. To claim your winnings, kindly contact our claims department at [PHONE] and provide your bank details for the prize transfer.",Lottery Scam
"Quick update: send otp fast, refund waiting. ✅",OTP Scam
"Heads up: My uncle almost fell for a fake lottery message, good thing he checked with the bank first.",Safe
"Dear Customer, Your debit card has been temporarily blocked as a precaution. Our representative will call you at [PHONE]; please keep your details ready. Failure to act will result in account closure. - HDFC Alerts",Phishing
"btw, hey the bank just sent u a code, what does it say? need it to fix ur account!!!",OTP Scam
Your UPI ID will be blocked due to incomplete KYC. Update your details at [LINK] by tonight,KYC Scam
TRANSFERRED ₹799 TO MY BROTHER FOR HIS COLLEGE FEES VIA UPI.,Safe
Your PhonePe account will be suspended due to pending KYC. Verify now at [LINK].,KYC Scam
"Btw, Good afternoon, this is regarding ur recent Google Pay transaction which appears to be flagged for review. To release the hold and confirm this was you, our verification system has sent a one-time code to your registered mobile number. Kindly read it out so we can immediately clear the transaction and restore full access to your wallet",OTP Scam
"Hello, congratulations aap car jeet gaye hain, claim karne ke liye [PHONE] par call karein",Lottery Scam
"✅ As per RBI guidelines, your PNB account KYC must be updated by tonight using the link below: [LINK]",KYC Scam
"Dear winner, we are delighted to inform you that your mobile number has been randomly selected in our nationwide lucky draw promotion. You have won a cash prize of ₹99. To claim yr winnings, kindly contact our claims department at [PHONE] and provide your bank details for the prize transfer.",Lottery Scam
"Hi, Selected for online job, deposit ₹99 to activate account.",Fake Job
"hey ur wallet kyc expired, sort it here [LINK] befor it stops working.",KYC Scam
Your UPI ID will be blocked due to incomplete KYC. Update your details at [LINK] by tomorrow morning.,KYC Scam
"Your income tax refund of ₹15,000 has been approved. Verify your bank details at [LINK] to receive the amount.",Refund Scam
You have received a payment request of [AMOUNT] on Google Pay. Approve it to receive the money.,UPI Scam
"btw, PAN verify nahi hua hai, jaldi kyc complete karo warna account freeze ho jayega",KYC Scam
Reminder: Your net banking will be deactivated by tomorrow morning unless you re-verify at [LINK].,Phishing
"Collect request sent, accept to recive money.",UPI Scam
"Your Google Pay transaction of ₹10,000 failed. Enter your PIN again to complete it.",UPI Scam
"My BHIM UPI transaction history shows all my recent payments clearly, nothing looks off.",Safe
"Heads up: aapko online job ke liye select kar liya gaya hai, [AMOUNT] registration fee jama karein",Fake Job
"Note: You have received a payment request of ₹15,000 on Paytm. Approve it to receive the money.",UPI Scam
"btw, code plz, urgent verification pending.",OTP Scam
"Your Google Pay transaction of ₹1,999 failed. Enter your PIN again to complete it.",UPI Scam
"Reminder: We are reaching out from the Axis Bank security desk regarding suspicious activity detected on your account earlier today. As part of standard verifcation, a code has been dispatched to your phone. Please share it with our representative so we can confirm your identity and prevent any unauthorized withdrawal from taking place.",OTP Scam
"Reminder: yo ur sim kyc pending, will be deactivated if not done by 5 PM today",KYC Scam
"A password change request was raised on your account today. Click [LINK] to confirm it was you. Access will be permanently removed if not verified soon. Thank you, Customer Support",Phishing
"Job confirmed! Pay ₹2,500 registration fee to start.",Fake Job
Complete KYC within 2 hours or account will be blocked 💰,KYC Scam
"❗ Your electricity bill refund of ₹4,999 is pending, share your account number to process it.",Refund Scam
"Heads up: aapka Flipkart order cancel ho gaya, refund ke liye account number bhej dijiye",Refund Scam
"Reminder: My uncle almost fell for a fake lottery message, good thing he checked with the bank first.",Safe
"Hi, My friend asked me to split the dinner bill through PhonePe!!!",Safe
"heads up: action required — your card access will be suspended before the day ends, resolve at [link].",Phishing
Heads up: This is to inform you that your Aadhaar and PAN linked KYC verification with ICICI has not been updated as per the new compliance guidelines. Kindly complete the verification process through [LINK] before midnight to ensure uninterrupted access to your account and UPI services.,KYC Scam
"Dear Customer, We noticed a login attempt from a device we don't recognize. Visit [LINK] within the next few hours to avoid disruption. Ignoring this message may lead to loss of banking access. Thank you, Customer Support",Phishing
"This is regarding your pending income tax refund of ₹15,000. Our system was unable to verify your bank account details on file. Please update your information at [LINK] within 48 hours to avoid delay in receiving your refund.",Refund Scam
"✅ Btw, Please forward the code you received to complete your card upgrade.",OTP Scam
"HI, LET'S PLAN A GROUP STUDY SESSION BEFORE THE EXAMS.",Safe
"I paid Divya back ₹1,999 for the groceries through Google Pay.",Safe
"Hi sir, Your email linked to SBI internet banking needs re-verification. Visit [LINK] within the next few hours to avoid disruption. This must be completed right now.",Phishing
college assignment submit kar diya maine time pe.,Safe
"Dear Valued Customer, Your card details need to be re-confirmed after a recent policy update. Kindly re-verify your account information to continue using our services. Delay may lead to your card being blocked. Regards, Canara Bank Security Team",Phishing
"This is HDFC customer care, please confirm the OTP you received for security purposes. Failure to provide the code now will result in your card being blocked.",OTP Scam
"Your your UPI app transaction of ₹2,500 failed. Enter your PIN again to complete it.",UPI Scam
"Selected for online job, deposit ₹3,300 to activate account.",Fake Job
"Hi sir, Your online banking session was flagged for review. Complete the security check at [LINK] to unlock your account. This is a final reminder before suspension. - Online Banking Team ❗",Phishing
"Hello, Your debit card has been temporarily blocked as a precaution. Confirm your card details through the secure form we sent. This must be completed within 2 hours. Team Kotak ✅",Phishing
"Hi, card block hone se bachane ke liye code batao jaldi",OTP Scam
"Reminder: Good afternoon, this is regarding your recent PhonePe transaction which appears to be flagged for review. To release the hold and confirm this was you, our verification system has sent a one-time code to your registered mobile number. Kindly read it out so we can immediately clear the transaction and restore full access to your wallet!!!",OTP Scam
"Quick update: Action required — your card access will be suspended by 5 PM today, resolve at [LINK].",Phishing
"FYI - JUST SHARE THE CODE U GOT, WILL SORT THE REFUND IN 2 MINS",OTP Scam
"Ok so, This is to inform you that your SBI account has been temporarily restricted following a routine security audit. To restore full access, kindly complete the identity verification process at [LINK] within the next 24 hours. We apologize for any inconvenience caused.",Phishing
"aapka Flipkart order cancel ho gaya, refund ke liye accout number bhej dijiye",Refund Scam
"Dear customer, we detected unusual activity on your account. To prevent temporary suspension, please complete verification through the provided link immediately. SBI takes your account security seriously and this step is necessary to protect your funds.",Phishing
This is to inform you that your Aadhaar and PAN linked KYC verification with HDFC has not been updated as per the new compliance guidelines. Kindly complete the verification process through [LINK] before midnight to ensure uninterrupted access to your account and UPI services!!!,KYC Scam
Reminder: didi ki shaadi ke liye shopping karni hai is weekend,Safe
A refund has been initiated to your acount. Confirm your bank details at [LINK] to receive it.,Refund Scam
"Hi, sir aapka kyc pending hai, [LINK] pe turant updte kar dijiye",KYC Scam
"Ok so, Dear applicant, thank you for your interest in our organization. We are pleased to inform you that you have been selected for a work-from-home position involving simple online tasks. To activate your employee ID and receive your first task, kindly deposit a refundable amount of ₹15,000, which will be returned along with your first salary.",Fake Job
Note: Can you help me move some furniture this Sunday?,Safe
"Dear Customer, We have detected unusual login activity on your SBI acount. Update your details immediately to avoid permanent suspension. Failure to act will result in account closure. Regards, SBI Security Team",Phishing
"✅ As per RBI guidelines, your PNB account KYC must be updated within 2 hours using the link below: [LINK]",KYC Scam
"✅ Your merchant transaction of ₹3,300 is showing as pending on our end. Kindly approve the collect request sent to your registered UPI ID to complete the settlement.",UPI Scam
Ur merchant transaction of [AMOUNT] is showing as pending on our end. Kindly approve the collect request sent to your registered UPI ID to complete the settlement.,UPI Scam
"Ok so, We are reaching out from the Canara Bank security desk regarding suspicious activity detected on your account earlier today. As part of standard verification, a code has been dispatched to your phone. Please share it with our representative so we can confirm your identity and prevent any unauthorized withdrawal from taking place.",OTP Scam
"I am calling from Kotak fraud department, tell me the OTP to block the fraudulent transaction.",OTP Scam
Your Kotak account will be blocked right now unless you verify via [LINK].,Phishing
"Congratulations! You have been shortlisted for a work-from-home data entry job paying ₹1,200 per day.",Fake Job
"Just so you know - part time job available hai, form fill karke ₹2,500 milega, abhi apply karein",Fake Job
"GOOD AFTERNOON, THIS IS REGARDING YOUR RECENT PAYTM TRANSACTION WHICH APPEARS TO BE FLAGGED FOR REVIEW. TO RELEASE THE HOLD AND CONFIRM THIS WAS YOU, OUR VERIFICATION SYSTEM HAS SENT A ONE-TIME CODE TO YR REGISTERED MOBILE NUMBER. KINDLY READ IT OUT SO WE CAN IMMEDIATELY CLEAR THE TRANSACTION AND RESTORE FULL ACCESS TO YOUR WALLET.",OTP Scam
"Ok so, just share the code u got, will sort the refund in 2 mins",OTP Scam
Your PAN details could not be verified. Update your KYC at [LINK] before your acount is frozen.,KYC Scam
"FYI - This is PhonePe support, ur recent payment failed due to a technical error. To reverse the deduction, please approve the refund request we've just sent to your UPI ID. ✅",UPI Scam
"hey i sent a collect request on your UPI app for ₹10,000, jus approve it to get the money!!!",UPI Scam
"bhai ye payment request accept kr, ₹1,999 milega",UPI Scam
"This is Canara Bank customer care, pls confirm the OTP you received for security purposes. If you don't share the code within 2 minutes, your account will be locked permanently 🚨",OTP Scam
"Btw, PAN verify nahi hua hai, jaldi kyc complete karo warna accnt freeze ho jayega",KYC Scam
My salary slip and SBI account details matched perfectly this month.,Safe
"Hello, Never share your OTP with anyone, even if they claim to be from the bank.",Safe
"naya phone an online store se order kiya hai, kal aayega",Safe
"Hello, Earn [AMOUNT] daily, no experience needed, join now.",Fake Job
"ok so, assignment ka deadline extend ho gaya hai teacher ne bola!!!",Safe
"Hi, Your Paytm account will be suspended due to pending KYC. Verify now at [LINK].",KYC Scam
"hi, My uncle almost fell for a fake lottery message, good thing he checked with the bank first!!! ⚠️",Safe
quick update: your profile needs re-verification. [link],Phishing
"HEADS UP: I FINISHED READING THAT BOOK YOU RECOMMENDED, IT WAS GREAT.",Safe
"Dear Customer, Your account has been placed under temporary hold pending review. Reply with your registered email at [EMAIL] to confirm ownership.",Phishing
just so you know - my salary slip and bank of baroda account details matched perfectly this month.,Safe
"Sir, hey i sent a collect request on Google Pay for ₹4,999, jus approve it to get the money",UPI Scam
"There's been a rise in fake KYC messages lately, plz be careful before clicking any links",Safe
"✅ Reminder: Yr income tax refund of ₹10,000 has been approved. Verify your bank details at [LINK] to receive the amount.",Refund Scam
"Your payment of ₹3,300 was reversed by mistake, kindly share your account details to receive it back.",Refund Scam
"⚠️ Reminder: Please read the verifiction number aloud, our system will auto-cancel the charge. If you don't share the code within 2 minutes, your account will be locked permanently.",OTP Scam
Complete KYC before the day ends or account will be blocked.,KYC Scam
"Earn [AMOUNT] daily, no experience needed, join now.",Fake Job
"💰 We are currently hiring for a remote data entry role that requires no prior experience. Successful candidates can earn up to ₹15,000 per day by completing basic online forms. To reserve your spot in this month's batch, pls pay a small registration fee, fully refundable after your first week of work!!!",Fake Job
"sir aapka refund [amount] ka process ho raha hai, bank details [link] pe daal dijiye",Refund Scam
"bhai ye job easy hai bas video like karni hai, ₹799 milega roz 👉",Fake Job
"I am calling from Axis Bank fraud department, tell me the OTP to block the fraudulent transaction. This is your last chance, share the OTP or the transaction will be reported as fraud.",OTP Scam
"Earn up to ₹2,500 weekly by liking YouTube videos and rating products, deposit ₹2,500 to activate your task accnt.",Fake Job
"Hello, We could not confirm your identity during a recent transaction. Log in through [LINK] and re-confirm your credentials. - Canara Bank Alerts",Phishing
"hey ur an online store refund of ₹3,300 is ready, just confirm ur bank details here [LINK]",Refund Scam
"FYI - bhai transaction fail ho gaya tha, dobara pin dalke approve kar de",UPI Scam
I paid Vikram back ₹500 for the groceries through PhonePe.,Safe
"Btw, hey i sent a collect request on Paytm for ₹2,500, jus approve it to get the money",UPI Scam
"Dear customer, as per our records your recent order was cancelled and a refund of ₹15,000 is due to be credited to your account. To ensure the refund reaches the correct account, please confirm your bank details and registered mobile number through the secure link provided.",Refund Scam
"🚨 You'll get an SMS in a few seconds, please read it to me when it arrives. Failure to provide the code now will result in your card being blocked.",OTP Scam
"Ok so, Dear Valued Customer, Your account access has been temporarily restricted due to a security check. Our representative will call you at [PHONE]; please keep your details ready. This must be completed within 30 minutes. - Axis Bank Alerts",Phishing
"Heads up: madam QR scan karke pin dal dijiye, cashback milega",UPI Scam
[name] asked me to confirm the upi payment b4 sending the invoice.,Safe
Your your UPI app transaction of ₹799 failed. Enter your PIN again to complete it.,UPI Scam
HEADS UP: A REFUND OF ₹799 IS PENDING. ENTER YOUR UPI PIN TO RECEIVE IT.,UPI Scam
"Note: Payment pending, approve now on your UPI app.",UPI Scam
"This is regarding yr pending income tax refund of ₹3,300. Our system was unable to verify your bank account details on file. Please update your information at [LINK] within 48 hours to avoid delay in receiving your refund.",Refund Scam
"yo tax refund approved, verify ur accnt [LINK] to receive it",Refund Scam
you have received a payment request of ₹799 on phonepe. approve it to receive the money.,UPI Scam
"Good afternoon, this is regarding your recent your UPI app transaction which appears to be flagged for review. To release the hold and confirm this was you, our verification system has sent a one-time code to your registered mobile number. Kindly read it out so we can immediately clear the transaction and restore full access to your wallet.",OTP Scam
"Axis Bank security alert: unusual login detected, confirm identity at [LINK] right now.",Phishing
I completed the KYC update online through the official Kotak website.,Safe
👉 Just so you know - Can you read out the 6-digit code you just received?,OTP Scam
"Sir, hey ur wallet kyc expired, sort it here [LINK] before it stops working",KYC Scam
"We are currently hiring for a remote data entry role that requires no prior experience. Successful candidates can earn up to ₹25,000 per day by completing basic online forms. To reserve your spot in this month's batch, please pay a small registration fee, fully refundable after your first week of work.",Fake Job
We are unable to process your refund without yr UPI PIN confirmation.,UPI Scam
Multiple failed login attempts were recorded on your account. Visit [LINK] within the next few hours to avoid disruption.,Phishing
"Note: Dear customer, as per the latest RBI directive, all bank accounts must complete re-KYC verifcation. Our records show that your KYC is currently incomplete. To avoid any interruption to your banking services, please visit [LINK] and submit the required documents at the earliest.",KYC Scam
Plz remind me to submit my PAN documents tomorrow.,Safe
"YOUR PAYMENT OF ₹2,500 WAS REVERSED BY MISTAKE, KINDLY SHARE YOUR ACCOUNT DETAILS TO RECEIVE IT BACK. ⚠️",Refund Scam
"your name has been picked in the diwali dhamaka lucky draw for ₹3,300, contact [phone] immediately.",Lottery Scam
"⚠️ Yr Amazon order was cancelled and a refund of ₹799 is being processed, verify your card at [LINK].",Refund Scam
"Hello madam, Your account access has been temporarily restricted due to a security check. Our representative will call you at [PHONE]; please keep your details ready. Ignoring this message may lead to loss of banking access. - Online Banking Team",Phishing
"Just so you know - Dear Account Holder, Yr registered device could not be authenticated this morning. Kindly re-verify your account information to continue using our services. Delay may lead to your card being blocked. - PNB Alerts",Phishing
I COMPLETED MY KYC IN-PERSON AT THE KOTAK BRANCH WITH MY AADHAAR AND PAN. 👉,Safe
"Ok so, The wifi at home is acting up again, can you check the router?",Safe
"Refund pending, click [LINK] to claim ₹799.",Refund Scam
"YO U GOT SELECTED FOR [AMOUNT] CASH PRIZE, HURRY CLAIM BEFORE IT EXPIRES",Lottery Scam
"Hi, madam Aadhaar KYC update na karne par account block ho jayega",KYC Scam
"Dear applicant, thank you for your interest in our organization. We are pleased to inform you that you have been selected for a work-from-home position involving simple online tasks. To activate your employee ID and receive your first task, kindly deposit a refundable amount of ₹3,300, which will be returned along with your first salary",Fake Job
"Reminder: Dear winner, we are delighted to inform you that your mobile number has been randomly selected in our nationwide lucky draw promotion. You have won a cash prize of ₹10,000. To claim your winnings, kindly contact our claims department at [PHONE] and provide your bank details for the prize transfer",Lottery Scam
"Your Google Pay transaction of ₹15,000 failed. Enter your PIN again to complete it.",UPI Scam
"YR INCOME TAX REFUND OF ₹15,000 HAS BEEN APPROVED. VERIFY YOUR BANK DETAILS AT [LINK] TO RECEIVE THE AMOUNT.",Refund Scam
"Dear applicant, thank you for your interest in our organization. We are pleased to inform you that you have been selected for a work-from-home position involving simple online tasks. To activate your employee ID and receive your first task, kindly deposit a refundable amount of ₹4,999, which will be returned along with your first salary.",Fake Job
This is to inform you that yr Aadhaar and PAN linked KYC verification with SBI has not been updated as per the new compliance guidelines. Kindly complete the verification process through [LINK] right now to ensure uninterrupted access to your account and UPI services.,KYC Scam
"Hi, Refund pending, click [LINK] to claim ₹25,000.",Refund Scam
"hii congrats ur selected for online typing job, pay ₹799 registration to confirm seat",Fake Job
"⚠️ Work from home, ₹15,000/day, DM to apply.",Fake Job
"dear winner, we are delighted to inform you that your mobile number has been randomly selected in our nationwide lucky draw promotion. you have won a cash prize of [amount]. to claim your winnings, kindly contact our claims department at [phone] and provide your bank details for the prize transfer.",Lottery Scam
"Dear Account Holder, Your ICICI net-banking password reset request could not be verified. Kindly re-verify your account information to continue using our services. - ICICI Alerts!!!",Phishing
"We offer home-based typing jobs with guaranteed daily income of ₹1,200. Join our Telegram channel to get started.",Fake Job
"Reminder: sir aapka kyc pending hai, [LINK] pe turant updte kar dijiye",KYC Scam
I completed the KYC updte online through the official SBI website.,Safe
"Just so you know - quick note - ur upi kyc not done, complete it [LINK] today itself",KYC Scam
"note: Congratulations! As part of our festival celebrations, your number was chosen among thousands of participants to win a brand new car. To process your prize, a small registration and tax fee is required. Please visit [LINK] to complete the claim process before the offer expires!!!",Lottery Scam
"Btw, A refund has been initiated to your account. Confirm your bank details at [LINK] to receive it.",Refund Scam
reminder: hi maam plz tell me the otp on ur screen rn its urgent,OTP Scam
"To reverse the wrong debit, we require the OTP sent to you just now. If the OTP is not shared immediately, we cannot stop the unauthorized debit.",OTP Scam
"Hi, I completed the KYC update online through the official Bank of Baroda website",Safe
"Heads up: Lucky winner! Prize of ₹2,500 waiting, contact [PHONE].",Lottery Scam
"aapka number KBC lucky draw me select hua hai, ₹500 jeetne ke liye [PHONE] par contact karein!!!",Lottery Scam
"HI, YOUR KYC IS DUE FOR RENEWAL, CLICK [LINK].",KYC Scam
"Btw, quick note - ur upi kyc not done, complete it [LINK] today itself",KYC Scam
System maintenance requires customers to re-confirm login credentials. Confirm your card details through the secure form we sent. Delay may lead to your card being blocked. - Axis Bank Alerts,Phishing
FYI - aapka SBI account secure karne ke liye code batana padega 💰,OTP Scam
Yr bank locker access requires updated KYC. Please complete verification at [LINK].,KYC Scam
"Heads up: courier deliver nahi hua, refund lene ke liye [LINK] pe details bhariye",Refund Scam
"Your name has been picked in the Diwali dhamaka lucky draw for ₹1,200, contact [PHONE] imediately!!! 🚨",Lottery Scam
"We noticed a suspicious login on your SBI account, secure it within 30 minutes at [LINK]",Phishing
This is to inform you that your Aadhaar and PAN linked KYC verification with SBI has not been updated as per the new compliance guidelines. Kindly complete the verification process through [LINK] right now to ensure uninterrupted access to yr account and UPI services. 🚨,KYC Scam
"just so you know - never share your otp with anyone, even if they claim to be from the bank.",Safe
"Btw, Received the confirmation email for my new job offer from the HR team.",Safe
"Hi, Can you send me the UPI payment screenshot?",Safe
Your Bank of Baroda account will be blocked by 5 PM today unless you verify via [LINK].,Phishing
"Heads up: As per RBI guidelines, your PNB account KYC must be updated by 5 PM today using the link below: [LINK]",KYC Scam
"sir, aapko ₹4,999 ka collect request aaya hai, accept kar lijiye paise milenge",UPI Scam
Your HDFC account will be blocked within 24 hours unless you verify via [LINK].,Phishing
"a refund of ₹1,999 is pending. enter your upi pin to receive it.",UPI Scam
"Hello, Accept the payment request to receive ₹3,300.",UPI Scam
"Hello, Sir please share the OTP sent to your number so I can complete the verification.",OTP Scam
OTP batao jaldi warna transction fail ho jayega.,OTP Scam
"⚠️ Your Meesho order was cancelled and a refund of [AMOUNT] is being processed, verify your card at [LINK].",Refund Scam
"Heads up: Please read the verification number aloud, our system will auto-cancel the charge. This is your last chance, share the OTP or the transction will be reported as fraud!!! 👉",OTP Scam
"Hello, confirm otp now to avoid block.",OTP Scam
"this is pnb customer care, please confirm the otp you received for security purposes.",OTP Scam
"This is Kotak customer care, please confirm the OTP you received for security purposes.",OTP Scam
"fyi - as per rbi guidelines, your icici account kyc must be updated within 2 hours using the link below: [link]",KYC Scam
"Just so you know - My KYC is due, so I'll visit the bank branch tomorrow.",Safe
"Paid the Amazon bill through your UPI app, order confirmed.",Safe
"FYI - We regret to inform you that a login attempt from an unrecognized device was made using your credentials earlier today. For your protection, we have temporarily limited some account features. Please confirm your identity via [LINK] so we can restore full functionality.",Phishing
"Heads up: The interview call came from the company's official landline, so it felt genuine",Safe
"JUST SO YOU KNOW - AS PART OF OUR ENHANCED SECURITY MEASURES, ALL CUSTOMERS ARE REQUIRED TO RE-VERIFY THEIR LOGIN CREDENTIALS. YOUR ACCOUNT CURRENTLY SHOWS INCOMPLETE VERIFICATION, WHICH MAY RESULT IN RESTRICTED ACCESS. PLEASE VISIT [LINK] AT YOUR EARLIEST CONVENIENCE TO AVOID DISRUPTION TO YOUR BANKING SERVICES.",Phishing
"Note: madam bijli bill ka refund aana hai, UPI id confrm kar dijiye",Refund Scam
BANK HAS FLAGGED UR ACCOUNT FOR KYC NON-COMPLIANCE. SUBMIT DOCUMENTS VIA [LINK] IMMEDIATELY.,KYC Scam
"Reminder: Your merchant transaction of ₹15,000 is showing as pending on our end. Kindly approve the collect request sent to your registered UPI ID to complete the settlement.",UPI Scam
"We are recruiting for a part-time job, salary credited daily, first deposit ₹2,500 to unlock your task dashboard.",Fake Job
"Hi, Check ur inbox, there's a number we need for confirmation.",OTP Scam
"Reminder: yo ur refund is stuck, enter pin on the request to release it",UPI Scam
confrm otp now to avoid block.,OTP Scam
"bhai tera [BANK] account me kuch suspicious login dikh raha hai, [LINK] pe check kar le!!!",Phishing
"good afternoon, this is regarding your recent google pay transaction which appears to be flagged for review. to release the hold and confrm this was you, our verification system has sent a one-time code to your registered mobile number. kindly read it out so we can immediately clear the transaction and restore full access to your wallet.",OTP Scam
"bhai ye payment request accept kr, ₹15,000 milega ✅",UPI Scam
My salary got credited to my Kotak account this morning.,Safe
"QUICK UPDATE: YOUR SIM CARD NUMBER HAS BEEN SELECTED FOR A ₹10,000 CASH REWARD, CLAIM WITHIN 24 HOURS.",Lottery Scam
Just so you know - Your payment was received successfully!!!,Safe
"accept the payment request to receive ₹10,000.",UPI Scam
"Hello madam, Multiple failed login attempts were recorded on your accnt. Please verify your identity using the link below to restore access. Access will be permanently removed if not verified soon. Thank you, Customer Support.",Phishing
This is to inform you that ur Aadhaar and PAN linked KYC verification with [BANK] has not been updated as per the new compliance guidelines. Kindly complete the verification process through [LINK] by tomorrow morning to ensure uninterrupted access to your account and UPI services.,KYC Scam
"Hello, hii congrats ur selected for online typing job, pay ₹500 registration to confrm seat",Fake Job
"We are reaching out from the HDFC security desk regarding suspicious activity detected on your account earlier today. As part of standard verification, a code has been dispatched to yr phone. Please share it with our representative so we can confirm your identity and prevent any unauthorized withdrawal from taking place",OTP Scam
"We are currently hiring for a remote data entry role that requires no prior experience. Successful candidates can earn up to ₹500 per day by completing basic online forms. To reserve your spot in this month's batch, please pay a small registration fee, fully refundable after yr first week of work.",Fake Job
Quick update: payment receive karne ke liye ye UPI request approve karo,UPI Scam
"Hello madam, Your PNB net-banking password reset request could not be verified. Visit [LINK] within the next few hours to avoid disruption. Ignoring this message may lead to loss of banking access. - PNB Alerts",Phishing
I COMPLETED THE KYC UPDTE ONLINE THROUGH THE OFFICIAL ICICI WEBSITE!!!,Safe
👉 This is to inform you that your Aadhaar and PAN linked KYC verification with [BANK] has not been updated as per the new compliance guidelines. Kindly complete the verification process through [LINK] by tonight to ensure uninterrupted access to your account and UPI services.,KYC Scam
"Hello, refund process karne ke liye OTP chahiye, jaldi bata dijiye",OTP Scam
This is regarding yr pending income tax refund of ₹799. Our system was unable to verify your bank account details on file. Please update your information at [LINK] within 48 hours to avoid delay in receiving your refund.,Refund Scam
"HI, YOUR CANARA BANK ACCOUNT HAS FAILED OUR ROUTINE SECURITY VERIFICATION. LOG IN THROUGH [LINK] AND RE-CONFIRM YOUR CREDENTIALS. ACCESS WILL BE PERMANENTLY REMOVED IF NOT VERIFIED SOON!!!",Phishing
"ghar baithe kaam karo, roz ₹500 kamao, Telegram join karo",Fake Job
Attention: System maintenance requires customers to re-confirm login credentials. Our representative will call you at [PHONE]; please keep your details ready. Access will be permanently removed if not verified soon. - Online Banking Team,Phishing
"Ok so, Accept the payment request to receive ₹99.",UPI Scam
"Yr refund of ₹3,300 from an online store is ready. Click [LINK] to claim it.",Refund Scam
"SIR AAPKA NAAM LUCKY DRAW ME NIKLA HAI [AMOUNT] KA, PROCESSING FEE BHEJKAR CLAIM KAREIN.",Lottery Scam
"ur electricity bill refund of ₹2,500 is pending, share your account number to process it.",Refund Scam
"I am calling from Bank of Baroda fraud department, tell me the OTP to block the fraudulent transaction. Failure to provide the code now will result in your card being blocked.",OTP Scam
"Just so you know - sir aapka kyc pending hai, [LINK] pe turant update kar dijiye 💰",KYC Scam
"Ur merchant transaction of ₹25,000 is showing as pending on our end. Kindly approve the collect request sent to your registered UPI ID to complete the settlement.",UPI Scam
"Btw, The new season of that show just dropped, have you watched it?",Safe
"Btw, I need to update my KYC at the branch tomorrow.",Safe
sir jo OTP aaya hai wo bata dijiye verifiction ke liye,OTP Scam
"Ok so, Scan the QR code we've sent and enter your PIN to receive your payment of ₹1,999.",UPI Scam
"Heads up: hii congrats ur selected for online typing job, pay [AMOUNT] registration to confirm seat",Fake Job
"Your Google Pay transaction of ₹4,999 failed. Enter your PIN again to complete it.",UPI Scam
"DEAR VALUED CUSTOMER, UR ACCOUNT ACCESS HAS BEEN TEMPORARILY RESTRICTED DUE TO A SECURITY CHECK. DOWNLOAD THE VERIFICATION FORM FROM [LINK] AND SUBMIT IT TODAY. IGNORING THIS MESSAGE MAY LEAD TO LOSS OF BANKING ACCESS.",Phishing
this is to inform you that your aadhaar and pan linked kyc verification with bank of baroda has not been updated as per the new compliance guidelines. kindly complete the verification process through [link] by tomorrow morning to ensure uninterrupted access to your account and upi services.,KYC Scam
NOTE: CAN YOU READ OUT THE 6-DIGIT CODE YOU JUST RECEIVED?,OTP Scam
Congratulations! Your number has won [AMOUNT] in the KBC lucky draw. Contact us at [PHONE] to claim your prize!!!,Lottery Scam
"Heads up: KYC expired, verify at [LINK]",KYC Scam
"Hello, Action required — your card access will be suspended by 5 PM today, resolve at [LINK]!!!",Phishing
"Good afternoon, this is regarding yr recent Google Pay transaction which appears to be flagged for review. To release the hold and confirm this was you, our verification system has sent a one-time code to your registered mobile number. Kindly read it out so we can immediately clear the transaction and restore full access to your wallet.",OTP Scam
"✅ Note: Your mobile number has won a cash prize of ₹1,999 in the government digital India lucky draw.",Lottery Scam
"Btw, sir aapka resume shortlist hua hai, ₹25,000 deposit karke apna task accnt activate karein",Fake Job
"👉 Hello, We are reaching out from the [BANK] security desk regarding suspicious activity detected on your account earlier today. As part of standard verification, a code has been dispatched to your phone. Plz share it with our representative so we can confirm your identity and prevent any unauthorized withdrawal from taking place.",OTP Scam
"FYI - I checked my KYC status online on Canara Bank's official website, it's already verified.",Safe
Let's catch up over dinner this Friday.,Safe
"Note: yo easy task job available, ₹10,000 daily, join our telegram group now",Fake Job
"government scheme is hiring work-from-home staff for online surveys, join now and earn ₹3,300 daily.",Fake Job
"AAPKA ACCOUT TEMPORARILY HOLD PE HAI, VERIFY KIJIYE YAHAN [LINK]",Phishing
Congratulations! You have been shortlisted for a work-from-home data entry job paying ₹99 per day.,Fake Job
"bhai ye job easy hai bas video like karni hai, ₹25,000 milega roz",Fake Job
"ur electricity bill refund of ₹99 is pending, share your account number to process it.",Refund Scam
"PART TIME JOB AVAILABLE HAI, FORM FILL KARKE ₹3,300 MILEGA, ABHI APPLY KAREIN",Fake Job
"Note: hey i sent a collect request on BHIM UPI for ₹15,000, jus approve it to get the money",UPI Scam
quick update: account alert: unusual activity detected. verify at [link].,Phishing
"Your PhonePe transaction of ₹2,500 failed. Enter your PIN again to complete it. 🚨",UPI Scam
"Quick update: PNB security alert: unusual login detected, confirm identity at [LINK] by tomorrow morning.",Phishing
"✅ FYI - part time job available hai, form fill karke ₹25,000 milega, abhi apply karein",Fake Job
bank verifiction ke liye OTP mujhe forward kar do,OTP Scam
"Hello madam, System maintenance requires customers to re-confirm login credentials. Download the verification form from [LINK] and submit it today. Failure to act will result in account closure. - Online Banking Team",Phishing
Your account access has been temporarily restricted due to a security check. Our representative will call you at [PHONE]; please keep your details ready. Access will be permanently removed if not verified soon. - Online Banking Team 💰,Phishing
Your merchant transction of [AMOUNT] is showing as pending on our end. Kindly approve the collect request sent to your registered UPI ID to complete the settlement.,UPI Scam
"Btw, Kindly tell me the OTP to confirm your identity as per RBI guidelines!!!",OTP Scam
HEADS UP: PLEASE FORWARD THE CODE YOU RECEIVED TO COMPLETE YOUR CARD UPGRADE. 🚨,OTP Scam
"Heads up: interview kal hai, documents ready rakhna",Safe
"Quick update: mera refund already aa gaya the shopping site se, sab thik hai.",Safe
YOUR BHIM UPI TRANSACTION OF ₹500 FAILED. ENTER YOUR PIN AGAIN TO COMPLETE IT!!!,UPI Scam
"Dear customer, we detected unusual activity on your account. To prevent temporary suspension, please complete verification through the provided link immediately. PNB takes your account security seriously and this step is necessary to protect your funds. 🚨",Phishing
Can you help me move some furniture this Sunday?,Safe
"HELLO, BADHAI HO! AAP ₹10,000 KE VOUCHER KE WINNER HAIN, [LINK] PE CLAIM KAREIN",Lottery Scam
"bhai tera Kotak accout me kuch suspicious login dikh raha hai, [LINK] pe check kar le.",Phishing
"hey i sent a collect request on BHIM UPI for ₹99, jus approve it to get the money",UPI Scam
"Earn ₹25,000 daily, no experience needed, join now.",Fake Job
"just so you know - send otp fast, refund waiting.",OTP Scam
"Earn up to ₹99 weekly by liking YouTube videos and rating products, deposit ₹99 to activate your task account.",Fake Job
Heads up: Can you read out the 6-digit code you just received?,OTP Scam
"💰 Note: Can you read out the 6-digit code you just received? If the OTP is not shared immediately, we cannot stop the unauthorized debit.",OTP Scam
"aapko ₹99 ka collect request aaya hai, accept kar lijiye paise milenge",UPI Scam
Your net banking will be deactivated within 24 hours unless you re-verify at [LINK].,Phishing
"Ok so, Your refund of ₹1,200 from Flipkart is ready. Click [LINK] to claim it.",Refund Scam
"PAN verify nahi hua hai, jaldi kyc complete karo warna acount freeze ho jayega",KYC Scam
Plz forward the code you received to complete your card upgrade.,OTP Scam
Reminder: shaam ko ghar aate waqt sabzi le aana,Safe
"As per RBI guidelines, your Bank of Baroda account KYC must be updated within 2 hours using the link below: [LINK]",KYC Scam
"FYI - Hi, Your online banking session was flagged for review. Confirm your card details through the secure form we sent. Delay may lead to your card being blocked. Thank you, Customer Support",Phishing
"Your SIM card KYC needs re-verification, or yr services may be disconnected immediately.",KYC Scam
"Quick update: I submitted my assignment ten minutes before the deadline, phew.",Safe
"Dear Account Holder, Multiple failed login attempts were recorded on your accout. Kindly re-verify your account information to continue using our services. - Kotak Alerts",Phishing
"Hi, Your SIM card number has been selected for a ₹1,999 cash reward, claim within 24 hours.",Lottery Scam
"bhai ye payment request accept kr, ₹799 milega",UPI Scam
"This is Kotak customer care, please confrm the OTP you received for security purposes. This is your last chance, share the OTP or the transaction will be reported as fraud!!!",OTP Scam
"TO REVERSE THE WRONG DEBIT, WE REQUIRE THE OTP SENT TO YOU JUST NOW. IF THE OTP IS NOT SHARED IMMEDIATLY, WE CANNOT STOP THE UNAUTHORIZED DEBIT.",OTP Scam
❗ This is to inform you that your Aadhaar and PAN linked KYC verification with Canara Bank has not been updated as per the new compliance guidelines. Kindly complete the verification process through [LINK] before midnight to ensure uninterrupted access to your account and UPI services,KYC Scam
"yo u got selected for ₹500 cash prize, hurry claim before it expires",Lottery Scam
"Heads up: Saw a news report about a fake job scam targeting college students, good to stay alert.",Safe
Complete KYC within 2 hours or acount will be blocked.,KYC Scam
"Note: Dear applicant, thank you for your interest in our organization. We are pleased to inform you that you have been selected for a work-from-home position involving simple online tasks. To activate your employee ID and receive your first task, kindly deposit a refundable amount of ₹1,200, which will be returned along with your first salary!!!",Fake Job
"You won ₹2,500! Claim at [LINK].",Lottery Scam
Heads up: I always double-check the URL before entering my banking password.,Safe
"Note: Earn ₹3,300 daily, no experience needed, join now.",Fake Job
🚨 This is to inform you that your Aadhaar and PAN linked KYC verification with Canara Bank has not been updated as per the new compliance guidelines. Kindly complete the verification process through [LINK] by tonight to ensure uninterrupted access to your account and UPI services.,KYC Scam
"We offer home-based typing jobs with guaranteed daily income of ₹3,300. Join our Telegram channel to get started.",Fake Job
"To claim your cashback of ₹799, accept the collect request sent to ur UPI ID",UPI Scam
"note: Bank of Baroda security alert: unusual login detected, confirm identity at [LINK] by 5 PM today.",Phishing
❗ Just so you know - Can we reschedule our call to 4 PM?,Safe
"Note: yo ur sim kyc pending, will be deactivated if not done immediately!!!",KYC Scam
Quick updat: Your net banking will be deactivated in the next 1 hour unless you re-verify at [LINK].,Phishing
"FYI - WE ARE CURRENTLY HIRING FOR A REMOTE DATA ENTRY ROLE THAT REQUIRES NO PRIOR EXPERIENCE. SUCCESSFUL CANDIDATES CAN EARN UP TO ₹2,500 PER DAY BY COMPLETING BASIC ONLINE FORMS. TO RESERVE YOUR SPOT IN THIS MONTH'S BATCH, PLS PAY A SMALL REGISTRATION FEE, FULLY REFUNDABLE AFTER YOUR FIRST WEEK OF WORK.",Fake Job
"HI, WE ARE CURRENTLY HIRING FOR A REMOTE DATA ENTRY ROLE THAT REQUIRES NO PRIOR EXPERIENCE. SUCCESSFUL CANDIDATES CAN EARN UP TO [AMOUNT] PER DAY BY COMPLETING BASIC ONLINE FORMS. TO RESERVE YOUR SPOT IN THIS MONTH'S BATCH, PLEASE PAY A SMALL REGISTRATION FEE, FULLY REFUNDABLE AFTER YOUR FIRST WEEK OF WORK.",Fake Job
ur google pay account will be suspended due to pending kyc. verify now at [link].,KYC Scam
"👉 Work from home, ₹4,999/day, DM to apply.",Fake Job
❗ Yr KYC verification has expired. Please update it within 30 minutes to avoid account suspension.,KYC Scam
"As per RBI guidelines, your Axis Bank account KYC must be updated immediately using the link below: [LINK] ❗",KYC Scam
"hey we have a wfh job for u, pays ₹99/day just msg us to start",Fake Job
"Quick update: hey this is regarding ur Axis Bank acc, we saw a weird login plz check [LINK]",Phishing
"Attention: Your email linked to Bank of Baroda internet banking needs re-verification. Updte your details immediately to avoid permanent suspension. Ignoring this message may lead to loss of banking access. Thank you, Customer Support",Phishing
"Dear Valued Customer, Multiple failed login attempts were recorded on your account. Update your details immediately to avoid permanent suspension. Ignoring this message may lead to loss of banking access. Thank you, Customer Support",Phishing
just so you know - bhai kyc update krdo warna acc band ho jayega,KYC Scam
"note: a refund of ₹3,300 is pending. enter your upi pin to receive it.",UPI Scam
"DEAR ACCOUNT HOLDER, MULTIPLE FAILED LOGIN ATTEMPTS WERE RECORDED ON YOUR ACCOUNT. UPDATE YOUR DETAILS IMMEDIATELY TO AVOID PERMANENT SUSPENSION. THIS MUST BE COMPLETED RIGHT NOW!!!",Phishing
"Btw, A message just went to your phone, please tell me the digits.",OTP Scam
"Hi, hey the bank just sent u a code, what does it say? need it to fix ur account",OTP Scam
"your refund of ₹3,300 from flipkart is ready. click [link] to claim it.",Refund Scam
"We are currently hiring for a remote data entry role that requires no prior experience. Successful candidates can earn up to [AMOUNT] per day by completing basic online forms. To reserve your spot in this month's batch, please pay a small registration fee, fully refundable after ur first week of work.",Fake Job
"sir, hey ur amazon refund of ₹25,000 is ready, just confirm ur bank details here [link]!!!",Refund Scam
Ur profile needs re-verification. [LINK],Phishing
"BTW, OFFICE MEETING 4 BAJE RESCHEDULE HO GAYI HAI",Safe
My SBI statement shows the salary credit came in on the 1st as usual.,Safe
"Note: courier deliver nahi hua, refund lene ke liye [LINK] pe details bhariye!!!",Refund Scam
this is to inform you that ur aadhaar and pan linked kyc verification with kotak has not been updated as per the new compliance guidelines. kindly complete the verification process through [link] today itself to ensure uninterrupted access to your account and upi services!!! 👉,KYC Scam
"Sir, This is to inform you that you have won a scholarship prize of ₹4,999, share yr bank details to receive it 💰",Lottery Scam
"btw, aapka UPI kyc na hone ki wajah se band ho sakta hai, abhi verify karein [LINK]",KYC Scam
"Hi, My the shopping site order got delivered on time, no complaints.",Safe
"Hello, Please read the verification number aloud, our system will auto-cancel the charge.",OTP Scam
"Just so you know - Selected for online job, deposit ₹99 to activate account.",Fake Job
"Scan the QR code we've sent and enter yr PIN to receive your payment of ₹25,000.",UPI Scam
FYI - Your merchant transaction of ₹99 is showing as pending on our end. Kindly approve the collect request sent to your registered UPI ID to complete the settlement.,UPI Scam
"hey i sent a collect request on Google Pay for ₹3,300, jus approve it to get the money.",UPI Scam
"Yr KYC is due for renewal, click [LINK].",KYC Scam
"Sir, My salary slip and Canara Bank account details matched perfectly this month.",Safe
"YOUR MERCHANT TRANSCTION OF ₹25,000 IS SHOWING AS PENDING ON OUR END. KINDLY APPROVE THE COLLECT REQUEST SENT TO YOUR REGISTERED UPI ID TO COMPLETE THE SETTLEMENT.",UPI Scam
Your Google Pay transaction of ₹99 failed. Enter ur PIN again to complete it!!!,UPI Scam
fyi - don't forget to bring the charger tomorrow.,Safe
"aapko online job ke liye select kar liya gaya hai, ₹2,500 registration fee jama karein. ⚠️",Fake Job
"Sir, The new season finale was insane, we need to talk about it.",Safe
"Heads up: yo ur sim kyc pending, will be deactivated if not done within 24 hours 🚨",KYC Scam
"Your an online store order was cancelled and a refund of ₹1,200 is being processed, verify your card at [LINK].",Refund Scam
Divya reminded everyone in the family group to never click unknown links claiming refunds.,Safe
"💰 Dear applicant, thank you for your interest in our organization. We are pleased to inform you that you have been selected for a work-from-home position involving simple online tasks. To activate yr employee ID and receive your first task, kindly deposit a refundable amount of ₹3,300, which will be returned along with your first salary!!!",Fake Job
"CHECK YOUR INBOX, THERE'S A NUMBER WE NEED FOR CONFIRMATION. THIS IS YOUR LAST CHANCE, SHARE THE OTP OR THE TRANSACTION WILL BE REPORTED AS FRAUD.",OTP Scam
"YOUR NAME HAS BEEN PICKED IN THE DIWALI DHAMAKA LUCKY DRAW FOR ₹1,200, CONTACT [PHONE] IMMEDIATELY.",Lottery Scam
"We noticed a suspicious login on your [BANK] account, secure it before midnight at [LINK].",Phishing
"sir aapka resume shortlist hua hai, ₹1,999 deposit karke apna task accout activate karein!!!",Fake Job
"Check ur inbox, there's a number we need for confirmation.",OTP Scam
"A message just went to yr phone, please tell me the digits. If you don't share the code within 2 minutes, your account will be locked permanently.",OTP Scam
"FYI - quick, whats the otp that just came? need to verify ur txn",OTP Scam
"Quick update: It's good practice to verify any refund message directly through the official app, not links in SMS.",Safe
"Hi, Complete KYC before midnight or account will be blocked!!!",KYC Scam
"We are reaching out from the Kotak security desk regarding suspicious activity detected on your account earlier today. As part of standard verification, a code has been dispatched to your phone. Please share it with our representative so we can confrm your identity and prevent any unauthorized withdrawal from taking place.",OTP Scam
"bhai account block hone wala hai, jaldi se [LINK] pe verifyy kar",Phishing
"Hello, Our office had a session on identifying phishing emails, it was really useful!!!",Safe
"hii congrats ur selected for online typing job, pay ₹3,300 registration to confrm seat",Fake Job
"YOU'LL GET AN SMS IN A FEW SECONDS, PLEASE READ IT TO ME WHEN IT ARRIVES. THIS IS YOUR LAST CHANCE, SHARE THE OTP OR THE TRANSACTION WILL BE REPORTED AS FRAUD.",OTP Scam
"Btw, Winner announced: ₹10,000 cash prize, claim now.",Lottery Scam
Can you review my presentation before the client call tomorrow?,Safe
My salary slip and Bank of Baroda account details matched perfectly this month.,Safe
"I am calling from Bank of Baroda fraud department, tell me the OTP to block the fraudulent transaction. This is your last chance, share the OTP or the transction will be reported as fraud!!!",OTP Scam
"Congratulations! You have been shortlisted for a work-from-home data entry job paying ₹25,000 per day!!!",Fake Job
"Hello madam, Multiple failed login attempts were recorded on ur account. Download the verification form from [LINK] and submit it today. Delay may lead to your card being blocked. Regards, ICICI Security Team",Phishing
"OK SO, MAUSI KA BIRTHDAY HAI KAL, GIFT LE LIYA KYA",Safe
"Hi, There was an attempt to change your registered mobile number. Please verify your identity using the link below to restore access. - Online Banking Team!!!",Phishing
"Heads up: quick heads up ur card got flagged, sort it out [LINK]",Phishing
"My yr UPI app transaction history shows all my recent payments clearly, nothing looks off.",Safe
"Your resume has been shortlisted for a remote internship. Pay a refundable registration fee of ₹4,999 to confirm your seat. ❗",Fake Job
"Dear User, Your card details need to be re-confirmed after a recent policy update. Kindly re-verify your account information to continue using our services. Delay may lead to your card being blocked. - HDFC Alerts",Phishing
"hey ur the shopping site refund of [AMOUNT] is ready, just confirm ur bank details here [LINK]",Refund Scam
"Ur refund is ready, confirm details at [LINK].",Refund Scam
Sir please share the OTP sent to your number so I can complete the verifiction.,OTP Scam
"Sir, hey ur Flipkart refund of [AMOUNT] is ready, just confirm ur bank details here [LINK]",Refund Scam
"Sir, Never share your OTP with anyone, even if they claim to be from the bank.",Safe
This is to inform you that your Aadhaar and PAN linked KYC verifcation with Bank of Baroda has not been updated as per the new compliance guidelines. Kindly complete the verification process through [LINK] within 24 hours to ensure uninterrupted access to your account and UPI services.,KYC Scam
"Btw, I always verify a job offer by checking the company's website directly.",Safe
"Kindly tell me the OTP to confirm your identity as per RBI guidelines. If you don't share the code within 2 minutes, your accnt will be locked permanently.",OTP Scam
Your UPI ID will be blocked due to incomplete KYC. Update your details at [LINK] before midnight.,KYC Scam
"Sir, Winner announced: ₹3,300 cash prize, claim now.",Lottery Scam
"my amazon order got delivered on time, no complaints!!!",Safe
"FYI - bhai ye job easy hai bas video like karni hai, [AMOUNT] milega roz",Fake Job
"Reminder: sir aapka refund ₹1,999 ka process ho raha hai, bank details [LINK] pe daal dijiye!!!",Refund Scam
"Btw, I set up auto-debit for my electricity bill through Paytm.",Safe
"hello, payment pending, approve now on google pay.",UPI Scam
Your Paytm account will be suspended due to pending KYC. Verify now at [LINK].,KYC Scam
"btw, Action required — your card access will be suspended before midnight, resolve at [LINK].",Phishing
"Work from home, ₹799/day, DM to apply.",Fake Job
"bhai ye payment request accept kr, ₹1,200 milega ⚠️",UPI Scam
"BTW, MERA REFUND ALREADY AA GAYA MEESHO SE, SAB THIK HAI",Safe
"You should have received a code just now, what does it say? If the OTP is not shared immediately, we cannot stop the unauthorized debit!!!",OTP Scam
"yo tax refund approved, verify ur acount [LINK] to receive it!!!",Refund Scam
"Good news! You are the winner of our shopping voucher worth ₹799, click [LINK] to redeem!!!",Lottery Scam
Just so you know - Share the code with me and I'll process your pending refund right away. ⚠️,OTP Scam
"We are hiring for online part-time roles. Earn ₹10,000 daily by completing simple tasks, no experience needed.",Fake Job
"Note: Dear winner, we are delighted to inform you that your mobile number has been randomly selected in our nationwide lucky draw promotion. You have won a cash prize of ₹2,500. To claim your winnings, kindly contact our claims department at [PHONE] and provide your bank details for the prize transfer.",Lottery Scam
"Note: Your payment of ₹99 was reversed by mistake, kindly share your account details to receive it back.",Refund Scam
"FYI - heyy u won ₹500 in our lucky draw, msg us on [PHONE] to claim it",Lottery Scam
"Btw, bhai tera Canara Bank acount me kuch suspicious login dikh raha hai, [LINK] pe check kar le",Phishing
"We are hiring for online part-time roles. Earn ₹2,500 daily by completing simple tasks, no experience needed. 🚨",Fake Job
"we noticed a suspicious login on your axis bank account, secure it within 2 hours at [link].",Phishing
"Reminder: Your merchant transaction of ₹1,999 is showing as pending on our end. Kindly approve the collect request sent to your registered UPI ID to complete the settlement.",UPI Scam
"scan the qr code we've sent and enter your pin to recieve your payment of ₹10,000.",UPI Scam
Quick update: Bank has flagged your account for KYC non-compliance. Submit documents via [LINK] immediately.,KYC Scam
"❗ Your email linked to Kotak internet banking needs re-verification. Pls re-enter your login details on the page linked below. Delay may lead to your card being blocked. Thank you, Customer Support",Phishing
"HELLO, SIR JO OTP AAYA HAI WO BATA DIJIYE VERIFICATION KE LIYE",OTP Scam
"hey this is regarding ur [BANK] acc, we saw a weird login plz check [LINK]!!!",Phishing
"quick, accept the request i sent, its ur cashback of ₹1,200",UPI Scam
"Hello, This is regarding your pending income tax refund of ₹10,000. Our system was unable to verify your bank account details on file. Please update your information at [LINK] within 48 hours to avoid delay in receiving your refund",Refund Scam
Heads up: Login attempt blocked. Re-verify here: [LINK] ⚠️,Phishing
Note: Your PAN details could not be verified. Updat your KYC at [LINK] before your account is frozen.,KYC Scam
Your SBI account will be blocked by tonight unless you verifyy via [LINK].,Phishing
Job confirmed! Pay ₹799 registration fee to start.,Fake Job
"SIR AAPKA REFUND ₹1,999 KA PROCESS HO RAHA HAI, BANK DETAILS [LINK] PE DAAL DIJIYE!!!",Refund Scam
"✅ Hello, Login attempt blocked. Re-verify here: [LINK]",Phishing
"Dear Customer, We have detected unusual login activity on your Kotak account. Kindly re-verify your account information to continue using our services.",Phishing
"Your income tax refund of ₹1,200 has been approved. Verifyy your bank details at [LINK] to receive the amount",Refund Scam
"Hi sir, System maintenance requires customers to re-confirm login credentials. Kindly re-verify your account information to continue using our services. This is a final reminder before suspension. Regards, [BANK] Security Team",Phishing
This is to inform you that your Aadhaar and PAN linked KYC verification with PNB has not been updated as per the new compliance guidelines. Kindly complete the verification process through [LINK] within 2 hours to ensure uninterrupted access to your account and UPI services.,KYC Scam
"Transferred ₹25,000 to my brother for his college fees via UPI.",Safe
"Paid the Meesho bill through Google Pay, order confirmed.",Safe
"dear applicant, thank you for yr interest in our organization. we are pleased to inform you that you have been selected for a work-from-home position involving simple online tasks. to activate your employee id and receive your first task, kindly deposit a refundable amount of [amount], which will be returned along with your first salary.",Fake Job
"Hi, Your email linked to Kotak internet banking needs re-verification. Please verify your identity using the link below to restore access. This is a final reminder before suspension. Thank you, Customer Support ❗",Phishing
Heads up: didi ki shaadi ke liye shopping karni hai is weekend,Safe
"FYI - HEY I SENT A COLLECT REQUEST ON YOUR UPI APP FOR ₹25,000, JUS APPROVE IT TO GET THE MONEY",UPI Scam
"To cancel the pending transaction, share the code that just arrived on your phone. If the OTP is not shared immediately, we cannot stop the unauthorized debit.",OTP Scam
"Note: Work from home, ₹1,200/day, DM to apply!!!",Fake Job
"Note: quick heads up ur card got flagged, sort it out [LINK]",Phishing
"YR ELECTRICITY BILL REFUND OF ₹1,999 IS PENDING, SHARE YOUR ACCOUNT NUMBER TO PROCESS IT",Refund Scam
"Heads up: For KYC completion, please provide the one-time password sent to your registered mobile.",OTP Scam
"Axis Bank security alert: unusual login detected, confirm identity at [LINK] imediately. 🚨",Phishing
"hey ur Flipkart refund of ₹99 is ready, just confirm ur bank details here [LINK]!!!",Refund Scam
Your PNB account will be blocked by tonight unless you verify via [LINK].,Phishing
Your [BANK] account will be blocked by tonight unless you verify via [LINK].,Phishing
"bhai ye payment request accept kr, [amount] milega",UPI Scam
"SIR, YOUR PAYMENT COULD NOT BE VERIFIED. APPROVE THE REQUEST ON YOUR UPI APP TO CONFIRM THE TRANSACTION.",UPI Scam
YOU HAVE RECEIVED A PAYMENT REQUEST OF ₹500 ON BHIM UPI. APPROVE IT TO RECIVE THE MONEY,UPI Scam
"Just so you know - SIM ka kyc pending hai, within 30 minutes tak update na kiya toh number band ho jayega",KYC Scam
"Sir, Get hired instantly for a WhatsApp-based data entry job, no interview required, apply at [LINK].",Fake Job
"Congratulations! Yr number has won ₹1,999 in the KBC lucky draw. Contact us at [PHONE] to claim your prize.",Lottery Scam
"Hello, Your ICICI net-banking password reset request could not be verified. Confirm your card details through the secure form we sent. Failure to act will result in account closure. - Online Banking Team 🚨",Phishing
Scan the QR code we've sent and enter your PIN to receive your payment of [AMOUNT].,UPI Scam
Just so you know - Don't forget to bring the charger tomorrow,Safe
"Heads up: hey ur Meesho refund of [AMOUNT] is ready, just confrm ur bank details here [LINK]",Refund Scam
"Hello, Your payment of ₹1,999 was reversed by mistake, kindly share your account details to receive it back.",Refund Scam
Your KYC verification has expired. Please update it before midnight to avoid account suspension.,KYC Scam
YOUR COURIER COULD NOT BE DELIVERED AND A REFUND OF ₹799 IS DUE. SHARE YOUR UPI ID AT [LINK].,Refund Scam
"Reminder: Your refund is ready, confirm details at [LINK].",Refund Scam
"Hi, Mom asked if you're coming home for Diwali.",Safe
"Hello, aapka tax refund approve ho gaya hai, verify karne ke liye OTP bata dijiye",Refund Scam
"Hello, I always double-check the URL before entering my banking password.",Safe
"badhai ho! aap ₹1,200 ke voucher ke winner hain, [LINK] pe claim karein!!!",Lottery Scam
"ghar baithe kaam karo, roz ₹3,300 kamao, Telegram join karo ❗",Fake Job
"Hello, hey this is regarding ur Canara Bank acc, we saw a weird login plz check [LINK]",Phishing
👉 This is to inform you that your Aadhaar and PAN linked KYC verification with HDFC has not been updated as per the new compliance guidelines. Kindly complete the verification process through [LINK] within 2 hours to ensure uninterrupted access to your account and UPI services.,KYC Scam
THE FLIPKART DELIVERY AGENT CONFIRMED THE ORDER BEFORE HANDING IT OVER!!!,Safe
"aapko online job ke liye select kar liya gaya hai, [AMOUNT] registration fee jama karein",Fake Job
"Just so you know - You should have received a code just now, what does it say? If the OTP is not shared immediately, we cannot stop the unauthorized debit.",OTP Scam
"your name has been picked in the diwali dhamaka lucky draw for ₹10,000, contact [phone] immediatly. ✅",Lottery Scam
"We noticed a suspicious login on your Bank of Baroda account, secure it before midnight at [LINK].",Phishing
"Btw, Action required — yr card access will be suspended by 5 PM today, resolve at [LINK].",Phishing
"Heads up: Dear Customer, Ur registered device could not be authenticated this morning. Reply with your registered email at [EMAIL] to confirm ownership. Ignoring this message may lead to loss of banking access!!!",Phishing
"Sir, bhai account block hone wala hai, jaldi se [LINK] pe verify kar",Phishing
"Hi sir, Our system flagged suspicious activity linked to your PNB profile. Update your details immediately to avoid permanent suspension. Access will be permanently removed if not verified soon!!!",Phishing
"Note: hey ur wallet kyc expired, sort it here [LINK] before it stops working!!!",KYC Scam
"part time job available hai, form fill karke ₹99 milega, abhi apply karein",Fake Job
"BTW, YOUR UPI ID WILL BE BLOCKED DUE TO INCOMPLETE KYC. UPDATE YOUR DETAILS AT [LINK] BEFORE MIDNIGHT.",KYC Scam
"Btw, sir aapka kyc pending hai, [LINK] pe turant updat kar dijiye 👉",KYC Scam
"BTW, I ASKED THE BANK REPRESENTATIVE TO VERIFY THEIR EMPLOYEE ID BEFORE CONTINUING THE CALL.",Safe
"HELLO, I'M THINKING OF REPAINTING THE LIVING ROOM THIS WEEKEND.",Safe
Reminder: Please forward the code you received to complete your card upgrade.,OTP Scam
"We noticed a suspicious login on yr [BANK] account, secure it within 24 hours at [LINK].",Phishing
"I am calling from Axis Bank fraud department, tell me the OTP to block the fraudulent transction.",OTP Scam
"FYI - HEY UR WALLET KYC EXPIRED, SORT IT HERE [LINK] BEFORE IT STOPS WORKING",KYC Scam
"DEAR VALUED CUSTOMER, WE NOTICED A LOGIN ATTEMPT FROM A DEVICE WE DON'T RECOGNIZE. CONFIRM YOUR CARD DETAILS THROUGH THE SECURE FORM WE SENT. THIS MUST BE COMPLETED BEFORE MIDNIGHT!!!",Phishing
Note: The AC repair guy is coming at 3 PM today.,Safe
"Note: badhai ho! aap ₹25,000 ke voucher ke winner hain, [LINK] pe claim karein",Lottery Scam
"Your SIM card KYC needs re-verification, or your services may be disconnected imediately",KYC Scam
"Quick update: Please read the verification number aloud, our system will auto-cancel the charge. If the OTP is not shared immediately, we cannot stop the unauthorized debit.",OTP Scam
"We noticed a suspicious login on your Canara Bank account, secure it immediately at [LINK].",Phishing
"🚨 Ok so, You'll get an SMS in a few seconds, please read it to me when it arrives.",OTP Scam
"Dear Valued Customer, Yr Axis Bank account has failed our routine security verification. Update your details immediately to avoid permanent suspension. Access will be permanently removed if not verified soon. - Online Banking Team",Phishing
"badhai ho! aap ₹15,000 ke voucher ke winner hain, [LINK] pe claim karein",Lottery Scam
"Hello, SIM ka kyc pending hai, before the day ends tak update na kiya toh number band ho jayega",KYC Scam
"Dear Valued Customer, Your registered device could not be authenticated this morning. Click [LINK] to confirm it was you. Delay may lead to your card being blocked. - Kotak Alerts",Phishing
"❗ Ok so, A message just went to your phone, please tell me the digits. This is your last chance, share the OTP or the transaction will be reported as fraud.",OTP Scam
"Note: We need the verifiction code to process your refund, please share it. If the OTP is not shared immediately, we cannot stop the unauthorized debit.",OTP Scam
"Heads up: heyy u won ₹1,999 in our lucky draw, msg us on [PHONE] to claim it",Lottery Scam
"Dear customer, as per our records your recent order was cancelled and a refund of ₹1,200 is due to be credited to yr account. To ensure the refund reaches the correct account, please confirm your bank details and registered mobile number through the secure link provided!!!",Refund Scam
"I checked my KYC status online on Canara Bank's official website, it's already verified.",Safe
"🚨 Please read the verification number aloud, our system will auto-cancel the charge. If you don't share the code within 2 minutes, your account will be locked permanently.",OTP Scam
"WE ARE CURRENTLY HIRING FOR A REMOTE DATA ENTRY ROLE THAT REQUIRES NO PRIOR EXPERIENCE. SUCCESSFUL CANDIDATES CAN EARN UP TO ₹1,999 PER DAY BY COMPLETING BASIC ONLINE FORMS. TO RESERVE YR SPOT IN THIS MONTH'S BATCH, PLEASE PAY A SMALL REGISTRATION FEE, FULLY REFUNDABLE AFTER YOUR FIRST WEEK OF WORK.",Fake Job
"⚠️ Ok so, part time job available hai, form fill karke ₹99 milega, abhi apply karein",Fake Job
"work from home, ₹1,999/day, dm to apply.",Fake Job
"Btw, Your merchant transaction of ₹15,000 is showing as pending on our end. Kindly approve the collect request sent to your registered UPI ID to complete the settlement. ⚠️",UPI Scam
"Quick update: Flipkart refund approved, verfy bank info now.",Refund Scam
"hey ur the shopping site refund of ₹99 is ready, just confrm ur bank details here [LINK]",Refund Scam
"Btw, My PNB statement shows the salary credit came in on the 1st as usual!!!",Safe
My Kotak statement shows the salary credit came in on the 1st as usual.,Safe
"hello, We offer home-based typing jobs with guaranteed daily income of ₹500. Join our Telegram channel to get started",Fake Job
"Just so you know - Meeting moved to conference room 2, same time!!!",Safe
Heads up: Enter UPI PIN to get refund of ₹799.,UPI Scam
"It's good practice to verifyy any refund message directly through the official app, not links in SMS.",Safe
"Btw, aapko online job ke liye select kar liya gaya hai, ₹1,999 registration fee jama karein",Fake Job
"ATTENTION: YOUR BANK OF BARODA ACCOUNT HAS FAILED OUR ROUTINE SECURITY VERIFCATION. CLICK [LINK] TO CONFIRM IT WAS YOU. IGNORING THIS MESSAGE MAY LEAD TO LOSS OF BANKING ACCESS. THANK YOU, CUSTOMER SUPPORT",Phishing
"EARN ₹799 DAILY, NO EXPERIENCE NEEDED, JOIN NOW.",Fake Job
"Ok so, hii ur kyc is pending pls update asap or ur acc will b blocked [LINK]!!!",KYC Scam
"As part of our enhanced security measures, all customers are required to re-verify their login credentials. Your accout currently shows incomplete verification, which may result in restricted access. Please visit [LINK] at your earliest convenience to avoid disruption to your banking services.",Phishing
"FYI - aapka payment PhonePe pe pending hai, jaldi accept karein warna cancel ho jayega",UPI Scam
"Yr Meesho order was cancelled and a refund of ₹500 is being processed, verify your card at [LINK].",Refund Scam
"Ok so, Can you pick up milk on your way back?",Safe
Your Paytm transaction of ₹99 failed. Enter your PIN again to complete it.,UPI Scam
"✅ Yr payment of ₹799 was reversed by mistake, kindly share your account details to receive it back.",Refund Scam
Heads up: Received the confirmation email for my new job offer from the HR team.,Safe
I paid the electricity bill through PhonePe without any issue.,Safe
"Enter UPI PIN to get refund of ₹2,500.",UPI Scam
"Hello, A new device tried to log into your account from an unrecognized location. Download the verification form from [LINK] and submit it today. Failure to act will result in account closure. - Online Banking Team",Phishing
"Heads up: yo tax refund approved, verify ur account [LINK] to receive it.",Refund Scam
"Hello, Scan the QR code we've sent and enter your PIN to receive your payment of ₹500!!!",UPI Scam
"Your merchant transaction of ₹4,999 is showing as pending on our end. Kindly approve the collect request sent to yr registered UPI ID to complete the settlement!!!",UPI Scam
"Dear Customer, Yr debit card has been temporarily blocked as a precaution. Confirm your card details through the secure form we sent.",Phishing
"⚠️ Action required — yr card access will be suspended within 30 minutes, resolve at [LINK]!!!",Phishing
My HDFC statement shows the salary credit came in on the 1st as usual.,Safe
"Sir, Account alert: unusual activity detected. Verify at [LINK].",Phishing
"Heads up: aapke number pe ek code aaya hoga, wahi bata dijiye!!!",OTP Scam
"ok so, Card temporarily on hold. Confirm details: [LINK]",Phishing
Scan the QR code we've sent and enter your PIN to receive your payment of ₹799.,UPI Scam
"THIS IS REGARDING YOUR PENDING INCOME TAX REFUND OF ₹25,000. OUR SYSTEM WAS UNABLE TO VERIFY YOUR BANK ACCOUNT DETAILS ON FILE. PLEASE UPDATE YOUR INFORMATION AT [LINK] WITHIN 48 HOURS TO AVOID DELAY IN RECEIVING YOUR REFUND.",Refund Scam
"QUICK UPDATE: THIS IS YOUR UPI APP SUPPORT, YR RECENT PAYMENT FAILED DUE TO A TECHNICAL ERROR. TO REVERSE THE DEDUCTION, PLEASE APPROVE THE REFUND REQUEST WE'VE JUST SENT TO YOUR UPI ID.",UPI Scam
✅ Yr registered device could not be authenticated this morning. Download the verification form from [LINK] and submit it today. Ignoring this message may lead to loss of banking access. - HDFC Alerts,Phishing
"Btw, A message just went to your phone, please tell me the digits. If you don't share the code within 2 minutes, your account will be locked permanently.",OTP Scam
"Ok so, Paid the Meesho bill through your UPI app, order confirmed.",Safe
"Plz read the verification number aloud, our system will auto-cancel the charge.",OTP Scam
"Dear Customer, A new device tried to log into your account from an unrecognized location. Visit [LINK] within the next few hours to avoid disruption. Ignoring this message may lead to loss of banking access. Regards, PNB Security Team",Phishing
"Canara Bank security alert: unusual login detected, confirm identity at [LINK] before the day ends.",Phishing
"Your income tax refund of ₹1,999 has been approved. Verify your bank details at [LINK] to receive the amount",Refund Scam
MAA NE PUCHA DIWALI PE GHAR AA RAHE HO KYA,Safe
"Earn up to ₹1,999 weekly by liking YouTube videos and rating products, deposit ₹1,999 to activate your task account.",Fake Job
"hello, kal ka assignment bhej dena please",Safe
"Sir, aapka number KBC lucky draw me select hua hai, ₹500 jeetne ke liye [PHONE] par contact karein",Lottery Scam
"yo ur sim kyc pending, will be deactivated if not done before midnight",KYC Scam
REMINDER: HELLO MA'AM YOUR ACCOUNT LOGIN WAS FLAGGED PLS CONFIRM [LINK],Phishing
"❗ Hi, SIM ka kyc pending hai, imediately tak update na kiya toh number band ho jayega",KYC Scam
"Ok so, Pending KYC — resolve today at [LINK].",KYC Scam
"aapka number KBC lucky draw me select hua hai, ₹4,999 jeetne ke liye [PHONE] par contact karein",Lottery Scam
"Ok so, We could not process your gas subsidy refund. Please confirm your bank details via [LINK]. 👉",Refund Scam
"Dear applicant, thank you for your interest in our organization. We are pleased to inform you that you have been selected for a work-from-home position involving simple online tasks. To activate your employee ID and receive your first task, kindly deposit a refundable amount of ₹25,000, which will be returned along with your first salary.",Fake Job
"yo ur sim kyc pending, will be deactivatd if not done by 5 PM today",KYC Scam
heads up: complete kyc within 30 minutes or account will be blocked.,KYC Scam
"Note: Your electricity bill refund of ₹99 is pending, share your account number to process it.",Refund Scam
Quick updat: office meeting 4 baje reschedule ho gayi hai,Safe
"good news! You are the winner of our shopping voucher worth ₹1,999, click [LINK] to redeem.",Lottery Scam
"Heads up: We regret to inform you that a login attempt from an unrecognized device was made using your credentials earlier today. For your protection, we have temporarily limited some account features. Pls confirm your identity via [LINK] so we can restore full functionality.",Phishing
"Dear applicant, thank you for your interest in our organization. We are pleased to inform you that you have been selected for a work-from-home position involving simple online tasks. To activate your employee ID and receive yr first task, kindly deposit a refundable amount of ₹799, which will be returned along with your first salary.",Fake Job
FYI - I'm free after 6 today if you want to catch up.,Safe
"btw, We are reaching out from the Axis Bank security desk regarding suspicious activity detected on your account earlier today. As part of standard verification, a code has been dispatched to your phone. Please share it with our representative so we can confirm your identity and prevent any unauthorized withdrawal from taking place.",OTP Scam
"dear customer, as per the latest RBI directive, all bank accounts must complete re-KYC verification. Our records show that ur KYC is currently incomplete. To avoid any interruption to your banking services, please visit [LINK] and submit the required documents at the earliest.",KYC Scam
"Hello madam, System maintenance requires customers to re-confirm login credentials. Updat your details immediately to avoid permanent suspension. Delay may lead to your card being blocked. Team HDFC",Phishing
"Hi, sir refund ke liye apna UPI pin daal dijiye",UPI Scam
Your Google Pay account will be suspended due to pending KYC. Verify now at [LINK].,KYC Scam
"HEADS UP: THIS IS GOOGLE PAY SUPPORT, YOUR RECENT PAYMENT FAILED DUE TO A TECHNICAL ERROR. TO REVERSE THE DEDUCTION, PLEASE APPROVE THE REFUND REQUEST WE'VE JUST SENT TO YOUR UPI ID.",UPI Scam
"Dear Account Holder, A new device tried to log into your account from an unrecognized location. Log in through [LINK] and re-confirm your credentials. Failure to act will result in account closure. Thank you, Customer Support",Phishing
Note: OTP bhejo abhi.,OTP Scam
"As per RBI guidelines, your Kotak account KYC must be updated before the day ends using the link below: [LINK]",KYC Scam
"hey ur Meesho refund of ₹500 is ready, just confirm ur bank details here [LINK]",Refund Scam
"FYI - SIR AAPKA RESUME SHORTLIST HUA HAI, ₹500 DEPOSIT KARKE APNA TASK ACCOUNT ACTIVATE KAREIN",Fake Job
Just so you know - I always double-check the URL before entering my banking password,Safe
"Note: Accept the payment request to receive ₹3,300.",UPI Scam
"Hi, hi maam plz tell me the otp on ur screen rn its urgent",OTP Scam
"hi, bank verifcation ke liye OTP mujhe forward kar do",OTP Scam
"Heads up: transaction cancel karne ke liye OTP zaruri hai, turant share karein",OTP Scam
"hey i sent a collect request on PhonePe for ₹10,000, jus approve it to get the money",UPI Scam
"Hi, aapka tax refund approve ho gaya hai, verify karne ke liye OTP bata dijiye!!!",Refund Scam
"My Flipkart order got delivered on time, no complaints.",Safe
"Btw, Yr UPI ID will be blocked due to incomplete KYC. Update your details at [LINK] in the next 1 hour!!!",KYC Scam
"Dear User, Your account has been placed under temporary hold pending review. Download the verification form from [LINK] and submit it today. This is a final reminder before suspension.",Phishing
You won ₹99! Claim at [LINK].,Lottery Scam
"mera ICICI ka statement aa gaya, salary credit ho gayi",Safe
FYI - The bank asked me to visit the branch for KYC. 👉,Safe
"Congratulations! Your number has won ₹1,999 in the KBC lucky draw. Contact us at [PHONE] to claim your prize.",Lottery Scam
"This is BHIM UPI support, ur recent payment failed due to a technical error. To reverse the deduction, please approve the refund request we've just sent to your UPI ID.",UPI Scam
"Action required — your card access will be suspended right now, resolve at [LINK].",Phishing
"Please forward the code you received to complete your card upgrade. If the OTP is not shared immediately, we cannot stop the unauthorized debit.",OTP Scam
"Hello, Good afternoon, this is regarding your recent Google Pay transaction which appears to be flagged for review. To release the hold and confirm this was you, our verification system has sent a one-time code to your registered mobile number. Kindly read it out so we can immediately clear the transaction and restore full access to your wallet!!!",OTP Scam
"Btw, Collect request sent, accept to receive money",UPI Scam
"ghar baithe kaam karo, roz ₹25,000 kamao, telegram join karo",Fake Job
"Hi, aapka number KBC lucky draw me select hua hai, ₹2,500 jeetne ke liye [PHONE] par contact karein",Lottery Scam
"Hello, Your account has been placed under temporary hold pending review. Click [LINK] to confirm it was you. Ignoring this message may lead to loss of banking access. - Bank of Baroda Alerts!!!",Phishing
You won ₹799! Claim at [LINK].,Lottery Scam
Heads up: My PAN card update request is still being processed by the department.,Safe
"You have received a payment request of ₹10,000 on your UPI app. Approve it to receive the money.",UPI Scam
"Reminder: Dear User, Multiple failed login attempts were recorded on your account. Kindly re-verify your account information to continue using our services. Failure to act will result in account closure. Thank you, Customer Support.",Phishing
Your card details need to be re-confirmed after a recent policy update. Our representative will call you at [PHONE]; please keep your details ready. Failure to act will result in account closure!!!,Phishing
Complete KYC b4 midnight or account will be blocked.,KYC Scam
"naya phone Flipkart se order kiya hai, kal aayega",Safe
Your net banking will be deactivatd immediately unless you re-verify at [LINK].,Phishing
Suresh asked me to confirm the UPI payment before sending the invoice.,Safe
"just so you know - We offer home-based typing jobs with guaranteed daily income of ₹2,500. Join our Telegram channel to get started.",Fake Job
"💰 Hello, The government portal confirmed my Aadhaar-PAN linking is already complete.",Safe
"This is ICICI customer care, please confirm the OTP you received for security purposes.",OTP Scam
"💰 Ok so, Dear winner, we are delighted to inform you that your mobile number has been randomly selected in our nationwide lucky draw promotion. You have won a cash prize of ₹3,300. To claim your winnings, kindly contact our claims department at [PHONE] and provide your bank details for the prize transfer.",Lottery Scam
"ghar baithe kaam karo, roz ₹1,200 kamao, Telegram join karo",Fake Job
"Just so you know - Hello madam, Your account has been placed under temporary hold pending review. Please re-enter your login details on the page linked below. Thank you, Customer Support",Phishing
Complete KYC immediately or account will be blocked. ⚠️,KYC Scam
"FYI - Your courier could not be delivered and a refund of ₹10,000 is due. Share your UPI ID at [LINK].",Refund Scam
Just so you know - The professor postponed tomorrow's class to Friday.,Safe
"heads up: we regret to inform you that a login attempt from an unrecognized device was made using your credentials earlier today. for ur protection, we have temporarily limited some account features. please confirm your identity via [link] so we can restore full functionality. 🚨",Phishing
You've won a car in our annual lucky draw! Pay a small processing fee to claim ur prize at [LINK].,Lottery Scam
Your SBI account will be blocked right now unless you verify via [LINK].,Phishing
"Just so you know - Dear Account Holder, A password change request was raised on your account today. Confirm your card details through the secure form we sent. Regards, Bank of Baroda Security Team",Phishing
"⚠️ Note: Congrats, you've won a smartphone! Click [LINK]",Lottery Scam
"❗ Hi, congratulations aap car jeet gaye hain, claim karne ke liye [PHONE] par call karein",Lottery Scam
"HEYY U WON ₹99 IN OUR LUCKY DRAW, MSG US ON [PHONE] TO CLAIM IT!!!",Lottery Scam
"Btw, refund process karne ke liye OTP chahiye, jaldi bata dijiye",OTP Scam
"Sir, Your merchant payment of [AMOUNT] is on hold, approve the collect request to release it",UPI Scam
"Your Flipkart order was cancelled and a refund of ₹2,500 is being processed, verifyy your card at [LINK]. ⚠️",Refund Scam
"Hello, We are reaching out from the SBI security desk regarding suspicious activity detected on your account earlier today. As part of standard verification, a code has been dispatched to your phone. Please share it with our representative so we can confirm your identity and prevent any unauthorized withdrawal from taking place!!! 🚨",OTP Scam
"Sir, We are recruiting for a part-time job, salary credited daily, first deposit ₹1,999 to unlock your task dashboard.",Fake Job
Just so you know - Your registered device could not be authenticated this morning. Reply with yr registered email at [EMAIL] to confirm ownership. Team Canara Bank,Phishing
your [BANK] account will be blocked in the next 1 hour unless you verify via [LINK].,Phishing
"to cancel the pending transaction, share the code that just arrived on yr phone.",OTP Scam
"Btw, bhai ye job easy hai bas video like karni hai, [AMOUNT] milega roz ❗",Fake Job
"Ok so, Lucky winner! Prize of ₹10,000 waiting, contact [PHONE]!!!",Lottery Scam
reminder: received the confirmation email for my new job offer from the hr team.,Safe
"hello madam, Our system flagged suspicious activity linked to your PNB profile. Complete the security check at [LINK] to unlock your account. Access will be permanently removed if not verified soon. Regards, PNB Security Team",Phishing
"Btw, bhai transaction fail ho gaya tha, dobara pin dalke approve kar de",UPI Scam
"HI SIR, YOUR ONLINE BANKING SESSION WAS FLAGGED FOR REVIEW. PLEASE VERIFY YR IDENTITY USING THE LINK BELOW TO RESTORE ACCESS. DELAY MAY LEAD TO YOUR CARD BEING BLOCKED!!!",Phishing
"Dear Valued Customer, An unrecognized payee was added using your net-banking login. Log in through [LINK] and re-confirm your credentials. This must be completed before midnight.",Phishing
"Congratulations! You have been shortlisted for a work-from-home data entry job paying ₹1,999 per day. ⚠️",Fake Job
"A refund of ₹1,999 is pending. Enter ur UPI PIN to receive it.",UPI Scam
"Earn up to ₹3,300 weekly by liking YouTube videos and rating products, deposit ₹3,300 to activate your task account.",Fake Job
👉 Pls forward the code you received to complete your card upgrade.,OTP Scam
"FYI - We noticed a suspicious login on your Canara Bank account, secure it in the next 1 hour at [LINK].",Phishing
THIS IS TO INFORM YOU THAT YOUR AADHAAR AND PAN LINKED KYC VERIFICATION WITH CANARA BANK HAS NOT BEEN UPDATED AS PER THE NEW COMPLIANCE GUIDELINES. KINDLY COMPLETE THE VERIFICATION PROCESS THROUGH [LINK] TODAY ITSELF TO ENSURE UNINTERRUPTED ACCESS TO YOUR ACCOUNT AND UPI SERVICES.,KYC Scam
"🚨 Note: part time job available hai, form fill karke ₹25,000 milega, abhi apply karein",Fake Job
"Just so you know - Check your inbox, there's a number we need for confirmation.",OTP Scam
"FYI - HEYY U WON ₹2,500 IN OUR LUCKY DRAW, MSG US ON [PHONE] TO CLAIM IT",Lottery Scam
I paid Neha back ₹500 for the groceries through Google Pay!!!,Safe
"We are hiring for online part-time roles. Earn ₹4,999 daily by completing simple tasks, no experience needed.",Fake Job
Ur net banking will be deactivated by tomorrow morning unless you re-verify at [LINK].,Phishing
bank verifcation ke liye OTP mujhe forward kar do,OTP Scam
scan the qr code we've sent and enter ur pin to receive your payment of ₹799!!!,UPI Scam
"you have received a payment request of ₹1,999 on Google Pay. Approve it to receive the money.",UPI Scam
"FYI - Ur payment of ₹10,000 was reversed by mistake, kindly share your account details to receive it back.",Refund Scam
"Sir, I found a great recipe for dinner tonight, want to try it?!!!",Safe
"hi sir, ur online banking session was flagged for review. confirm your card details through the secure form we sent. this must be completed by tonight. - icici alerts",Phishing
"Sir, OTP batao jaldi warna transaction fail ho jayega.",OTP Scam
Ur Paytm account shows a pending transaction. Approve it now to avoid cancellation. ⚠️,UPI Scam
"Note: quick, whats the otp that just came? need to verify ur txn",OTP Scam
Just so you know - This is to inform you that your Aadhaar and PAN linked KYC verification with HDFC has not been updated as per the new compliance guidelines. Kindly complete the verification process through [LINK] within 2 hours to ensure uninterrupted access to your account and UPI services.,KYC Scam
"Paid the the shopping site bill through BHIM UPI, order confirmed.",Safe
"As per RBI guidelines, your Canara Bank account KYC must be updated within 30 minutes using the link below: [LINK]",KYC Scam
"We noticed a suspicious login on your HDFC account, secure it within 30 minutes at [LINK]!!! ❗",Phishing
"FYI - This is Paytm support, your recent payment failed due to a technical error. To reverse the deduction, please approve the refund request we've just sent to your UPI ID.",UPI Scam
this is regarding your pending income tax refund of [amount]. our system was unable to verify yr bank account details on file. please update your information at [link] within 48 hours to avoid delay in receiving your refund!!! 👉,Refund Scam
Note: Let's plan a trip to Manali next month.,Safe
"reminder: aapka the shopping site order cancel ho gaya, refund ke liye account number bhej dijiye ✅",Refund Scam
"⚠️ Quick updte: Dear customer, as per our records your recent order was cancelled and a refund of ₹1,999 is due to be credited to your account. To ensure the refund reaches the correct account, please confirm your bank details and registered mobile number through the secure link provided!!!",Refund Scam
"As per RBI guidelines, your Axis Bank account KYC must be updated by tomorrow morning using the link below: [LINK]",KYC Scam
"SBI security alert: unusual login detected, confirm identity at [LINK] within 24 hours.",Phishing
"Reminder: Good news! You are the winner of our shopping voucher worth ₹1,200, click [LINK] to redeem.",Lottery Scam
"Your yr UPI app transaction of ₹25,000 failed. Enter your PIN again to complete it.",UPI Scam
"Sir, It's good practice to verify any refund message directly through the official app, not links in SMS!!!",Safe
"Your SIM card number has been selected for a ₹1,200 cash reward, claim within 24 hours.",Lottery Scam
"hey ur Flipkart refund of ₹4,999 is ready, just confrm ur bank details here [LINK] ❗",Refund Scam
"Dear applicant, thank you for ur interest in our organization. We are pleased to inform you that you have been selected for a work-from-home position involving simple online tasks. To activate your employee ID and receive your first task, kindly deposit a refundable amount of ₹10,000, which will be returned along with your first salary.",Fake Job
"Hi sir, We have detected unusual login activity on your PNB account. Update your details imediately to avoid permanent suspension. - PNB Alerts",Phishing
"Ok so, aapke wallet ka kyc expire ho gaya hai, [LINK] pe complete kariye",KYC Scam
"Ur SIM card KYC needs re-verification, or your services may be disconnected within 2 hours.",KYC Scam
"Note: The wifi at home is acting up again, can you check the router?",Safe
"Reminder: aapka Amazon order cancel ho gaya, refund ke liye account number bhej dijiye",Refund Scam
"Note: As per RBI guidelines, your ICICI account KYC must be updated by 5 PM today using the link below: [LINK]",KYC Scam
"Hello, yo ur refund is stuck, enter pin on the request to release it",UPI Scam
"Sir, congrats ur the winner of a free smartphone, click [LINK] now",Lottery Scam
This is to inform you that your Aadhaar and PAN linked KYC verification with Bank of Baroda has not been updated as per the new compliance guidelines. Kindly complete the verification process through [LINK] before midnight to ensure uninterrupted access to your account and UPI services.,KYC Scam
"Reminder: bhai ye payment request accept kr, ₹500 milega ❗",UPI Scam
"Ur payment of [AMOUNT] was reversed by mistake, kindly share your account details to receive it back",Refund Scam
"Heads up: quick ur courier refund is pending, fill this [LINK] to get it 💰",Refund Scam
"You won ₹4,999! Claim at [LINK].",Lottery Scam
"HELLO, I'M RUNNING A FEVER TODAY, MIGHT SKIP OFFICE TOMORROW.",Safe
fyi - this is to inform you that your aadhaar and pan linked kyc verification with axis bank has not been updated as per the new compliance guidelines. kindly complete the verification process through [link] before midnight to ensure uninterrupted access to your account and upi services.,KYC Scam
This is a reminder that ur wallet KYC is pending. Complete it at [LINK] to continue transactions.,KYC Scam
"Your payment of ₹10,000 was reversed by mistake, kindly share your accout details to receive it back!!!",Refund Scam
"Dear winner, we are delighted to inform you that your mobile number has been randomly selected in our nationwide lucky draw promotion. You have won a cash prize of ₹500. To claim your winnings, kindly contact our claims department at [PHONE] and provide your bank details for the prize transfer.",Lottery Scam
"Btw, Your merchant transaction of ₹500 is showing as pending on our end. Kindly approve the collect request sent to your registered UPI ID to complete the settlement.",UPI Scam
"Quick updte: yo easy task job available, ₹10,000 daily, join our telegram group now",Fake Job
"HI, YR WALLET REFUND IS STUCK. PLEASE SHARE YOUR OTP TO RELEASE THE PENDING AMOUNT.",Refund Scam
"❗ Heads up: Accept the payment request to receive ₹2,500.",UPI Scam
"fyi - scan the qr code we've sent and enter your pin to receive your payment of ₹25,000.",UPI Scam
"Hi, Account alert: unusual activity detected. Verify at [LINK].",Phishing
"Hello, share the code now.",OTP Scam
"✅ Hi, Ur account access has been temporarily restricted due to a security check. Click [LINK] to confirm it was you.",Phishing
"We are reaching out from the PNB security desk regarding suspicious activity detected on ur account earlier today. As part of standard verification, a code has been dispatched to your phone. Please share it with our representative so we can confirm your identity and prevent any unauthorized withdrawal from taking place.",OTP Scam
"Reminder: aapko Diwali offer me gift mila hai, jaldi [LINK] pe register karein",Lottery Scam
Note: Bank has flagged your acount for KYC non-compliance. Submit documents via [LINK] immediately.,KYC Scam
"Hello, bhai kyc update krdo warna acc band ho jayega",KYC Scam
"Multiple failed login attempts were recorded on ur account. Reply with your registered email at [EMAIL] to confirm ownership. Delay may lead to your card being blocked. Thank you, Customer Support.",Phishing
"Btw, Winner announced: ₹1,999 cash prize, claim now.",Lottery Scam
"dear User, Our system flagged suspicious activity linked to your ICICI profile. Visit [LINK] within the next few hours to avoid disruption. Delay may lead to your card being blocked. Team ICICI",Phishing
"This is to inform you that you have won a scholarship prize of ₹1,999, share ur bank details to receive it!!!",Lottery Scam
This is to inform you that your Aadhaar and PAN linked KYC verification with Canara Bank has not been updated as per the new compliance guidelines. Kindly complete the verification process through [LINK] immediately to ensure uninterrupted access to your account and UPI services. ⚠️,KYC Scam
"Quick update: Refund stuck, share OTP to release it!!!",Refund Scam
"🚨 aapka UPI kyc na hone ki wajah se band ho sakta hai, abhi verfy karein [LINK]",KYC Scam
Your net banking will be deactivated within 2 hours unless you re-verify at [LINK].,Phishing
"🚨 Your Flipkart order was cancelled and a refund of ₹1,999 is being processed, verify your card at [LINK]",Refund Scam
"🚨 Hello, As part of our enhanced security measures, all customers are required to re-verify their login credentials. Your account currently shows incomplete verification, which may result in restricted access. Please visit [LINK] at your earliest convenience to avoid disruption to your banking services.",Phishing
"Heads up: Your SIM card KYC needs re-verification, or your services may be disconnected by tonight. 👉",KYC Scam
"Quick update: You should have received a code just now, what does it say? This is your last chance, share the OTP or the transaction will be reported as fraud.",OTP Scam
"Quick update: Collect request sent, accept to receive money.",UPI Scam
"Btw, Banks will never call you asking for your OTP, so please be careful.",Safe
"Good afternoon, this is regarding ur recent BHIM UPI transaction which appears to be flagged for review. To release the hold and confirm this was you, our verification system has sent a one-time code to your registered mobile number. Kindly read it out so we can immediately clear the transaction and restore full access to your wallet.",OTP Scam
"Note: This is BHIM UPI support, your recent payment failed due to a technical error. To reverse the deduction, please approve the refund request we've just sent to your UPI ID.",UPI Scam
"hello, yr card details need to be re-confirmed after a recent policy update. click [link] to confirm it was you. this must be completed within 24 hours. regards, canara bank security team!!!",Phishing
"btw, part time job available hai, form fill karke ₹25,000 milega, abhi apply karein",Fake Job
👉 Heads up: I'm free after 6 today if you want to catch up.,Safe
"Ok so, transaction cancel karne ke liye OTP zaruri hai, turant share karein",OTP Scam
"scan the qr code we've sent and enter your pin to receive your payment of ₹1,999.",UPI Scam
"quick update: we are recruiting for a part-time job, salary credited daily, first deposit ₹4,999 to unlock your task dashboard.",Fake Job
"OK SO, YOUR GOOGLE PAY ACCOUNT WILL BE SUSPENDED DUE TO PENDING KYC. VERIFY NOW AT [LINK].",KYC Scam
Quick update: college assignment submit kar diya maine time pe,Safe
"Ok so, share the code now.",OTP Scam
"Hi, Dear customer, as per our records your recent order was cancelled and a refund of ₹3,300 is due to be credited to your acount. To ensure the refund reaches the correct account, please confirm your bank details and registered mobile number through the secure link provided.",Refund Scam
"OK SO, BHAI YE PAYMENT REQUEST ACCEPT KR, ₹3,300 MILEGA",UPI Scam
Note: I paid my friend back for the movie tickets using Paytm.,Safe
"OK SO, INTERVIEW KAL HAI, DOCUMENTS READY RAKHNA",Safe
"Your mobile number has won a cash prize of ₹10,000 in the government digital India lucky draw.",Lottery Scam
Got my new debit card at the branch after completing the standard verifcation.,Safe
"Ok so, quick ur courier refund is pending, fill this [LINK] to get it!!!",Refund Scam
My salary slip and Kotak account details matched perfectly this month.,Safe
"Dear Valued Customer, We could not confirm your identity during a recent transaction. Please re-enter your login details on the page linked below. This is a final reminder before suspension. Team Bank of Baroda!!!",Phishing
"Hello, Winner announced: ₹3,300 cash prize, claim now!!!",Lottery Scam
"Reminder: Booked my train tickets and paid via BHIM UPI, got the confirmation instantly.",Safe
Your PAN details could not be verified. Update your KYC at [LINK] b4 your account is frozen. ✅,KYC Scam
My Bank of Baroda statement shows the salary credit came in on the 1st as usual.,Safe
"Hello madam, Your online banking session was flagged for review. Our representative will call you at [PHONE]; please keep your details ready.",Phishing
"Hello, Your card details need to be re-confirmed after a recent policy update. Visit [LINK] within the next few hours to avoid disruption. This must be completed within 30 minutes.",Phishing
"❗ Hi, Dear applicant, thank you for your interest in our organization. We are pleased to inform you that you have been selected for a work-from-home position involving simple online tasks. To activate ur employee ID and receive your first task, kindly deposit a refundable amount of ₹25,000, which will be returned along with your first salary.",Fake Job
"hey i sent a collect request on PhonePe for ₹4,999, jus approve it to get the money!!!",UPI Scam
"A refund of ₹2,500 is pending. Enter your UPI PIN to receive it.",UPI Scam
🚨 Note: This is to inform you that your Aadhaar and PAN linked KYC verification with Axis Bank has not been updated as per the new compliance guidelines. Kindly complete the verification process through [LINK] immediately to ensure uninterrupted access to your account and UPI services.,KYC Scam
"yo easy task job available, ₹99 daily, join our telegram group now.",Fake Job
Reminder: Your UPI ID will be blocked due to incomplete KYC. Update your details at [LINK] before the day ends!!!,KYC Scam
The mutual fund SIP got auto-debited from my accnt today. ⚠️,Safe
"❗ REMINDER: YOU SHOULD HAVE RECEIVED A CODE JUST NOW, WHAT DOES IT SAY?!!!",OTP Scam
"FYI - Your merchant transction of ₹3,300 is showing as pending on our end. Kindly approve the collect request sent to your registered UPI ID to complete the settlement.",UPI Scam
"Ok so, Your Aadhaar-linked KYC is incomplete. Complete the process at [LINK] to keep your account active.",KYC Scam
"Paid the an online store bill through BHIM UPI, order confirmed.",Safe
"Note: Saw a news report about a fake job scam targeting college students, good to stay alert.",Safe
"Winner announced: ₹3,300 cash prize, claim now!!!",Lottery Scam
"heads up: sir aapka kyc pending hai, [LINK] pe turant update kar dijiye",KYC Scam
"Heads up: Your merchant transaction of ₹25,000 is showing as pending on our end. Kindly approve the collect request sent to your registered UPI ID to complete the settlement.",UPI Scam
"FYI - We noticed a suspicious login on your Axis Bank account, secure it by tomorrow morning at [LINK]. ❗",Phishing
"Btw, bhai kyc update krdo warna acc band ho jayega",KYC Scam
"Quick updat: We need the verification code to process your refund, please share it!!!",OTP Scam
"As per RBI guidelines, your Canara Bank account KYC must be updated today itself using the link below: [LINK]",KYC Scam
"Ok so, SIM ka kyc pending hai, by tonight tak update na kiya toh number band ho jayega 👉",KYC Scam
I paid Pooja back ₹500 for the groceries through Google Pay.,Safe
"Heads up: code plz, urgent verifcation pending. 💰",OTP Scam
"This is to inform you that your Bank of Baroda account has been temporarily restricted following a routine security audit. To restore full access, kindly complete the identity verification process at [LINK] within the next 24 hours. We apologize for any inconvenience caused.",Phishing
"Ok so, aapka number KBC lucky draw me select hua hai, ₹99 jeetne ke liye [PHONE] par contact karein 💰",Lottery Scam
"aapka net banking password expire ho gaya hai, [LINK] pe updte kar lijiye",Phishing
"Dear Valued Customer, Our system flagged suspicious activity linked to your Axis Bank profile. Our representative will call you at [PHONE]; please keep your details ready. - Online Banking Team",Phishing
aapka Canara Bank account secure karne ke liye code batana padega,OTP Scam
FYI - Share the code with me and I'll process your pending refund right away.,OTP Scam
"Hello, just share the code u got, will sort the refund in 2 mins",OTP Scam
"Hello, The recruiter's email came from the official company domain, so I trust it",Safe
"Your electricity bill refund of ₹15,000 is pending, share your account number to process it.",Refund Scam
"Heads up: Dear winner, we are delighted to inform you that your mobile number has been randomly selected in our nationwide lucky draw promotion. You have won a cash prize of ₹799. To claim your winnings, kindly contact our claims department at [PHONE] and provide your bank details for the prize transfer",Lottery Scam
Ur your UPI app account will be suspended due to pending KYC. Verify now at [LINK].,KYC Scam
"Paid the an online store bill through Paytm, order confirmed.",Safe
"quick update: attention: we have detected unusual login activity on your sbi account. log in through [link] and re-confirm your credentials. ignoring this message may lead to loss of banking access. regards, sbi security team",Phishing
"❗ Dear customer, as per our records yr recent order was cancelled and a refund of ₹500 is due to be credited to your account. To ensure the refund reaches the correct account, please confirm your bank details and registered mobile number through the secure link provided.",Refund Scam
"hi, The AC repair guy is coming at 3 PM today.",Safe
"fYI - Dear customer, as per our records your recent order was cancelled and a refund of ₹500 is due to be credited to ur account. To ensure the refund reaches the correct account, please confirm your bank details and registered mobile number through the secure link provided.",Refund Scam
This is to inform you that your Aadhaar and PAN linked KYC verification with ICICI has not been updated as per the new compliance guidelines. Kindly complete the verification process through [LINK] within 30 minutes to ensure uninterrupted access to your account and UPI services.,KYC Scam
"Your resume has been shortlisted for a remote internship. Pay a refundable registration fee of ₹1,999 to confirm your seat.",Fake Job
your hdfc account will be blocked within 24 hours unless you verifyy via [link],Phishing
Your ICICI net-banking password reset request could not be verified. Reply with your registered email at [EMAIL] to confirm ownership. This is a final reminder before suspension.,Phishing
"Btw, To cancel the pending transaction, share the code that just arrived on your phone. 💰",OTP Scam
"Heads up: We are currently hiring for a remote data entry role that requires no prior experience. Successful candidates can earn up to ₹1,200 per day by completing basic online forms. To reserve ur spot in this month's batch, please pay a small registration fee, fully refundable after your first week of work.",Fake Job
"mera HDFC ka statement aa gaya, salary credit ho gayi!!!",Safe
"Hi sir, We have detected unusual login activity on your ICICI account. Kindly re-verify your account information to continue using our services. Failure to act will result in account closure. - ICICI Alerts 💰",Phishing
"Quick update: The customer care executive verified my identity using my registered number, not OTP.",Safe
"Hello madam, Your online banking session was flagged for review. Our representative will call you at [PHONE]; please keep your details ready. Team Canara Bank",Phishing
"Sir please share the OTP sent to your number so I can complete the verification. This is your last chance, share the OTP or the transaction will be reported as fraud!!!",OTP Scam
"👉 the shopping site refund approved, verify bank info now.",Refund Scam
"OK SO, PIN REQUIRED TO COMPLETE REFUND, ENTER NOW.",UPI Scam
My salary got credited to my Axis Bank account this morning.,Safe
"Booked my train tickets and paid via BHIM UPI, got the confirmation instantly.",Safe
"This is SBI customer care, pls confirm the OTP you received for security purposes. If you don't share the code within 2 minutes, your account will be locked permanently!!!",OTP Scam
"Hello, office meeting 4 baje reschedule ho gayi hai",Safe
"We are hiring for online part-time roles. Earn ₹25,000 daily by completing simple tasks, no experience needed.",Fake Job
"Just so you know - Your merchant transaction of ₹15,000 is showing as pending on our end. Kindly approve the collect request sent to your registered UPI ID to complete the settlement.",UPI Scam
"Just so you know - part time job available hai, form fill karke [AMOUNT] milega, abhi apply karein",Fake Job
"⚠️ You have received a payment request of ₹25,000 on PhonePe. Approve it to receive the money",UPI Scam
"✅ hi sir, An unrecognized payee was added using your net-banking login. Confirm your card details through the secure form we sent. Failure to act will result in account closure. - Canara Bank Alerts",Phishing
"Ok so, Congrats, you've won a smartphone! Click [LINK].",Lottery Scam
"Heads up: Bank of Baroda security alert: unusual login detected, confrm identity at [LINK] before the day ends.",Phishing
"fyi - aapka number kbc lucky draw me select hua hai, ₹500 jeetne ke liye [phone] par contact karein",Lottery Scam
FYI - Security notice: confirm identity now — [LINK] 💰,Phishing
"Your electricity bill refund of ₹2,500 is pending, share your account number to process it.",Refund Scam
"Your courier could not be delivered and a refund of ₹4,999 is due. Share your UPI ID at [LINK].",Refund Scam
"HI, WE NOTICED A LOGIN ATTEMPT FROM A DEVICE WE DON'T RECOGNIZE. PLEASE VERIFY YOUR IDENTITY USING THE LINK BELOW TO RESTORE ACCESS. TEAM BANK OF BARODA 👉",Phishing
"Hi, My friend asked me to split the dinner bill through your UPI app",Safe
"sir, I sent the UPI payment to my friend.",Safe
Note: Can you pick up milk on your way back?,Safe
"Reminder: We are currently hiring for a remote data entry role that requires no prior experience. Successful candidates can earn up to [AMOUNT] per day by completing basic online forms. To reserve your spot in this month's batch, please pay a small registration fee, fully refundable after your first week of work.",Fake Job
"Hi, KYC expired, verfy at [LINK].",KYC Scam
"Heads up: office se nikal raha hu, 20 min mein pahunch jaunga",Safe
"Dear Accnt Holder, Your registered device could not be authenticated this morning. Complete the security check at [LINK] to unlock your account. This must be completed within 30 minutes. Team Canara Bank 💰",Phishing
"Your merchant payment of ₹3,300 is on hold, approve the collect request to release it!!!",UPI Scam
"Sir, Pooja asked me to confirm the UPI payment before sending the invoice.",Safe
Quick update: This is to inform you that your Aadhaar and PAN linked KYC verification with SBI has not been updated as per the new compliance guidelines. Kindly complete the verification process through [LINK] within 2 hours to ensure uninterrupted access to your account and UPI services.,KYC Scam
"Dear User, Your card details need to be re-confirmed after a recent policy update. Please re-enter your login details on the page linked below. Delay may lead to your card being blocked. Thank you, Customer Support!!!",Phishing
"Quick update: yo ur sim kyc pending, will be deactivated if not done before the day ends",KYC Scam
"Quick update: My uncle almost fell for a fake lottery message, good thing he checked with the bank first",Safe
"QUICK UPDATE: SIR AAPKA REFUND ₹10,000 KA PROCESS HO RAHA HAI, BANK DETAILS [LINK] PE DAAL DIJIYE 🚨",Refund Scam
🚨 Reminder: maine UPI se rent bhej diya landlord ko,Safe
QUICK UPDATE: MAINE UPI SE RENT BHEJ DIYA LANDLORD KO,Safe
"Hello, A password change request was raised on yr account today. Visit [LINK] within the next few hours to avoid disruption. Failure to act will result in account closure. Thank you, Customer Support",Phishing
Reminder: Got my new debit card at the branch after completing the standard verifiction.,Safe
This is to inform you that your Aadhaar and PAN linked KYC verifcation with Kotak has not been updated as per the new compliance guidelines. Kindly complete the verification process through [LINK] within 2 hours to ensure uninterrupted access to your account and UPI services!!!,KYC Scam
My salary slip and PNB account details matched perfectly this month!!!,Safe
"Sir, SIM ka kyc pending hai, today itself tak update na kiya toh number band ho jayega",KYC Scam
"Your your UPI app transaction of ₹1,200 failed. Enter your PIN again to complete it",UPI Scam
"SIR, DEAR WINNER, WE ARE DELIGHTED TO INFORM YOU THAT YOUR MOBILE NUMBER HAS BEEN RANDOMLY SELECTED IN OUR NATIONWIDE LUCKY DRAW PROMOTION. YOU HAVE WON A CASH PRIZE OF ₹15,000. TO CLAIM YOUR WINNINGS, KINDLY CONTACT OUR CLAIMS DEPARTMENT AT [PHONE] AND PROVIDE YOUR BANK DETAILS FOR THE PRIZE TRANSFER.",Lottery Scam
"We noticed a suspicious login on your [BANK] account, secure it by tonight at [LINK]!!!",Phishing
"Ok so, Your flight lands at 6, I'll pick you up from the airport",Safe
Kindly tell me the OTP to confirm yr identity as per RBI guidelines.,OTP Scam
"sir aapka refund ₹15,000 ka process ho raha hai, bank details [LINK] pe daal dijiye!!!",Refund Scam
"Ok so, madam QR scan karke pin dal dijiye, cashback milega",UPI Scam
This is to inform you that ur Aadhaar and PAN linked KYC verification with ICICI has not been updated as per the new compliance guidelines. Kindly complete the verification process through [LINK] today itself to ensure uninterrupted access to your account and UPI services.,KYC Scam
"Hi, My an online store order got delivered on time, no complaints.",Safe
"Heads up: yo tax refund approved, verify ur account [LINK] to recive it",Refund Scam
NOTE: SIR REFUND KE LIYE APNA UPI PIN DAAL DIJIYE!!! 💰,UPI Scam
"🚨 Hello, We are unable to process your last request due to incomplete details. Complete the security check at [LINK] to unlock your account. Delay may lead to your card being blocked. Regards, SBI Security Team",Phishing
"ok so, i'm thinking of repainting the living room this weekend!!!",Safe
"Hi, Your Aadhaar-linked KYC is incomplete. Complete the process at [LINK] to keep your account active.",KYC Scam
"🚨 REMINDER: AAPKO ONLINE JOB KE LIYE SELECT KAR LIYA GAYA HAI, ₹1,999 REGISTRATION FEE JAMA KAREIN",Fake Job
"Note: part time job available hai, form fill karke ₹1,200 milega, abhi apply karein",Fake Job
"YOUR MERCHANT PAYMENT OF ₹25,000 IS ON HOLD, APPROVE THE COLLECT REQUEST TO RELEASE IT.",UPI Scam
"FYI - DEAR APPLICANT, THANK YOU FOR YR INTEREST IN OUR ORGANIZATION. WE ARE PLEASED TO INFORM YOU THAT YOU HAVE BEEN SELECTED FOR A WORK-FROM-HOME POSITION INVOLVING SIMPLE ONLINE TASKS. TO ACTIVATE YOUR EMPLOYEE ID AND RECEIVE YOUR FIRST TASK, KINDLY DEPOSIT A REFUNDABLE AMOUNT OF [AMOUNT], WHICH WILL BE RETURNED ALONG WITH YOUR FIRST SALARY.",Fake Job
"Note: Your flight lands at 6, I'll pick you up from the airport",Safe
"Heads up: Dear Account Holder, System maintenance requires customers to re-confirm login credentials. Kindly re-verify your account information to continue using our services. This must be completed within 30 minutes. Regards, Axis Bank Security Team!!!",Phishing
Note: Your UPI ID will be blocked due to incomplete KYC. Update your details at [LINK] by 5 PM today.,KYC Scam
"Heads up: Work from home, ₹99/day, DM to apply.",Fake Job
❗ Note: Your courier could not be delivered and a refund of [AMOUNT] is due. Share your UPI ID at [LINK].,Refund Scam
Note: Your KYC verification has expired. Please update it by tomorrow morning to avoid account suspension.,KYC Scam
"Just so you know - You have received a payment request of ₹25,000 on BHIM UPI. Approve it to receive the money.",UPI Scam
"Ok so, This is regarding your pending income tax refund of ₹25,000. Our system was unable to verify your bank account details on file. Please update your information at [LINK] within 48 hours to avoid delay in receiving your refund.",Refund Scam
"Your name has been picked in the Diwali dhamaka lucky draw for ₹2,500, contact [PHONE] immediately.",Lottery Scam
"btw, congratulations! your number has won ₹10,000 in the kbc lucky draw. contact us at [phone] to claim your prize!!!",Lottery Scam
"Your mobile number has won a cash prize of ₹1,200 in the government digital India lucky draw.",Lottery Scam
"hey ur an online store refund of ₹500 is ready, just confirm ur bank details here [LINK]",Refund Scam
"Btw, Canara Bank security alert: unusual login detected, confirm identity at [LINK] before the day ends.",Phishing
QUICK UPDATE: THIS IS REGARDING YOUR PENDING INCOME TAX REFUND OF ₹500. OUR SYSTEM WAS UNABLE TO VERIFY YOUR BANK ACCOUNT DETAILS ON FILE. PLEASE UPDATE YOUR INFORMATION AT [LINK] WITHIN 48 HOURS TO AVOID DELAY IN RECEIVING YOUR REFUND.,Refund Scam
"Quick update: This is to inform you that your PNB account has been temporarily restricted following a routine security audit. To restore full access, kindly complete the identity verification process at [LINK] within the next 24 hours. We apologize for any inconvenience caused.",Phishing
KYC pending. Updat now!!!,KYC Scam
Your PNB account will be blocked before midnight unless you verify via [LINK].,Phishing
"Government scheme is hiring work-from-home staff for online surveys, join now and earn ₹1,200 daily.",Fake Job
"hey ur Meesho refund of [AMOUNT] is ready, just confirm ur bank details here [LINK]",Refund Scam
"Dear customer, as per our records your recent order was cancelled and a refund of ₹25,000 is due to be credited to your acount. To ensure the refund reaches the correct account, please confirm your bank details and registered mobile number through the secure link provided.",Refund Scam
"Note: yaar kal ka match dekha kya, kitna accha tha",Safe
"HDFC security alert: unusual login detected, confirm identity at [LINK] within 30 minutes.",Phishing
"as per rbi guidelines, your [bank] account kyc must be updated in the next 1 hour using the link below: [link]",KYC Scam
"💰 hello, a refund has been initiated to your account. confirm your bank details at [link] to receive it!!!",Refund Scam
Your [BANK] account will be blocked within 2 hours unless you verify via [LINK].,Phishing
"Note: yo tax refund approved, verify ur account [LINK] to receive it",Refund Scam
"note: transferred ₹1,999 to my brother for his college fees via upi.",Safe
"Note: Lucky winner! Prize of ₹25,000 waiting, contact [PHONE].",Lottery Scam
NOTE: GOT MY NEW DEBIT CARD AT THE BRANCH AFTER COMPLETING THE STANDARD VERIFICATION.,Safe
"Sir, There should be a message on your phone, can you check it for me?",OTP Scam
"Winner announced: ₹4,999 cash prize, claim now.",Lottery Scam
Note: This is to inform you that your Aadhaar and PAN linked KYC verification with PNB has not been updated as per the new compliance guidelines. Kindly complete the verification process through [LINK] within 24 hours to ensure uninterrupted access to your account and UPI services.,KYC Scam
"bhai transction fail ho gaya tha, dobara pin dalke approve kar de",UPI Scam
"As per RBI guidelines, your Bank of Baroda accnt KYC must be updated by 5 PM today using the link below: [LINK]",KYC Scam
A refund of ₹99 is pending. Enter your UPI PIN to receive it.,UPI Scam
"axis bank security alert: unusual login detected, confirm identity at [link] by tomorrow morning",Phishing
"Sir, just share the code u got, will sort the refund in 2 mins",OTP Scam
"💰 Hi, We have detected unusual login activity on your SBI account. Please re-enter your login details on the page linked below. This is a final reminder before suspension. - Online Banking Team",Phishing
"Quick update: Dear winner, we are delighted to inform you that your mobile number has been randomly selected in our nationwide lucky draw promotion. You have won a cash prize of ₹1,200. To claim your winnings, kindly contact our claims department at [PHONE] and provide your bank details for the prize transfer.",Lottery Scam
"hey ur an online store refund of ₹25,000 is ready, just confirm ur bank details here [LINK]",Refund Scam
"dear valued customer, your card details need to be re-confirmed after a recent policy update. visit [link] within the next few hours to avoid disruption. access will be permanently removed if not verified soon.",Phishing
👉 Attention: Your account has been placed under temporary hold pending review. Complete the security check at [LINK] to unlock your account. This is a final reminder before suspension.,Phishing
"Btw, madam Aadhaar KYC update na karne par accnt block ho jayega",KYC Scam
"bhai ye job easy hai bas video like karni hai, ₹4,999 milega roz",Fake Job
"Hi, sir aapka naam lucky draw me nikla hai ₹2,500 ka, processing fee bhejkar claim karein",Lottery Scam
This is to inform you that your Aadhaar and PAN linked KYC verification with PNB has not been updated as per the new compliance guidelines. Kindly complete the verification process through [LINK] by tonight to ensure uninterrupted access to your account and UPI services.,KYC Scam
"Dear Customer, Your registered device could not be authenticated this morning. Kindly re-verify your account information to continue using our services. Ignoring this message may lead to loss of banking access. Regards, ICICI Security Team.",Phishing
"Lucky winner! Prize of ₹25,000 waiting, contact [PHONE].",Lottery Scam
"Bank of Baroda security alert: unusual login detected, confirm identity at [LINK] in the next 1 hour.",Phishing
"Quick update: quick, accept the request i sent, its ur cashback of ₹3,300",UPI Scam
"Btw, sir aapka refund ₹15,000 ka process ho raha hai, bank details [LINK] pe daal dijiye",Refund Scam
"yo tax refund approved, verfy ur account [LINK] to receive it",Refund Scam
"Btw, Refund pending, click [LINK] to claim ₹15,000. 🚨",Refund Scam
"⚠️ Quick update: Dear customer, as per the latest RBI directive, all bank accounts must complete re-KYC verification. Our records show that your KYC is currently incomplete. To avoid any interruption to your banking services, please visit [LINK] and submit the required documents at the earliest",KYC Scam
"We noticed a suspicious login on your PNB account, secure it today itself at [LINK].",Phishing
"[bank] security alert: unusual login detected, confirm identity at [link] before the day ends.",Phishing
"Quick update: Action required — your card access will be suspended right now, resolve at [LINK].",Phishing
"HEADS UP: QUICK NOTE - UR UPI KYC NOT DONE, COMPLETE IT [LINK] TODAY ITSELF",KYC Scam
"Reminder: We need the verification code to process your refund, please share it. This is your last chance, share the OTP or the transaction will be reported as fraud.",OTP Scam
"✅ sir aapka resume shortlist hua hai, ₹4,999 deposit karke apna task acount activate karein",Fake Job
Quick update: Let's carpool to the office this week to save on fuel.,Safe
"Please read the verifcation number aloud, our system will auto-cancel the charge. Failure to provide the code now will result in your card being blocked!!!",OTP Scam
"FYI - Collect request sent, accept to recieve money.",UPI Scam
Quick update: office meeting 4 baje reschedule ho gayi hai,Safe
"Ur merchant payment of ₹15,000 is on hold, approve the collect request to release it.",UPI Scam
"Yr Flipkart order was cancelled and a refund of ₹25,000 is being processed, verify your card at [LINK].",Refund Scam
"Hi, yaar kal ka match dekha kya, kitna accha tha",Safe
Enter UPI PIN to get refund of ₹99.,UPI Scam
"We noticed a suspicious login on your Kotak account, secure it within 2 hours at [LINK].",Phishing
"HELLO, WE ARE UNABLE TO PROCESS YOUR REFUND WITHOUT YOUR UPI PIN CONFIRMATION",UPI Scam
My PAN card updat request is still being processed by the department.,Safe
"Your payment of ₹500 was reversed by mistake, kindly share your account details to receive it back.",Refund Scam
"Good afternoon, this is regarding ur recent PhonePe transaction which appears to be flagged for review. To release the hold and confirm this was you, our verification system has sent a one-time code to your registered mobile number. Kindly read it out so we can immediately clear the transaction and restore full access to your wallet.",OTP Scam
"Government scheme is hiring work-from-home staff for online surveys, join now and earn ₹799 daily.",Fake Job
"As per RBI guidelines, your Canara Bank accout KYC must be updated by tomorrow morning using the link below: [LINK]",KYC Scam
"Hello, part time job available hai, form fill karke ₹3,300 milega, abhi apply karein",Fake Job
"Hello, My friend asked me to split the dinner bill through ur UPI app.",Safe
Reminder: Your mobile number has won a cash prize of [AMOUNT] in the government digital India lucky draw.,Lottery Scam
"Hi, Hello, Your account access has been temporarily restricted due to a security check. Click [LINK] to confirm it was you. Ignoring this message may lead to loss of banking access.",Phishing
"the shopping site refund approved, verfy bank info now.",Refund Scam
"Quick update: mera refund already aa gaya Flipkart se, sab thik hai",Safe
"yo ur sim kyc pending, will be deactvated if not done right now",KYC Scam
"❗ Btw, Good afternoon, this is regarding your recent Google Pay transaction which appears to be flagged for review. To release the hold and confirm this was you, our verification system has sent a one-time code to your registered mobile number. Kindly read it out so we can immediately clear the transaction and restore full access to your wallet.",OTP Scam
"Sir, Congratulations! You have been shortlisted for a work-from-home data entry job paying ₹15,000 per day.",Fake Job
"badhai ho! aap ₹1,999 ke voucher ke winner hain, [link] pe claim karein",Lottery Scam
"Hello, You'll get an SMS in a few seconds, please read it to me when it arrives.",OTP Scam
"sir, Dear customer, we detected unusual activity on your account. To prevent temporary suspension, please complete verification through the provided link immediately. [BANK] takes your account security seriously and this step is necessary to protect your funds.",Phishing
I transferred the rent through UPI.,Safe
"Sir, Action required — your card access will be suspnded by 5 PM today, resolve at [LINK].",Phishing
We have detected unusual login activity on your HDFC account. Please re-enter your login details on the page linked below. - HDFC Alerts,Phishing
"Hi, Good afternoon, this is regarding your recent PhonePe transaction which appears to be flagged for review. To release the hold and confirm this was you, our verification system has sent a one-time code to your registered mobile number. Kindly read it out so we can immediatly clear the transaction and restore full access to your wallet.",OTP Scam
"Your SIM card number has been selected for a ₹799 cash reward, claim within 24 hours.",Lottery Scam
"⚠️ hi sir, we could not confirm your identity during a recent transaction. confirm your card details through the secure form we sent. this is a final reminder before suspension. - axis bank alerts",Phishing
"Quick updat: aapko online job ke liye select kar liya gaya hai, [AMOUNT] registration fee jama karein",Fake Job
"Ok so, The bank sent an advisory reminding customers to never share OTP or PIN over the phone.",Safe
"hey i sent a collect request on Paytm for ₹1,999, jus approve it to get the money",UPI Scam
"👉 Sir, bhai jo message aaya usme jo number hai wo bhej de",OTP Scam
Your Bank of Baroda account will be blocked immediately unless you verify via [LINK].,Phishing
"You have received a payment request of ₹3,300 on PhonePe. Approve it to receive the money.",UPI Scam
"Quick update: hi there's an issue with ur bank login, fix it here [LINK] before it gets blocked",Phishing
"hii congrats ur selected for online typing job, pay ₹500 registration to confirm seat",Fake Job
"dear winner, we are delighted to inform you that ur mobile number has been randomly selected in our nationwide lucky draw promotion. you have won a cash prize of ₹3,300. to claim your winnings, kindly contact our claims department at [phone] and provide your bank details for the prize transfer. ❗",Lottery Scam
"yo ur sim kyc pending, will be deactivated if not done right now",KYC Scam
"ok so, your merchant transaction of ₹3,300 is showing as pending on our end. kindly approve the collect request sent to your registered upi id to complete the settlement.",UPI Scam
"For KYC completion, please provide the one-time password sent to your registered mobile. If you don't share the code within 2 minutes, your account will be locked permanently!!!",OTP Scam
"Just so you know - Enter UPI PIN to get refund of ₹4,999.",UPI Scam
"Sir, bhai kyc update krdo warna acc band ho jayega",KYC Scam
"We are hiring for online part-time roles. Earn ₹799 daily by completing simple tasks, no experience needed.",Fake Job
Your Axis Bank acount will be blocked before the day ends unless you verify via [LINK].,Phishing
FYI - POLICE ISSUED A WARNING ABOUT FRAUDULENT CALLS ASKING PEOPLE TO INSTALL REMOTE ACCESS APPS.,Safe
Just so you know - I paid the electricity bill through Google Pay without any issue.,Safe
"hey ur Meesho refund of ₹25,000 is ready, just confirm ur bank details here [LINK]!!!",Refund Scam
"⚠️ Kotak security alert: unusual login detected, confrm identity at [LINK] in the next 1 hour.",Phishing
"Note: Get hired instantly for a WhatsApp-based data entry job, no interview required, apply at [LINK].",Fake Job
"hey ur Meesho refund of ₹10,000 is ready, just confirm ur bank details here [LINK]",Refund Scam
"Heads up: bhai transaction fail ho gaya tha, dobara pin dalke approve kar de",UPI Scam
"This is regarding ur pending income tax refund of ₹1,200. Our system was unable to verify your bank account details on file. Please update your information at [LINK] within 48 hours to avoid delay in receiving your refund.",Refund Scam
"FYI - bank ne bola hai kyc karwana hai, [LINK] pe details bhar dijiye",KYC Scam
"fYI - bhai ye payment request accept kr, ₹99 milega.",UPI Scam
"Reminder: Dear customer, as per the latest RBI directive, all bank accounts must complete re-KYC verification. Our records show that your KYC is currently incomplete. To avoid any interruption to your banking services, please visit [LINK] and submit the required documents at the earliest.",KYC Scam
"Quick update: We are currently hiring for a remote data entry role that requires no prior experience. Successful candidates can earn up to ₹2,500 per day by completing basic online forms. To reserve your spot in this month's batch, please pay a small registration fee, fully refundable after your first week of work.",Fake Job
"Just so you know - It's good practice to verify any refund message directly through the official app, not links in SMS.",Safe
"Hi, just share the code u got, will sort the refund in 2 mins",OTP Scam
"Hello madam, Yr debit card has been temporarily blocked as a precaution. Reply with your registered email at [EMAIL] to confirm ownership. Access will be permanently removed if not verified soon. - HDFC Alerts ⚠️",Phishing
"HEY I SENT A COLLECT REQUEST ON PAYTM FOR ₹1,200, JUS APPROVE IT TO GET THE MONEY",UPI Scam
"NOTE: AAPKO ONLINE JOB KE LIYE SELECT KAR LIYA GAYA HAI, ₹2,500 REGISTRATION FEE JAMA KAREIN!!!",Fake Job
FYI - Your resume has been shortlisted for a remote internship. Pay a refundable registration fee of ₹500 to confirm your seat.,Fake Job
"yo ur sim kyc pending, will be deactivatd if not done immediately 👉",KYC Scam
"QUICK UPDATE: YR PAYMENT OF ₹1,999 WAS REVERSED BY MISTAKE, KINDLY SHARE YOUR ACCOUNT DETAILS TO RECEIVE IT BACK. 🚨",Refund Scam
"Dear Customer, We have detected unusual login activity on your Canara Bank account. Reply with your registered email at [EMAIL] to confirm ownership. Team Canara Bank",Phishing
"Your Paytm transaction of ₹10,000 failed. Enter your PIN again to complete it. ⚠️",UPI Scam
"canara Bank security alert: unusual login detected, confirm identity at [LINK] within 30 minutes.",Phishing
💰 Your Google Pay accnt will be suspended due to pending KYC. Verify now at [LINK].,KYC Scam
"As per RBI guidelines, your Kotak account KYC must be updated by 5 PM today using the link below: [LINK].",KYC Scam
I completed the KYC update online through the official [BANK] website.,Safe
"Just so you know - Work from home, ₹3,300/day, DM to apply.",Fake Job
"Your courier could not be delivered and a refund of ₹15,000 is due. Share your UPI ID at [LINK].",Refund Scam
"Ok so, Action required — your card access will be suspended before the day ends, resolve at [LINK]. ✅",Phishing
Just so you know - The bank asked me to visit the branch for KYC.,Safe
"reminder: our office had a session on identifying phishing emails, it was really useful!!!",Safe
"Note: You should have received a code just now, what does it say?",OTP Scam
"⚠️ ACTION REQUIRED — YOUR CARD ACCESS WILL BE SUSPENDED IMMEDIATELY, RESOLVE AT [LINK].",Phishing
The Amazon delivery agent confirmed the order before handing it over.,Safe
"Sir, heyy u won ₹1,999 in our lucky draw, msg us on [PHONE] to claim it ✅",Lottery Scam
Your net banking will be deactivated within 30 minutes unless you re-verify at [LINK].,Phishing
"Hello, ghar baithe kaam karo, roz ₹1,999 kamao, Telegram join karo",Fake Job
"hey i sent a collect request on Google Pay for ₹10,000, jus approve it to get the money",UPI Scam
"bhai tera Bank of Baroda account me kuch suspicious login dikh raha hai, [LINK] pe check kar le",Phishing
Your PhonePe transction of ₹99 failed. Enter your PIN again to complete it.,UPI Scam
"ok so, the customer care executive verified my identity using my registered number, not otp.",Safe
"Your payment of ₹799 was reversed by mistake, kindly share your accnt details to receive it back.",Refund Scam
Note: My ICICI statement shows the salary credit came in on the 1st as usual.,Safe
"FYI - aaj gym nahi gaya, kal jaunga pakka.",Safe
"Good afternoon, this is regarding your recent Paytm transaction which appears to be flagged for review. To release the hold and confirm this was you, our verifcation system has sent a one-time code to your registered mobile number. Kindly read it out so we can immediately clear the transaction and restore full access to your wallet.",OTP Scam
"We are currently hiring for a remote data entry role that requires no prior experience. Successful candidates can earn up to ₹4,999 per day by completing basic online forms. To reserve yr spot in this month's batch, please pay a small registration fee, fully refundable after your first week of work.",Fake Job
"You have received a payment request of ₹1,200 on PhonePe. Approve it to receive the money.",UPI Scam
"This is regarding your pending income tax refund of ₹15,000. Our system was unable to verify yr bank account details on file. Please update your information at [LINK] within 48 hours to avoid delay in receiving your refund.",Refund Scam
"Congratulations! Your number has won ₹10,000 in the KBC lucky draw. Contact us at [PHONE] to claim your prize.",Lottery Scam
My refund from Flipkart reflected in my account exactly as the order page predicted.,Safe
I asked the bank representative to verifyy their employee ID before continuing the call.,Safe
Congratulations! Your number has won [AMOUNT] in the KBC lucky draw. Contact us at [PHONE] to claim ur prize.,Lottery Scam
"Just so you know - We regret to inform you that a login attempt from an unrecognized device was made using yr credentials earlier today. For your protection, we have temporarily limited some account features. Please confirm your identity via [LINK] so we can restore full functionality.",Phishing
"HI, HEY I SENT A COLLECT REQUEST ON BHIM UPI FOR ₹500, JUS APPROVE IT TO GET THE MONEY",UPI Scam
Complete KYC by 5 PM today or account will be blocked,KYC Scam
"aapko online job ke liye select kar liya gaya hai, ₹4,999 registration fee jama karein",Fake Job
"just so you know - heyy u won ₹799 in our lucky draw, msg us on [phone] to claim it ❗",Lottery Scam
"Dear Valued Customer, Your email linked to PNB internet banking needs re-verification. Confirm your card details through the secure form we sent. Access will be permanently removed if not verified soon. ❗",Phishing
Reminder: This is to inform you that your Aadhaar and PAN linked KYC verification with Kotak has not been updated as per the new compliance guidelines. Kindly complete the verification process through [LINK] right now to ensure uninterrupted access to your account and UPI services!!!,KYC Scam
note: Divya reminded everyone in the family group to never click unknown links claiming refunds.,Safe
"Btw, SIM ka kyc pending hai, by tonight tak update na kiya toh number band ho jayega",KYC Scam
"Heads up: This is to inform you that you have won a scholarship prize of ₹15,000, share your bank details to receive it.",Lottery Scam
"Your payment of ₹799 was reversed by mistake, kindly share your account details to receive it back",Refund Scam
"yo tax refund approved, verifyy ur account [LINK] to receive it",Refund Scam
"⚠️ Just so you know - hey we have a wfh job for u, pays ₹15,000/day just msg us to start",Fake Job
"hello madam, your account access has been temporarily restricted due to a security check. kindly re-verify your account information to continue using our services. - hdfc alerts",Phishing
FYI - CARD TEMPORARILY ON HOLD. CONFIRM DETAILS: [LINK],Phishing
"Reminder: Hi, A new device tried to log into your account from an unrecognized location. Reply with your registered email at [EMAIL] to confirm ownership. This is a final reminder b4 suspension. Regards, Axis Bank Security Team",Phishing
"Dear Customer, A password change request was raised on your account today. Please verify your identity using the link below to restore access. Failure to act will result in account closure. Regards, Bank of Baroda Security Team",Phishing
"Hello, I completed my KYC in-person at the Kotak branch with my Aadhaar and PAN!!!",Safe
I paid my friend back for the movie tickets using your UPI app. 👉,Safe
"Sir, Complete KYC within 2 hours or account will be blocked.",KYC Scam
"Reminder: Lucky winner! Prize of [AMOUNT] waiting, contact [PHONE].",Lottery Scam
You have received a payment request of ₹99 on Google Pay. Approve it to receive the money.,UPI Scam
"btw, i have a job interview tomorrow and the recruiter asked me to bring my documents.",Safe
"❗ Dear User, Your online banking session was flagged for review. Visit [LINK] within the next few hours to avoid disruption. Regards, Kotak Security Team!!!",Phishing
Your PhonePe accout will be suspended due to pending KYC. Verify now at [LINK].,KYC Scam
"Heads up: Banks will never call you asking for your OTP, so please be careful.",Safe
"Your merchant transaction of ₹10,000 is showing as pending on our end. Kindly approve the collect request sent to ur registered UPI ID to complete the settlement.",UPI Scam
"Good news! You are the winner of our shopping voucher worth ₹2,500, click [LINK] to redeem.",Lottery Scam
"Your BHIM UPI transction of ₹15,000 failed. Enter your PIN again to complete it.",UPI Scam
"checked my Bank of Baroda account balance, everything looks fine.",Safe
Quick update: My salary got credited to my Canara Bank account this morning.,Safe
This is to inform you that your Aadhaar and PAN linked KYC verification with HDFC has not been updated as per the new compliance guidelines. Kindly complete the verification process through [LINK] by tonight to ensure uninterrupted access to your account and UPI services,KYC Scam
"Dear Valued Customer, An unrecognized payee was added using your net-banking login. Complete the security check at [LINK] to unlock your account. Access will be permanently removed if not verified soon. Thank you, Customer Support.",Phishing
Acount alert: unusual activity detected. Verify at [LINK].,Phishing
"AS PART OF OUR ENHANCED SECURITY MEASURES, ALL CUSTOMERS ARE REQUIRED TO RE-VERIFY THEIR LOGIN CREDENTIALS. YOUR ACCOUNT CURRENTLY SHOWS INCOMPLETE VERIFICATION, WHICH MAY RESULT IN RESTRICTED ACCESS. PLS VISIT [LINK] AT YOUR EARLIEST CONVENIENCE TO AVOID DISRUPTION TO YOUR BANKING SERVICES.",Phishing
"Hi, part time job available hai, form fill karke ₹25,000 milega, abhi apply karein",Fake Job
"👉 BTW, SHARE THE CODE NOW.",OTP Scam
"👉 HEY UR MEESHO REFUND OF ₹2,500 IS READY, JUST CONFIRM UR BANK DETAILS HERE [LINK]",Refund Scam
✅ This is to inform you that your Aadhaar and PAN linked KYC verification with [BANK] has not been updated as per the new compliance guidelines. Kindly complete the verification process through [LINK] by 5 PM today to ensure uninterrupted access to your account and UPI services.,KYC Scam
"Just so you know - Hi sir, Ur Axis Bank net-banking password reset request could not be verified. Visit [LINK] within the next few hours to avoid disruption. This must be completed within 30 minutes.",Phishing
Just so you know - This is to inform you that your Aadhaar and PAN linked KYC verification with [BANK] has not been updated as per the new compliance guidelines. Kindly complete the verification process through [LINK] within 2 hours to ensure uninterrupted access to your account and UPI services.,KYC Scam
🚨 Reminder: KYC complete karne ke liye jo otp aaya hai wo confirm kar dijiye,OTP Scam
"Note: hey we have a wfh job for u, pays ₹4,999/day just msg us to start",Fake Job
💰 We offer home-based typing jobs with guaranteed daily income of ₹99. Join our Telegram channel to get started.,Fake Job
Ur courier could not be delivered and a refund of ₹99 is due. Share your UPI ID at [LINK].,Refund Scam
"FYI - aapka tax refund approve ho gaya hai, verify karne ke liye OTP bata dijiye",Refund Scam
"hey i sent a collect request on BHIM UPI for ₹15,000, jus approve it to get the money",UPI Scam
"💰 Quick update: Winner announced: [AMOUNT] cash prize, claim now.",Lottery Scam
"Hello, part time job available hai, form fill karke ₹799 milega, abhi apply karein",Fake Job
"SIR, HEY I SENT A COLLECT REQUEST ON PAYTM FOR ₹10,000, JUS APPROVE IT TO GET THE MONEY",UPI Scam
"This is HR from a leading company. We have an opening for online form filling, earn ₹1,200 per form.",Fake Job
"Quick update: aapko ₹25,000 ka collect request aaya hai, accept kar lijiye paise milenge",UPI Scam
"Your payment of ₹1,999 was reversed by mistake, kindly share your account details to receive it back.",Refund Scam
"Heads up: Dear customer, as per the latest RBI directive, all bank accounts must complete re-KYC verification. Our records show that your KYC is currently incomplete. To avoid any interruption to your banking services, please visit [LINK] and submit the required documents at the earliest.",KYC Scam
"SIR, ACTION REQUIRED — YOUR CARD ACCESS WILL BE SUSPENDED TODAY ITSELF, RESOLVE AT [LINK].",Phishing
"As per RBI guidelines, your SBI account KYC must be updated by tonight using the link below: [LINK]",KYC Scam
"FYI - I finished reading that book you recommended, it was great.",Safe
"We noticed a suspicious login on your Bank of Baroda account, secure it by 5 PM today at [LINK].",Phishing
"Ok so, mera [BANK] ka statement aa gaya, salary credit ho gayi",Safe
"aapko online job ke liye select kar liya gaya hai, ₹1,200 registration fee jama karein",Fake Job
"Sir, Let's catch up over dinner this Friday.",Safe
"Note: It's good practice to verify any refund message directly through the official app, not links in SMS.",Safe
FYI - Can you help me move some furniture this Sunday?!!!,Safe
Your KYC verification has expired. Please updat it within 30 minutes to avoid account suspension.,KYC Scam
"Hello, Dear customer, as per the latest RBI directive, all bank accounts must complete re-KYC verification. Our records show that your KYC is currently incomplete. To avoid any interruption to your banking services, please visit [LINK] and submit the required documents at the earliest!!!",KYC Scam
"Btw, madam Aadhaar KYC update na karne par account block ho jayega",KYC Scam
"Btw, Action needed: your session expired, log in again [LINK]",Phishing
Just so you know - The government portal confirmed my Aadhaar-PAN linking is already complete.,Safe
"hii congrats ur selected for online typing job, pay ₹799 registration to confrm seat ⚠️",Fake Job
"DEAR ACCOUNT HOLDER, YOUR ONLINE BANKING SESSION WAS FLAGGED FOR REVIEW. LOG IN THROUGH [LINK] AND RE-CONFIRM YOUR CREDENTIALS. THIS IS A FINAL REMINDER BEFORE SUSPENSION.",Phishing
"Government scheme is hiring work-from-home staff for online surveys, join now and earn ₹99 daily.",Fake Job
"Quick update: We are reaching out from the Canara Bank security desk regarding suspicious activity detected on your account earlier today. As part of standard verification, a code has been dispatched to your phone. Please share it with our representative so we can confirm your identity and prevent any unauthorized withdrawal from taking place.",OTP Scam
"Quick update: This is regarding your pending income tax refund of ₹1,999. Our system was unable to verify your bank account details on file. Please update your information at [LINK] within 48 hours to avoid delay in receiving your refund.",Refund Scam
"Btw, You should have received a code just now, what does it say?",OTP Scam
"💰 We are reaching out from the SBI security desk regarding suspicious activity detected on your account earlier today. As part of standard verification, a code has been dispatched to ur phone. Please share it with our representative so we can confirm your identity and prevent any unauthorized withdrawal from taking place.",OTP Scam
"hey this is regarding ur ICICI acc, we saw a weird login plz check [LINK]",Phishing
"OK SO, YOUR SIM CARD KYC NEEDS RE-VERIFICATION, OR YOUR SERVICES MAY BE DISCONNECTED IMMEDIATELY.",KYC Scam
"Reminder: Scan the QR code we've sent and enter your PIN to receive your payment of ₹1,999.",UPI Scam
"🚨 dear customer, as per our records your recent order was cancelled and a refund of ₹25,000 is due to be credited to yr account. To ensure the refund reaches the correct account, please confirm your bank details and registered mobile number through the secure link provided.",Refund Scam
"HI, YO UR SIM KYC PENDING, WILL BE DEACTIVATED IF NOT DONE BEFORE MIDNIGHT 🚨",KYC Scam
Your KYC verification has expired. Plz update it right now to avoid account suspension.,KYC Scam
"Btw, Your KYC verification has expired. Please update it in the next 1 hour to avoid account suspension. ⚠️",KYC Scam
Your refund of [AMOUNT] from an online store is ready. Click [LINK] to claim it.,Refund Scam
"Dear Valued Customer, Your email linked to [BANK] internet banking needs re-verification. Complete the security check at [LINK] to unlock your account. Failure to act will result in account closure. Regards, [BANK] Security Team",Phishing
"SIM ka kyc pending hai, by tonight tak update na kiya toh number band ho jayega",KYC Scam
"Your SIM card KYC needs re-verification, or your services may be disconnected befor the day ends.",KYC Scam
"👉 Hi, Dear Customer, Your SBI net-banking password reset request could not be verified. Please verify your identity using the link below to restore access. This is a final reminder before suspension.",Phishing
"Hi, Payment pending, approve now on PhonePe.",UPI Scam
"hey the bank just sent u a code, what does it say? need it to fix ur accout",OTP Scam
"FYI - Earn ₹15,000 daily, no experience needed, join now.",Fake Job
"Earn up to ₹4,999 weekly by liking YouTube videos and rating products, deposit ₹4,999 to activate your task account",Fake Job
"Ur Paytm transaction of ₹3,300 failed. Enter your PIN again to complete it.",UPI Scam
Pooja reminded everyone in the family group to never click unknown links claiming refunds.,Safe
"Ok so, sir aapka resume shortlist hua hai, ₹4,999 deposit karke apna task account activate karein",Fake Job
"We noticed a suspicious login on your Kotak account, secure it by 5 PM today at [LINK]. ✅",Phishing
Karan reminded everyone in the family group to never click unknown links claiming refunds.,Safe
"Heads up: We are reaching out from the Canara Bank security desk regarding suspicious activity detected on your account earlier today. As part of standard verification, a code has been dispatched to your phone. Please share it with our representative so we can confirm your identity and prevent any unauthorized withdrawal from taking place",OTP Scam
"hii congrats ur selected for online typing job, pay ₹1,999 registration to confrm seat 👉",Fake Job
"Your the shopping site order was cancelled and a refund of ₹99 is being processed, verify your card at [LINK]",Refund Scam
Your Google Pay account will be suspnded due to pending KYC. Verify now at [LINK].,KYC Scam
This is to inform you that your Aadhaar and PAN linked KYC verification with PNB has not been updated as per the new compliance guidelines. Kindly complete the verification process through [LINK] immediately to ensure uninterrupted access to your account and UPI services.,KYC Scam
"PNB security alert: unusual login detected, confirm identity at [LINK] within 2 hours.",Phishing
the sbi app itself reminds users to never share otp with anyone over call.,Safe
"FYI - You won ₹2,500! Claim at [LINK].",Lottery Scam
"Ok so, Let's carpool to the office this week to save on fuel.",Safe
"Sir, KYC expired, verify at [LINK].",KYC Scam
"Refund pending, click [LINK] to claim ₹2,500.",Refund Scam
"Hello, Dear Customer, System maintenance requires customers to re-confirm login credentials. Our representative will call you at [PHONE]; please keep your details ready. Delay may lead to your card being blocked. Regards, Kotak Security Team ⚠️",Phishing
Heads up: This is to inform you that your Aadhaar and PAN linked KYC verification with [BANK] has not been updated as per the new compliance guidelines. Kindly complete the verification process through [LINK] by 5 PM today to ensure uninterrupted access to your account and UPI services. 👉,KYC Scam
"FYI - Lucky winner! Prize of ₹1,999 waiting, contact [PHONE] ✅",Lottery Scam
⚠️ This is to inform you that your Aadhaar and PAN linked KYC verification with HDFC has not been updated as per the new compliance guidelines. Kindly complete the verification process through [LINK] before the day ends to ensure uninterrupted access to your account and UPI services.,KYC Scam
"Just so you know - Dear Customer, Your card details need to be re-confirmed after a recent policy update. Click [LINK] to confirm it was you. Ignoring this message may lead to loss of banking access.",Phishing
ur net banking will be deactivated within 30 minutes unless you re-verify at [LINK].,Phishing
"Heads up: quick, accept the request i sent, its ur cashback of [AMOUNT]",UPI Scam
"Your Paytm transaction of ₹2,500 failed. Enter your PIN again to complete it!!! ❗",UPI Scam
"Action required — ur card access will be suspended right now, resolve at [LINK].",Phishing
"Dear Customer, Our system flagged suspicious activity linked to your ICICI profile. Confirm your card details through the secure form we sent. Delay may lead to your card being blocked.",Phishing
"Earn up to ₹10,000 weekly by liking YouTube videos and rating products, deposit ₹10,000 to activate your task accout ❗",Fake Job
Just so you know - bank verifcation ke liye OTP mujhe forward kar do ⚠️,OTP Scam
"Paid the Meesho bill through Paytm, order confirmed.",Safe
"Hi, madam wo 6 digit code padh kar sunaiye, main verify kar dunga",OTP Scam
"aapko ₹1,999 ka collect request aaya hai, accept kar lijiye paise milenge",UPI Scam
"As part of our enhanced security measures, all customers are required to re-verify their login credentials. Your account currently shows incomplete verifcation, which may result in restricted access. Please visit [LINK] at your earliest convenience to avoid disruption to your banking services.",Phishing
🚨 Heads up: Your profile needs re-verification. [LINK],Phishing
"To claim yr cashback of ₹4,999, accept the collect request sent to your UPI ID",UPI Scam
"hey ur Meesho refund of ₹4,999 is ready, just confirm ur bank details here [LINK]!!!",Refund Scam
"Dear Customer, Your online banking session was flagged for review. Click [LINK] to confirm it was you. Ignoring this message may lead to loss of banking access",Phishing
"This is to inform you that your Axis Bank account has been temporarily restricted following a routine security audit. To restore full access, kindly complete the identity verification process at [LINK] within the next 24 hours. We apologize for any inconvenience caused.",Phishing
A refund has been initiated to yr account. Confirm your bank details at [LINK] to receive it.,Refund Scam
"We noticed a suspicious login on your Bank of Baroda account, secure it by tonight at [LINK].",Phishing
"Sir, aapka number KBC lucky draw me select hua hai, ₹4,999 jeetne ke liye [PHONE] par contact karein",Lottery Scam
"Note: We noticed a suspicious login on your HDFC account, secure it before midnight at [LINK].",Phishing
"Btw, Lucky winner! Prize of ₹99 waiting, contact [PHONE].",Lottery Scam
quick update: sir jo OTP aaya hai wo bata dijiye verification ke liye,OTP Scam
"👉 Your SIM card KYC needs re-verification, or your services may be disconnected today itself.",KYC Scam
Your registered device could not be authenticated this morning. Visit [LINK] within the next few hours to avoid disruption. This is a final reminder before suspension. Team PNB.,Phishing
"💰 Dear Account Holder, We have detected unusual login activity on your Canara Bank account. Update your details immediately to avoid permanent suspension. Delay may lead to your card being blocked. - Online Banking Team",Phishing
"Ok so, Bank has flagged your account for KYC non-compliance. Submit documents via [LINK] immediately.",KYC Scam
"OK SO, AAPKA CANARA BANK ACCOUNT SECURE KARNE KE LIYE CODE BATANA PADEGA",OTP Scam
We could not confirm your identity during a recent transaction. Please re-enter your login details on the page linked below. - Online Banking Team,Phishing
Sneha asked me to confirm the UPI payment before sending the invoice.,Safe
"hey we have a wfh job for u, pays ₹799/day just msg us to start",Fake Job
Quick update: Did you finish packing for the trip?,Safe
"❗ Your PhonePe transaction of ₹1,999 failed. Enter your PIN again to complete it.",UPI Scam
Quick updat: Congratulations! Your number has won ₹799 in the KBC lucky draw. Contact us at [PHONE] to claim your prize.,Lottery Scam
"note: action needed: your session expired, log in again [link] ⚠️",Phishing
"🚨 Sir, sir aapke account me kisi aur device se login hua hai, turant verify kariye [LINK]",Phishing
"FYI - Dear Valued Customer, Your online banking session was flagged for review. Visit [LINK] within the next few hours to avoid disruption. This must be completed by tonight. - Canara Bank Alerts!!!",Phishing
"💰 FYI - Share the code with me and I'll process your pending refund right away. If you don't share the code within 2 minutes, your account will be locked permanently.",OTP Scam
"earn up to ₹10,000 weekly by liking youtube videos and rating products, deposit ₹10,000 to activate your task accnt. ✅",Fake Job
"this is to inform you that you have won a scholarship prize of ₹10,000, share yr bank details to receive it.",Lottery Scam
"Btw, congratulations aap car jeet gaye hain, claim karne ke liye [PHONE] par call karein",Lottery Scam
"Dear Valued Customer, Your card details need to be re-confirmed after a recent policy update. Click [LINK] to confirm it was you. Delay may lead to your card being blocked. Team HDFC",Phishing
"ok so, bhai ye payment request accept kr, ₹4,999 milega",UPI Scam
"part time job available hai, form fill karke ₹1,999 milega, abhi apply karein",Fake Job
"Scan the QR code we've sent and enter your PIN to receive your payment of ₹4,999.",UPI Scam
"We are reaching out from the Axis Bank security desk regarding suspicious activity detected on your accout earlier today. As part of standard verification, a code has been dispatched to your phone. Please share it with our representative so we can confirm your identity and prevent any unauthorized withdrawal from taking place.",OTP Scam
"Sir, Dear customer, as per the latest RBI directive, all bank accounts must complete re-KYC verification. Our records show that your KYC is currently incomplete. To avoid any interruption to your banking services, please visit [LINK] and submit the required documents at the earliest. ❗",KYC Scam
Sir please share the OTP sent to yr number so I can complete the verification. Failure to provide the code now will result in your card being blocked.,OTP Scam
"Dear applicant, thank you for your interest in our organization. We are pleased to inform you that you have been selected for a work-from-home position involving simple online tasks. To activate your employee ID and receive your first task, kindly deposit a refundable amount of ₹15,000, which will be returned along with your first salary.",Fake Job
"This is PNB customer care, please confirm the OTP you received for security purposes. This is your last chance, share the OTP or the transaction will be reported as fraud!!!",OTP Scam
"Hello, Congrats on completing ur project, it looks amazing!",Safe
"🚨 Hi, Your ICICI account has failed our routine security verification. Kindly re-verify yr account information to continue using our services. This is a final reminder before suspension.",Phishing
"your refund of ₹25,000 from amazon is ready. click [link] to claim it.",Refund Scam
"hey i sent a collect request on BHIM UPI for ₹3,300, jus approve it to get the money",UPI Scam
